2025-05-09 15:02:25,004 [Worker-4: Loading available Gradle versions] INFO  o.e.b.c.i.u.g.PublishedGradleVersions - Gradle version information cache is out-of-date. Trying to update.
2025-05-09 15:03:03,196 [Worker-2: Loading available Gradle versions] INFO  o.e.b.c.i.u.g.PublishedGradleVersions - Gradle version information cache is up-to-date. Trying to read.
2025-05-09 15:07:02,999 [Worker-1: Loading available Gradle versions] INFO  o.e.b.c.i.u.g.PublishedGradleVersions - Gradle version information cache is up-to-date. Trying to read.
2025-05-09 16:11:59,963 [Worker-5: Loading available Gradle versions] INFO  o.e.b.c.i.u.g.PublishedGradleVersions - Gradle version information cache is up-to-date. Trying to read.
2025-05-16 14:40:12,591 [Worker-15: Loading available Gradle versions] INFO  o.e.b.c.i.u.g.PublishedGradleVersions - Gradle version information cache is out-of-date. Trying to update.
2025-05-23 14:23:36,127 [Worker-12: Loading available Gradle versions] INFO  o.e.b.c.i.u.g.PublishedGradleVersions - Gradle version information cache is out-of-date. Trying to update.
2025-05-28 17:01:52,622 [Worker-5: Loading available Gradle versions] INFO  o.e.b.c.i.u.g.PublishedGradleVersions - Gradle version information cache is out-of-date. Trying to update.
2025-05-30 14:29:58,358 [Worker-6: Loading available Gradle versions] INFO  o.e.b.c.i.u.g.PublishedGradleVersions - Gradle version information cache is out-of-date. Trying to update.
2025-06-06 14:15:48,991 [Worker-1: Loading available Gradle versions] INFO  o.e.b.c.i.u.g.PublishedGradleVersions - Gradle version information cache is out-of-date. Trying to update.
2025-06-07 01:56:27,648 [Worker-14: Loading available Gradle versions] INFO  o.e.b.c.i.u.g.PublishedGradleVersions - Gradle version information cache is up-to-date. Trying to read.
2025-06-13 14:17:00,665 [Worker-7: Loading available Gradle versions] INFO  o.e.b.c.i.u.g.PublishedGradleVersions - Gradle version information cache is out-of-date. Trying to update.
2025-06-20 14:09:18,730 [Worker-11: Loading available Gradle versions] INFO  o.e.b.c.i.u.g.PublishedGradleVersions - Gradle version information cache is out-of-date. Trying to update.
2025-06-20 17:15:10,977 [Worker-7: Loading available Gradle versions] INFO  o.e.b.c.i.u.g.PublishedGradleVersions - Gradle version information cache is up-to-date. Trying to read.
2025-06-20 18:23:38,873 [Worker-7: Loading available Gradle versions] INFO  o.e.b.c.i.u.g.PublishedGradleVersions - Gradle version information cache is up-to-date. Trying to read.
2025-06-20 18:26:40,883 [Worker-2: Loading available Gradle versions] INFO  o.e.b.c.i.u.g.PublishedGradleVersions - Gradle version information cache is up-to-date. Trying to read.
2025-06-20 18:33:19,640 [Worker-0: Loading available Gradle versions] INFO  o.e.b.c.i.u.g.PublishedGradleVersions - Gradle version information cache is up-to-date. Trying to read.
2025-06-27 16:47:46,003 [Worker-9: Loading available Gradle versions] INFO  o.e.b.c.i.u.g.PublishedGradleVersions - Gradle version information cache is out-of-date. Trying to update.
2025-06-27 17:34:40,509 [Worker-3: Loading available Gradle versions] INFO  o.e.b.c.i.u.g.PublishedGradleVersions - Gradle version information cache is up-to-date. Trying to read.
2025-07-04 13:49:53,633 [Worker-2: Loading available Gradle versions] INFO  o.e.b.c.i.u.g.PublishedGradleVersions - Gradle version information cache is out-of-date. Trying to update.
2025-07-11 14:28:39,559 [Worker-10: Loading available Gradle versions] INFO  o.e.b.c.i.u.g.PublishedGradleVersions - Gradle version information cache is out-of-date. Trying to update.
2025-07-11 15:35:29,054 [Worker-12: Loading available Gradle versions] INFO  o.e.b.c.i.u.g.PublishedGradleVersions - Gradle version information cache is up-to-date. Trying to read.
2025-07-11 16:08:33,513 [Worker-10: Loading available Gradle versions] INFO  o.e.b.c.i.u.g.PublishedGradleVersions - Gradle version information cache is up-to-date. Trying to read.
2025-07-11 17:19:21,212 [Worker-9: Loading available Gradle versions] INFO  o.e.b.c.i.u.g.PublishedGradleVersions - Gradle version information cache is up-to-date. Trying to read.
2025-07-11 17:35:42,797 [Worker-6: Loading available Gradle versions] INFO  o.e.b.c.i.u.g.PublishedGradleVersions - Gradle version information cache is up-to-date. Trying to read.
2025-07-11 17:44:49,916 [Worker-8: Loading available Gradle versions] INFO  o.e.b.c.i.u.g.PublishedGradleVersions - Gradle version information cache is up-to-date. Trying to read.
2025-07-11 17:46:28,201 [Worker-10: Loading available Gradle versions] INFO  o.e.b.c.i.u.g.PublishedGradleVersions - Gradle version information cache is up-to-date. Trying to read.
2025-07-11 17:52:07,024 [Worker-8: Loading available Gradle versions] INFO  o.e.b.c.i.u.g.PublishedGradleVersions - Gradle version information cache is up-to-date. Trying to read.
2025-07-23 13:04:06,777 [Worker-5: Loading available Gradle versions] INFO  o.e.b.c.i.u.g.PublishedGradleVersions - Gradle version information cache is out-of-date. Trying to update.
2025-09-05 14:20:46,913 [Worker-13: Loading available Gradle versions] INFO  o.e.b.c.i.u.g.PublishedGradleVersions - Gradle version information cache is out-of-date. Trying to update.
2025-09-05 15:38:01,977 [Worker-10: Loading available Gradle versions] INFO  o.e.b.c.i.u.g.PublishedGradleVersions - Gradle version information cache is up-to-date. Trying to read.
2025-09-05 16:10:28,147 [Worker-0: Loading available Gradle versions] INFO  o.e.b.c.i.u.g.PublishedGradleVersions - Gradle version information cache is up-to-date. Trying to read.
2025-09-08 09:35:58,690 [Worker-1: Loading available Gradle versions] INFO  o.e.b.c.i.u.g.PublishedGradleVersions - Gradle version information cache is out-of-date. Trying to update.
2025-09-11 11:10:53,540 [Worker-11: Loading available Gradle versions] INFO  o.e.b.c.i.u.g.PublishedGradleVersions - Gradle version information cache is out-of-date. Trying to update.
2025-09-11 11:14:15,770 [Worker-10: ビルド] INFO  o.e.m.c.i.e.AbstractTransferListenerAdapter - Downloading https://repo.maven.apache.org/maven2/org/apache/maven/plugins/maven-clean-plugin/3.2.0/maven-clean-plugin-3.2.0.jar
2025-09-11 11:14:15,810 [Worker-10: ビルド] INFO  o.e.m.c.i.e.AbstractTransferListenerAdapter - Downloaded https://repo.maven.apache.org/maven2/org/apache/maven/plugins/maven-clean-plugin/3.2.0/maven-clean-plugin-3.2.0.jar
2025-09-11 11:14:15,861 [Worker-10: ビルド] INFO  o.e.m.c.i.e.AbstractTransferListenerAdapter - Downloading https://repo.maven.apache.org/maven2/org/apache/maven/plugins/maven-resources-plugin/3.3.1/maven-resources-plugin-3.3.1.jar
2025-09-11 11:14:15,883 [Worker-10: ビルド] INFO  o.e.m.c.i.e.AbstractTransferListenerAdapter - Downloaded https://repo.maven.apache.org/maven2/org/apache/maven/plugins/maven-resources-plugin/3.3.1/maven-resources-plugin-3.3.1.jar
2025-09-11 11:14:15,946 [Worker-10: ビルド] INFO  o.e.m.c.i.e.AbstractTransferListenerAdapter - Downloading https://repo.maven.apache.org/maven2/org/apache/maven/plugins/maven-compiler-plugin/3.13.0/maven-compiler-plugin-3.13.0.jar
2025-09-11 11:14:16,015 [Worker-10: ビルド] INFO  o.e.m.c.i.e.AbstractTransferListenerAdapter - Downloaded https://repo.maven.apache.org/maven2/org/apache/maven/plugins/maven-compiler-plugin/3.13.0/maven-compiler-plugin-3.13.0.jar
2025-09-11 11:14:16,077 [Worker-10: ビルド] INFO  o.e.m.c.i.e.AbstractTransferListenerAdapter - Downloading https://repo.maven.apache.org/maven2/org/apache/maven/plugins/maven-surefire-plugin/3.2.5/maven-surefire-plugin-3.2.5.jar
2025-09-11 11:14:16,093 [Worker-10: ビルド] INFO  o.e.m.c.i.e.AbstractTransferListenerAdapter - Downloaded https://repo.maven.apache.org/maven2/org/apache/maven/plugins/maven-surefire-plugin/3.2.5/maven-surefire-plugin-3.2.5.jar
2025-09-11 11:14:16,171 [Worker-10: ビルド] INFO  o.e.m.c.i.e.AbstractTransferListenerAdapter - Downloading https://repo.maven.apache.org/maven2/org/apache/maven/plugins/maven-war-plugin/3.2.3/maven-war-plugin-3.2.3.jar
2025-09-11 11:14:16,189 [Worker-10: ビルド] INFO  o.e.m.c.i.e.AbstractTransferListenerAdapter - Downloaded https://repo.maven.apache.org/maven2/org/apache/maven/plugins/maven-war-plugin/3.2.3/maven-war-plugin-3.2.3.jar
2025-09-11 11:14:16,245 [Worker-10: ビルド] INFO  o.e.m.c.i.e.AbstractTransferListenerAdapter - Downloading https://repo.maven.apache.org/maven2/org/apache/maven/plugins/maven-install-plugin/3.1.2/maven-install-plugin-3.1.2.jar
2025-09-11 11:14:16,255 [Worker-10: ビルド] INFO  o.e.m.c.i.e.AbstractTransferListenerAdapter - Downloaded https://repo.maven.apache.org/maven2/org/apache/maven/plugins/maven-install-plugin/3.1.2/maven-install-plugin-3.1.2.jar
2025-09-11 11:14:16,340 [Worker-10: ビルド] INFO  o.e.m.c.i.e.AbstractTransferListenerAdapter - Downloading https://repo.maven.apache.org/maven2/org/apache/maven/plugins/maven-deploy-plugin/3.1.2/maven-deploy-plugin-3.1.2.jar
2025-09-11 11:14:16,352 [Worker-10: ビルド] INFO  o.e.m.c.i.e.AbstractTransferListenerAdapter - Downloaded https://repo.maven.apache.org/maven2/org/apache/maven/plugins/maven-deploy-plugin/3.1.2/maven-deploy-plugin-3.1.2.jar
2025-09-11 11:14:16,427 [Worker-10: ビルド] INFO  o.e.m.c.i.e.AbstractTransferListenerAdapter - Downloading https://repo.maven.apache.org/maven2/org/apache/maven/plugins/maven-site-plugin/3.12.1/maven-site-plugin-3.12.1.jar
2025-09-11 11:14:16,445 [Worker-10: ビルド] INFO  o.e.m.c.i.e.AbstractTransferListenerAdapter - Downloaded https://repo.maven.apache.org/maven2/org/apache/maven/plugins/maven-site-plugin/3.12.1/maven-site-plugin-3.12.1.jar
2025-09-11 11:14:16,609 [Worker-10: ビルド] INFO  o.e.m.c.i.e.AbstractTransferListenerAdapter - Downloading https://repo.maven.apache.org/maven2/org/apache/maven/plugins/maven-compiler-plugin/3.13.0/maven-compiler-plugin-3.13.0.pom
2025-09-11 11:14:16,617 [Worker-10: ビルド] INFO  o.e.m.c.i.e.AbstractTransferListenerAdapter - Downloaded https://repo.maven.apache.org/maven2/org/apache/maven/plugins/maven-compiler-plugin/3.13.0/maven-compiler-plugin-3.13.0.pom
2025-09-11 11:14:16,697 [Worker-10: ビルド] INFO  o.e.m.c.i.e.AbstractTransferListenerAdapter - Downloading https://repo.maven.apache.org/maven2/org/apache/maven/plugins/maven-plugins/41/maven-plugins-41.pom
2025-09-11 11:14:16,702 [Worker-10: ビルド] INFO  o.e.m.c.i.e.AbstractTransferListenerAdapter - Downloaded https://repo.maven.apache.org/maven2/org/apache/maven/plugins/maven-plugins/41/maven-plugins-41.pom
2025-09-11 11:14:16,784 [Worker-10: ビルド] INFO  o.e.m.c.i.e.AbstractTransferListenerAdapter - Downloading https://repo.maven.apache.org/maven2/org/apache/maven/maven-parent/41/maven-parent-41.pom
2025-09-11 11:14:16,804 [Worker-10: ビルド] INFO  o.e.m.c.i.e.AbstractTransferListenerAdapter - Downloaded https://repo.maven.apache.org/maven2/org/apache/maven/maven-parent/41/maven-parent-41.pom
2025-09-11 11:14:16,861 [Worker-10: ビルド] INFO  o.e.m.c.i.e.AbstractTransferListenerAdapter - Downloading https://repo.maven.apache.org/maven2/org/apache/apache/31/apache-31.pom
2025-09-11 11:14:16,868 [Worker-10: ビルド] INFO  o.e.m.c.i.e.AbstractTransferListenerAdapter - Downloaded https://repo.maven.apache.org/maven2/org/apache/apache/31/apache-31.pom
2025-09-11 11:14:16,986 [Worker-10: ビルド] INFO  o.e.m.c.i.e.AbstractTransferListenerAdapter - Downloading https://repo.maven.apache.org/maven2/org/apache/maven/shared/maven-shared-utils/3.4.2/maven-shared-utils-3.4.2.pom
2025-09-11 11:14:17,022 [Worker-10: ビルド] INFO  o.e.m.c.i.e.AbstractTransferListenerAdapter - Downloaded https://repo.maven.apache.org/maven2/org/apache/maven/shared/maven-shared-utils/3.4.2/maven-shared-utils-3.4.2.pom
2025-09-11 11:14:17,076 [Worker-10: ビルド] INFO  o.e.m.c.i.e.AbstractTransferListenerAdapter - Downloading https://repo.maven.apache.org/maven2/org/apache/maven/shared/maven-shared-components/39/maven-shared-components-39.pom
2025-09-11 11:14:17,083 [Worker-10: ビルド] INFO  o.e.m.c.i.e.AbstractTransferListenerAdapter - Downloaded https://repo.maven.apache.org/maven2/org/apache/maven/shared/maven-shared-components/39/maven-shared-components-39.pom
2025-09-11 11:14:17,155 [Worker-10: ビルド] INFO  o.e.m.c.i.e.AbstractTransferListenerAdapter - Downloading https://repo.maven.apache.org/maven2/org/apache/maven/maven-parent/39/maven-parent-39.pom
2025-09-11 11:14:17,173 [Worker-10: ビルド] INFO  o.e.m.c.i.e.AbstractTransferListenerAdapter - Downloaded https://repo.maven.apache.org/maven2/org/apache/maven/maven-parent/39/maven-parent-39.pom
2025-09-11 11:14:17,236 [Worker-10: ビルド] INFO  o.e.m.c.i.e.AbstractTransferListenerAdapter - Downloading https://repo.maven.apache.org/maven2/org/apache/apache/29/apache-29.pom
2025-09-11 11:14:17,242 [Worker-10: ビルド] INFO  o.e.m.c.i.e.AbstractTransferListenerAdapter - Downloaded https://repo.maven.apache.org/maven2/org/apache/apache/29/apache-29.pom
2025-09-11 11:14:17,325 [Worker-10: ビルド] INFO  o.e.m.c.i.e.AbstractTransferListenerAdapter - Downloading https://repo.maven.apache.org/maven2/org/slf4j/slf4j-api/1.7.36/slf4j-api-1.7.36.pom
2025-09-11 11:14:17,330 [Worker-10: ビルド] INFO  o.e.m.c.i.e.AbstractTransferListenerAdapter - Downloaded https://repo.maven.apache.org/maven2/org/slf4j/slf4j-api/1.7.36/slf4j-api-1.7.36.pom
2025-09-11 11:14:17,389 [Worker-10: ビルド] INFO  o.e.m.c.i.e.AbstractTransferListenerAdapter - Downloading https://repo.maven.apache.org/maven2/org/slf4j/slf4j-parent/1.7.36/slf4j-parent-1.7.36.pom
2025-09-11 11:14:17,398 [Worker-10: ビルド] INFO  o.e.m.c.i.e.AbstractTransferListenerAdapter - Downloaded https://repo.maven.apache.org/maven2/org/slf4j/slf4j-parent/1.7.36/slf4j-parent-1.7.36.pom
2025-09-11 11:14:17,465 [Worker-10: ビルド] INFO  o.e.m.c.i.e.AbstractTransferListenerAdapter - Downloading https://repo.maven.apache.org/maven2/commons-io/commons-io/2.11.0/commons-io-2.11.0.pom
2025-09-11 11:14:17,473 [Worker-10: ビルド] INFO  o.e.m.c.i.e.AbstractTransferListenerAdapter - Downloaded https://repo.maven.apache.org/maven2/commons-io/commons-io/2.11.0/commons-io-2.11.0.pom
2025-09-11 11:14:17,557 [Worker-10: ビルド] INFO  o.e.m.c.i.e.AbstractTransferListenerAdapter - Downloading https://repo.maven.apache.org/maven2/org/apache/commons/commons-parent/52/commons-parent-52.pom
2025-09-11 11:14:17,596 [Worker-10: ビルド] INFO  o.e.m.c.i.e.AbstractTransferListenerAdapter - Downloaded https://repo.maven.apache.org/maven2/org/apache/commons/commons-parent/52/commons-parent-52.pom
2025-09-11 11:14:17,667 [Worker-10: ビルド] INFO  o.e.m.c.i.e.AbstractTransferListenerAdapter - Downloading https://repo.maven.apache.org/maven2/org/apache/apache/23/apache-23.pom
2025-09-11 11:14:17,676 [Worker-10: ビルド] INFO  o.e.m.c.i.e.AbstractTransferListenerAdapter - Downloaded https://repo.maven.apache.org/maven2/org/apache/apache/23/apache-23.pom
2025-09-11 11:14:17,766 [Worker-10: ビルド] INFO  o.e.m.c.i.e.AbstractTransferListenerAdapter - Downloading https://repo.maven.apache.org/maven2/org/junit/junit-bom/5.7.2/junit-bom-5.7.2.pom
2025-09-11 11:14:17,772 [Worker-10: ビルド] INFO  o.e.m.c.i.e.AbstractTransferListenerAdapter - Downloaded https://repo.maven.apache.org/maven2/org/junit/junit-bom/5.7.2/junit-bom-5.7.2.pom
2025-09-11 11:14:17,853 [Worker-10: ビルド] INFO  o.e.m.c.i.e.AbstractTransferListenerAdapter - Downloading https://repo.maven.apache.org/maven2/org/apache/maven/shared/maven-shared-incremental/1.1/maven-shared-incremental-1.1.pom
2025-09-11 11:14:17,859 [Worker-10: ビルド] INFO  o.e.m.c.i.e.AbstractTransferListenerAdapter - Downloaded https://repo.maven.apache.org/maven2/org/apache/maven/shared/maven-shared-incremental/1.1/maven-shared-incremental-1.1.pom
2025-09-11 11:14:17,961 [Worker-10: ビルド] INFO  o.e.m.c.i.e.AbstractTransferListenerAdapter - Downloading https://repo.maven.apache.org/maven2/org/apache/maven/shared/maven-shared-components/19/maven-shared-components-19.pom
2025-09-11 11:14:17,968 [Worker-10: ビルド] INFO  o.e.m.c.i.e.AbstractTransferListenerAdapter - Downloaded https://repo.maven.apache.org/maven2/org/apache/maven/shared/maven-shared-components/19/maven-shared-components-19.pom
2025-09-11 11:14:18,054 [Worker-10: ビルド] INFO  o.e.m.c.i.e.AbstractTransferListenerAdapter - Downloading https://repo.maven.apache.org/maven2/org/apache/maven/maven-parent/23/maven-parent-23.pom
2025-09-11 11:14:18,070 [Worker-10: ビルド] INFO  o.e.m.c.i.e.AbstractTransferListenerAdapter - Downloaded https://repo.maven.apache.org/maven2/org/apache/maven/maven-parent/23/maven-parent-23.pom
2025-09-11 11:14:18,121 [Worker-10: ビルド] INFO  o.e.m.c.i.e.AbstractTransferListenerAdapter - Downloading https://repo.maven.apache.org/maven2/org/apache/apache/13/apache-13.pom
2025-09-11 11:14:18,130 [Worker-10: ビルド] INFO  o.e.m.c.i.e.AbstractTransferListenerAdapter - Downloaded https://repo.maven.apache.org/maven2/org/apache/apache/13/apache-13.pom
2025-09-11 11:14:18,199 [Worker-10: ビルド] INFO  o.e.m.c.i.e.AbstractTransferListenerAdapter - Downloading https://repo.maven.apache.org/maven2/org/codehaus/plexus/plexus-java/1.2.0/plexus-java-1.2.0.pom
2025-09-11 11:14:18,207 [Worker-10: ビルド] INFO  o.e.m.c.i.e.AbstractTransferListenerAdapter - Downloaded https://repo.maven.apache.org/maven2/org/codehaus/plexus/plexus-java/1.2.0/plexus-java-1.2.0.pom
2025-09-11 11:14:18,269 [Worker-10: ビルド] INFO  o.e.m.c.i.e.AbstractTransferListenerAdapter - Downloading https://repo.maven.apache.org/maven2/org/codehaus/plexus/plexus-languages/1.2.0/plexus-languages-1.2.0.pom
2025-09-11 11:14:18,274 [Worker-10: ビルド] INFO  o.e.m.c.i.e.AbstractTransferListenerAdapter - Downloaded https://repo.maven.apache.org/maven2/org/codehaus/plexus/plexus-languages/1.2.0/plexus-languages-1.2.0.pom
2025-09-11 11:14:18,334 [Worker-10: ビルド] INFO  o.e.m.c.i.e.AbstractTransferListenerAdapter - Downloading https://repo.maven.apache.org/maven2/org/codehaus/plexus/plexus/15/plexus-15.pom
2025-09-11 11:14:18,344 [Worker-10: ビルド] INFO  o.e.m.c.i.e.AbstractTransferListenerAdapter - Downloaded https://repo.maven.apache.org/maven2/org/codehaus/plexus/plexus/15/plexus-15.pom
2025-09-11 11:14:18,401 [Worker-10: ビルド] INFO  o.e.m.c.i.e.AbstractTransferListenerAdapter - Downloading https://repo.maven.apache.org/maven2/org/junit/junit-bom/5.10.0/junit-bom-5.10.0.pom
2025-09-11 11:14:18,407 [Worker-10: ビルド] INFO  o.e.m.c.i.e.AbstractTransferListenerAdapter - Downloaded https://repo.maven.apache.org/maven2/org/junit/junit-bom/5.10.0/junit-bom-5.10.0.pom
2025-09-11 11:14:18,476 [Worker-10: ビルド] INFO  o.e.m.c.i.e.AbstractTransferListenerAdapter - Downloading https://repo.maven.apache.org/maven2/org/ow2/asm/asm/9.6/asm-9.6.pom
2025-09-11 11:14:18,481 [Worker-10: ビルド] INFO  o.e.m.c.i.e.AbstractTransferListenerAdapter - Downloaded https://repo.maven.apache.org/maven2/org/ow2/asm/asm/9.6/asm-9.6.pom
2025-09-11 11:14:18,557 [Worker-10: ビルド] INFO  o.e.m.c.i.e.AbstractTransferListenerAdapter - Downloading https://repo.maven.apache.org/maven2/org/ow2/ow2/1.5.1/ow2-1.5.1.pom
2025-09-11 11:14:18,564 [Worker-10: ビルド] INFO  o.e.m.c.i.e.AbstractTransferListenerAdapter - Downloaded https://repo.maven.apache.org/maven2/org/ow2/ow2/1.5.1/ow2-1.5.1.pom
2025-09-11 11:14:18,627 [Worker-10: ビルド] INFO  o.e.m.c.i.e.AbstractTransferListenerAdapter - Downloading https://repo.maven.apache.org/maven2/com/thoughtworks/qdox/qdox/2.0.3/qdox-2.0.3.pom
2025-09-11 11:14:18,643 [Worker-10: ビルド] INFO  o.e.m.c.i.e.AbstractTransferListenerAdapter - Downloaded https://repo.maven.apache.org/maven2/com/thoughtworks/qdox/qdox/2.0.3/qdox-2.0.3.pom
2025-09-11 11:14:18,707 [Worker-10: ビルド] INFO  o.e.m.c.i.e.AbstractTransferListenerAdapter - Downloading https://repo.maven.apache.org/maven2/org/sonatype/oss/oss-parent/9/oss-parent-9.pom
2025-09-11 11:14:18,713 [Worker-10: ビルド] INFO  o.e.m.c.i.e.AbstractTransferListenerAdapter - Downloaded https://repo.maven.apache.org/maven2/org/sonatype/oss/oss-parent/9/oss-parent-9.pom
2025-09-11 11:14:18,783 [Worker-10: ビルド] INFO  o.e.m.c.i.e.AbstractTransferListenerAdapter - Downloading https://repo.maven.apache.org/maven2/org/codehaus/plexus/plexus-compiler-api/2.15.0/plexus-compiler-api-2.15.0.pom
2025-09-11 11:14:18,790 [Worker-10: ビルド] INFO  o.e.m.c.i.e.AbstractTransferListenerAdapter - Downloaded https://repo.maven.apache.org/maven2/org/codehaus/plexus/plexus-compiler-api/2.15.0/plexus-compiler-api-2.15.0.pom
2025-09-11 11:14:18,855 [Worker-10: ビルド] INFO  o.e.m.c.i.e.AbstractTransferListenerAdapter - Downloading https://repo.maven.apache.org/maven2/org/codehaus/plexus/plexus-compiler/2.15.0/plexus-compiler-2.15.0.pom
2025-09-11 11:14:18,871 [Worker-10: ビルド] INFO  o.e.m.c.i.e.AbstractTransferListenerAdapter - Downloaded https://repo.maven.apache.org/maven2/org/codehaus/plexus/plexus-compiler/2.15.0/plexus-compiler-2.15.0.pom
2025-09-11 11:14:18,942 [Worker-10: ビルド] INFO  o.e.m.c.i.e.AbstractTransferListenerAdapter - Downloading https://repo.maven.apache.org/maven2/org/codehaus/plexus/plexus/17/plexus-17.pom
2025-09-11 11:14:18,953 [Worker-10: ビルド] INFO  o.e.m.c.i.e.AbstractTransferListenerAdapter - Downloaded https://repo.maven.apache.org/maven2/org/codehaus/plexus/plexus/17/plexus-17.pom
2025-09-11 11:14:19,018 [Worker-10: ビルド] INFO  o.e.m.c.i.e.AbstractTransferListenerAdapter - Downloading https://repo.maven.apache.org/maven2/org/junit/junit-bom/5.10.2/junit-bom-5.10.2.pom
2025-09-11 11:14:19,026 [Worker-10: ビルド] INFO  o.e.m.c.i.e.AbstractTransferListenerAdapter - Downloaded https://repo.maven.apache.org/maven2/org/junit/junit-bom/5.10.2/junit-bom-5.10.2.pom
2025-09-11 11:14:19,109 [Worker-10: ビルド] INFO  o.e.m.c.i.e.AbstractTransferListenerAdapter - Downloading https://repo.maven.apache.org/maven2/org/codehaus/plexus/plexus-utils/4.0.0/plexus-utils-4.0.0.pom
2025-09-11 11:14:19,115 [Worker-10: ビルド] INFO  o.e.m.c.i.e.AbstractTransferListenerAdapter - Downloaded https://repo.maven.apache.org/maven2/org/codehaus/plexus/plexus-utils/4.0.0/plexus-utils-4.0.0.pom
2025-09-11 11:14:19,178 [Worker-10: ビルド] INFO  o.e.m.c.i.e.AbstractTransferListenerAdapter - Downloading https://repo.maven.apache.org/maven2/org/codehaus/plexus/plexus/13/plexus-13.pom
2025-09-11 11:14:19,193 [Worker-10: ビルド] INFO  o.e.m.c.i.e.AbstractTransferListenerAdapter - Downloaded https://repo.maven.apache.org/maven2/org/codehaus/plexus/plexus/13/plexus-13.pom
2025-09-11 11:14:19,261 [Worker-10: ビルド] INFO  o.e.m.c.i.e.AbstractTransferListenerAdapter - Downloading https://repo.maven.apache.org/maven2/org/junit/junit-bom/5.9.3/junit-bom-5.9.3.pom
2025-09-11 11:14:19,266 [Worker-10: ビルド] INFO  o.e.m.c.i.e.AbstractTransferListenerAdapter - Downloaded https://repo.maven.apache.org/maven2/org/junit/junit-bom/5.9.3/junit-bom-5.9.3.pom
2025-09-11 11:14:19,345 [Worker-10: ビルド] INFO  o.e.m.c.i.e.AbstractTransferListenerAdapter - Downloading https://repo.maven.apache.org/maven2/org/codehaus/plexus/plexus-compiler-manager/2.15.0/plexus-compiler-manager-2.15.0.pom
2025-09-11 11:14:19,349 [Worker-10: ビルド] INFO  o.e.m.c.i.e.AbstractTransferListenerAdapter - Downloaded https://repo.maven.apache.org/maven2/org/codehaus/plexus/plexus-compiler-manager/2.15.0/plexus-compiler-manager-2.15.0.pom
2025-09-11 11:14:19,400 [Worker-10: ビルド] INFO  o.e.m.c.i.e.AbstractTransferListenerAdapter - Downloading https://repo.maven.apache.org/maven2/javax/inject/javax.inject/1/javax.inject-1.pom
2025-09-11 11:14:19,406 [Worker-10: ビルド] INFO  o.e.m.c.i.e.AbstractTransferListenerAdapter - Downloaded https://repo.maven.apache.org/maven2/javax/inject/javax.inject/1/javax.inject-1.pom
2025-09-11 11:14:19,482 [Worker-10: ビルド] INFO  o.e.m.c.i.e.AbstractTransferListenerAdapter - Downloading https://repo.maven.apache.org/maven2/org/codehaus/plexus/plexus-xml/3.0.0/plexus-xml-3.0.0.pom
2025-09-11 11:14:19,485 [Worker-10: ビルド] INFO  o.e.m.c.i.e.AbstractTransferListenerAdapter - Downloaded https://repo.maven.apache.org/maven2/org/codehaus/plexus/plexus-xml/3.0.0/plexus-xml-3.0.0.pom
2025-09-11 11:14:19,550 [Worker-10: ビルド] INFO  o.e.m.c.i.e.AbstractTransferListenerAdapter - Downloading https://repo.maven.apache.org/maven2/org/codehaus/plexus/plexus-compiler-javac/2.15.0/plexus-compiler-javac-2.15.0.pom
2025-09-11 11:14:19,555 [Worker-10: ビルド] INFO  o.e.m.c.i.e.AbstractTransferListenerAdapter - Downloaded https://repo.maven.apache.org/maven2/org/codehaus/plexus/plexus-compiler-javac/2.15.0/plexus-compiler-javac-2.15.0.pom
2025-09-11 11:14:19,617 [Worker-10: ビルド] INFO  o.e.m.c.i.e.AbstractTransferListenerAdapter - Downloading https://repo.maven.apache.org/maven2/org/codehaus/plexus/plexus-compilers/2.15.0/plexus-compilers-2.15.0.pom
2025-09-11 11:14:19,622 [Worker-10: ビルド] INFO  o.e.m.c.i.e.AbstractTransferListenerAdapter - Downloaded https://repo.maven.apache.org/maven2/org/codehaus/plexus/plexus-compilers/2.15.0/plexus-compilers-2.15.0.pom
2025-09-11 11:14:19,697 [Worker-10: ビルド] INFO  o.e.m.c.i.e.AbstractTransferListenerAdapter - Downloading https://repo.maven.apache.org/maven2/org/apache/maven/shared/maven-shared-utils/3.4.2/maven-shared-utils-3.4.2.jar
2025-09-11 11:14:19,747 [Worker-10: ビルド] INFO  o.e.m.c.i.e.AbstractTransferListenerAdapter - Downloaded https://repo.maven.apache.org/maven2/org/apache/maven/shared/maven-shared-utils/3.4.2/maven-shared-utils-3.4.2.jar
2025-09-11 11:14:19,832 [BasicRepositoryConnector-repo.maven.apache.org-0-1] INFO  o.e.m.c.i.e.AbstractTransferListenerAdapter - Downloading https://repo.maven.apache.org/maven2/commons-io/commons-io/2.11.0/commons-io-2.11.0.jar
2025-09-11 11:14:19,948 [BasicRepositoryConnector-repo.maven.apache.org-0-3] INFO  o.e.m.c.i.e.AbstractTransferListenerAdapter - Downloading https://repo.maven.apache.org/maven2/org/codehaus/plexus/plexus-java/1.2.0/plexus-java-1.2.0.jar
2025-09-11 11:14:19,948 [BasicRepositoryConnector-repo.maven.apache.org-0-2] INFO  o.e.m.c.i.e.AbstractTransferListenerAdapter - Downloading https://repo.maven.apache.org/maven2/org/apache/maven/shared/maven-shared-incremental/1.1/maven-shared-incremental-1.1.jar
2025-09-11 11:14:19,948 [BasicRepositoryConnector-repo.maven.apache.org-0-4] INFO  o.e.m.c.i.e.AbstractTransferListenerAdapter - Downloading https://repo.maven.apache.org/maven2/org/ow2/asm/asm/9.6/asm-9.6.jar
2025-09-11 11:14:19,949 [BasicRepositoryConnector-repo.maven.apache.org-0-0] INFO  o.e.m.c.i.e.AbstractTransferListenerAdapter - Downloading https://repo.maven.apache.org/maven2/org/slf4j/slf4j-api/1.7.36/slf4j-api-1.7.36.jar
2025-09-11 11:14:19,956 [BasicRepositoryConnector-repo.maven.apache.org-0-1] INFO  o.e.m.c.i.e.AbstractTransferListenerAdapter - Downloaded https://repo.maven.apache.org/maven2/commons-io/commons-io/2.11.0/commons-io-2.11.0.jar
2025-09-11 11:14:19,957 [BasicRepositoryConnector-repo.maven.apache.org-0-2] INFO  o.e.m.c.i.e.AbstractTransferListenerAdapter - Downloaded https://repo.maven.apache.org/maven2/org/apache/maven/shared/maven-shared-incremental/1.1/maven-shared-incremental-1.1.jar
2025-09-11 11:14:20,024 [BasicRepositoryConnector-repo.maven.apache.org-0-2] INFO  o.e.m.c.i.e.AbstractTransferListenerAdapter - Downloading https://repo.maven.apache.org/maven2/org/codehaus/plexus/plexus-compiler-api/2.15.0/plexus-compiler-api-2.15.0.jar
2025-09-11 11:14:20,024 [BasicRepositoryConnector-repo.maven.apache.org-0-1] INFO  o.e.m.c.i.e.AbstractTransferListenerAdapter - Downloading https://repo.maven.apache.org/maven2/com/thoughtworks/qdox/qdox/2.0.3/qdox-2.0.3.jar
2025-09-11 11:14:20,029 [BasicRepositoryConnector-repo.maven.apache.org-0-0] INFO  o.e.m.c.i.e.AbstractTransferListenerAdapter - Downloaded https://repo.maven.apache.org/maven2/org/slf4j/slf4j-api/1.7.36/slf4j-api-1.7.36.jar
2025-09-11 11:14:20,031 [BasicRepositoryConnector-repo.maven.apache.org-0-2] INFO  o.e.m.c.i.e.AbstractTransferListenerAdapter - Downloaded https://repo.maven.apache.org/maven2/org/codehaus/plexus/plexus-compiler-api/2.15.0/plexus-compiler-api-2.15.0.jar
2025-09-11 11:14:20,031 [BasicRepositoryConnector-repo.maven.apache.org-0-3] INFO  o.e.m.c.i.e.AbstractTransferListenerAdapter - Downloaded https://repo.maven.apache.org/maven2/org/codehaus/plexus/plexus-java/1.2.0/plexus-java-1.2.0.jar
2025-09-11 11:14:20,060 [BasicRepositoryConnector-repo.maven.apache.org-0-4] INFO  o.e.m.c.i.e.AbstractTransferListenerAdapter - Downloaded https://repo.maven.apache.org/maven2/org/ow2/asm/asm/9.6/asm-9.6.jar
2025-09-11 11:14:20,076 [BasicRepositoryConnector-repo.maven.apache.org-0-0] INFO  o.e.m.c.i.e.AbstractTransferListenerAdapter - Downloading https://repo.maven.apache.org/maven2/org/codehaus/plexus/plexus-compiler-manager/2.15.0/plexus-compiler-manager-2.15.0.jar
2025-09-11 11:14:20,077 [BasicRepositoryConnector-repo.maven.apache.org-0-2] INFO  o.e.m.c.i.e.AbstractTransferListenerAdapter - Downloading https://repo.maven.apache.org/maven2/javax/inject/javax.inject/1/javax.inject-1.jar
2025-09-11 11:14:20,082 [BasicRepositoryConnector-repo.maven.apache.org-0-3] INFO  o.e.m.c.i.e.AbstractTransferListenerAdapter - Downloading https://repo.maven.apache.org/maven2/org/codehaus/plexus/plexus-xml/3.0.0/plexus-xml-3.0.0.jar
2025-09-11 11:14:20,083 [BasicRepositoryConnector-repo.maven.apache.org-0-0] INFO  o.e.m.c.i.e.AbstractTransferListenerAdapter - Downloaded https://repo.maven.apache.org/maven2/org/codehaus/plexus/plexus-compiler-manager/2.15.0/plexus-compiler-manager-2.15.0.jar
2025-09-11 11:14:20,086 [BasicRepositoryConnector-repo.maven.apache.org-0-2] INFO  o.e.m.c.i.e.AbstractTransferListenerAdapter - Downloaded https://repo.maven.apache.org/maven2/javax/inject/javax.inject/1/javax.inject-1.jar
2025-09-11 11:14:20,155 [BasicRepositoryConnector-repo.maven.apache.org-0-4] INFO  o.e.m.c.i.e.AbstractTransferListenerAdapter - Downloading https://repo.maven.apache.org/maven2/org/codehaus/plexus/plexus-compiler-javac/2.15.0/plexus-compiler-javac-2.15.0.jar
2025-09-11 11:14:20,163 [BasicRepositoryConnector-repo.maven.apache.org-0-0] INFO  o.e.m.c.i.e.AbstractTransferListenerAdapter - Downloading https://repo.maven.apache.org/maven2/org/codehaus/plexus/plexus-utils/4.0.0/plexus-utils-4.0.0.jar
2025-09-11 11:14:20,168 [BasicRepositoryConnector-repo.maven.apache.org-0-3] INFO  o.e.m.c.i.e.AbstractTransferListenerAdapter - Downloaded https://repo.maven.apache.org/maven2/org/codehaus/plexus/plexus-xml/3.0.0/plexus-xml-3.0.0.jar
2025-09-11 11:14:20,169 [BasicRepositoryConnector-repo.maven.apache.org-0-4] INFO  o.e.m.c.i.e.AbstractTransferListenerAdapter - Downloaded https://repo.maven.apache.org/maven2/org/codehaus/plexus/plexus-compiler-javac/2.15.0/plexus-compiler-javac-2.15.0.jar
2025-09-11 11:14:20,281 [BasicRepositoryConnector-repo.maven.apache.org-0-1] INFO  o.e.m.c.i.e.AbstractTransferListenerAdapter - Downloaded https://repo.maven.apache.org/maven2/com/thoughtworks/qdox/qdox/2.0.3/qdox-2.0.3.jar
2025-09-11 11:14:20,312 [BasicRepositoryConnector-repo.maven.apache.org-0-0] INFO  o.e.m.c.i.e.AbstractTransferListenerAdapter - Downloaded https://repo.maven.apache.org/maven2/org/codehaus/plexus/plexus-utils/4.0.0/plexus-utils-4.0.0.jar
2025-09-11 11:14:20,526 [Worker-10: ビルド] INFO  o.e.m.c.i.l.LifecycleMappingFactory - Using org.maven.ide.eclipse.wtp.WarLifecycleMapping lifecycle mapping for MavenProject: com.example:IH13AXX_JV31_29_05:1.0-SNAPSHOT @ C:\pleiades\2024-12\workspace\IH13A06_JV31_29_05\pom.xml.
2025-09-11 11:14:20,586 [Worker-10: ビルド] INFO  o.e.m.c.i.e.AbstractTransferListenerAdapter - Downloading https://repo.maven.apache.org/maven2/com/mysql/mysql-connector-j/9.4.0/mysql-connector-j-9.4.0.pom
2025-09-11 11:14:20,590 [Worker-10: ビルド] INFO  o.e.m.c.i.e.AbstractTransferListenerAdapter - Downloaded https://repo.maven.apache.org/maven2/com/mysql/mysql-connector-j/9.4.0/mysql-connector-j-9.4.0.pom
2025-09-11 11:14:20,648 [Worker-10: ビルド] INFO  o.e.m.c.i.e.AbstractTransferListenerAdapter - Downloading https://repo.maven.apache.org/maven2/com/google/protobuf/protobuf-java/4.31.1/protobuf-java-4.31.1.pom
2025-09-11 11:14:20,653 [Worker-10: ビルド] INFO  o.e.m.c.i.e.AbstractTransferListenerAdapter - Downloaded https://repo.maven.apache.org/maven2/com/google/protobuf/protobuf-java/4.31.1/protobuf-java-4.31.1.pom
2025-09-11 11:14:20,730 [Worker-10: ビルド] INFO  o.e.m.c.i.e.AbstractTransferListenerAdapter - Downloading https://repo.maven.apache.org/maven2/com/google/protobuf/protobuf-parent/4.31.1/protobuf-parent-4.31.1.pom
2025-09-11 11:14:20,735 [Worker-10: ビルド] INFO  o.e.m.c.i.e.AbstractTransferListenerAdapter - Downloaded https://repo.maven.apache.org/maven2/com/google/protobuf/protobuf-parent/4.31.1/protobuf-parent-4.31.1.pom
2025-09-11 11:14:20,817 [Worker-10: ビルド] INFO  o.e.m.c.i.e.AbstractTransferListenerAdapter - Downloading https://repo.maven.apache.org/maven2/com/google/protobuf/protobuf-bom/4.31.1/protobuf-bom-4.31.1.pom
2025-09-11 11:14:20,823 [Worker-10: ビルド] INFO  o.e.m.c.i.e.AbstractTransferListenerAdapter - Downloaded https://repo.maven.apache.org/maven2/com/google/protobuf/protobuf-bom/4.31.1/protobuf-bom-4.31.1.pom
2025-09-11 11:14:20,888 [Worker-10: ビルド] INFO  o.e.m.c.i.e.AbstractTransferListenerAdapter - Downloading https://repo.maven.apache.org/maven2/jakarta/persistence/jakarta.persistence-api/3.1.0/jakarta.persistence-api-3.1.0.pom
2025-09-11 11:14:20,899 [Worker-10: ビルド] INFO  o.e.m.c.i.e.AbstractTransferListenerAdapter - Downloaded https://repo.maven.apache.org/maven2/jakarta/persistence/jakarta.persistence-api/3.1.0/jakarta.persistence-api-3.1.0.pom
2025-09-11 11:14:20,957 [Worker-10: ビルド] INFO  o.e.m.c.i.e.AbstractTransferListenerAdapter - Downloading https://repo.maven.apache.org/maven2/org/eclipse/ee4j/project/1.0.7/project-1.0.7.pom
2025-09-11 11:14:20,963 [Worker-10: ビルド] INFO  o.e.m.c.i.e.AbstractTransferListenerAdapter - Downloaded https://repo.maven.apache.org/maven2/org/eclipse/ee4j/project/1.0.7/project-1.0.7.pom
2025-09-11 11:14:21,032 [Worker-10: ビルド] INFO  o.e.m.c.i.e.AbstractTransferListenerAdapter - Downloading https://repo.maven.apache.org/maven2/org/hibernate/orm/hibernate-core/6.4.4.Final/hibernate-core-6.4.4.Final.pom
2025-09-11 11:14:21,037 [Worker-10: ビルド] INFO  o.e.m.c.i.e.AbstractTransferListenerAdapter - Downloaded https://repo.maven.apache.org/maven2/org/hibernate/orm/hibernate-core/6.4.4.Final/hibernate-core-6.4.4.Final.pom
2025-09-11 11:14:21,106 [Worker-10: ビルド] INFO  o.e.m.c.i.e.AbstractTransferListenerAdapter - Downloading https://repo.maven.apache.org/maven2/jakarta/transaction/jakarta.transaction-api/2.0.1/jakarta.transaction-api-2.0.1.pom
2025-09-11 11:14:21,117 [Worker-10: ビルド] INFO  o.e.m.c.i.e.AbstractTransferListenerAdapter - Downloaded https://repo.maven.apache.org/maven2/jakarta/transaction/jakarta.transaction-api/2.0.1/jakarta.transaction-api-2.0.1.pom
2025-09-11 11:14:21,204 [Worker-10: ビルド] INFO  o.e.m.c.i.e.AbstractTransferListenerAdapter - Downloading https://repo.maven.apache.org/maven2/org/eclipse/ee4j/project/1.0.6/project-1.0.6.pom
2025-09-11 11:14:21,218 [Worker-10: ビルド] INFO  o.e.m.c.i.e.AbstractTransferListenerAdapter - Downloaded https://repo.maven.apache.org/maven2/org/eclipse/ee4j/project/1.0.6/project-1.0.6.pom
2025-09-11 11:14:21,325 [Worker-10: ビルド] INFO  o.e.m.c.i.e.AbstractTransferListenerAdapter - Downloading https://repo.maven.apache.org/maven2/org/jboss/logging/jboss-logging/3.5.0.Final/jboss-logging-3.5.0.Final.pom
2025-09-11 11:14:21,338 [Worker-10: ビルド] INFO  o.e.m.c.i.e.AbstractTransferListenerAdapter - Downloaded https://repo.maven.apache.org/maven2/org/jboss/logging/jboss-logging/3.5.0.Final/jboss-logging-3.5.0.Final.pom
2025-09-11 11:14:21,408 [Worker-10: ビルド] INFO  o.e.m.c.i.e.AbstractTransferListenerAdapter - Downloading https://repo.maven.apache.org/maven2/org/jboss/jboss-parent/39/jboss-parent-39.pom
2025-09-11 11:14:21,438 [Worker-10: ビルド] INFO  o.e.m.c.i.e.AbstractTransferListenerAdapter - Downloaded https://repo.maven.apache.org/maven2/org/jboss/jboss-parent/39/jboss-parent-39.pom
2025-09-11 11:14:21,510 [Worker-10: ビルド] INFO  o.e.m.c.i.e.AbstractTransferListenerAdapter - Downloading https://repo.maven.apache.org/maven2/org/junit/junit-bom/5.8.2/junit-bom-5.8.2.pom
2025-09-11 11:14:21,517 [Worker-10: ビルド] INFO  o.e.m.c.i.e.AbstractTransferListenerAdapter - Downloaded https://repo.maven.apache.org/maven2/org/junit/junit-bom/5.8.2/junit-bom-5.8.2.pom
2025-09-11 11:14:21,579 [Worker-10: ビルド] INFO  o.e.m.c.i.e.AbstractTransferListenerAdapter - Downloading https://repo.maven.apache.org/maven2/org/hibernate/common/hibernate-commons-annotations/6.0.6.Final/hibernate-commons-annotations-6.0.6.Final.pom
2025-09-11 11:14:21,585 [Worker-10: ビルド] INFO  o.e.m.c.i.e.AbstractTransferListenerAdapter - Downloaded https://repo.maven.apache.org/maven2/org/hibernate/common/hibernate-commons-annotations/6.0.6.Final/hibernate-commons-annotations-6.0.6.Final.pom
2025-09-11 11:14:21,649 [Worker-10: ビルド] INFO  o.e.m.c.i.e.AbstractTransferListenerAdapter - Downloading https://repo.maven.apache.org/maven2/io/smallrye/jandex/3.1.2/jandex-3.1.2.pom
2025-09-11 11:14:21,653 [Worker-10: ビルド] INFO  o.e.m.c.i.e.AbstractTransferListenerAdapter - Downloaded https://repo.maven.apache.org/maven2/io/smallrye/jandex/3.1.2/jandex-3.1.2.pom
2025-09-11 11:14:21,709 [Worker-10: ビルド] INFO  o.e.m.c.i.e.AbstractTransferListenerAdapter - Downloading https://repo.maven.apache.org/maven2/io/smallrye/jandex-parent/3.1.2/jandex-parent-3.1.2.pom
2025-09-11 11:14:21,722 [Worker-10: ビルド] INFO  o.e.m.c.i.e.AbstractTransferListenerAdapter - Downloaded https://repo.maven.apache.org/maven2/io/smallrye/jandex-parent/3.1.2/jandex-parent-3.1.2.pom
2025-09-11 11:14:21,802 [Worker-10: ビルド] INFO  o.e.m.c.i.e.AbstractTransferListenerAdapter - Downloading https://repo.maven.apache.org/maven2/io/smallrye/smallrye-build-parent/39/smallrye-build-parent-39.pom
2025-09-11 11:14:21,821 [Worker-10: ビルド] INFO  o.e.m.c.i.e.AbstractTransferListenerAdapter - Downloaded https://repo.maven.apache.org/maven2/io/smallrye/smallrye-build-parent/39/smallrye-build-parent-39.pom
2025-09-11 11:14:21,911 [Worker-10: ビルド] INFO  o.e.m.c.i.e.AbstractTransferListenerAdapter - Downloading https://repo.maven.apache.org/maven2/com/fasterxml/classmate/1.5.1/classmate-1.5.1.pom
2025-09-11 11:14:21,919 [Worker-10: ビルド] INFO  o.e.m.c.i.e.AbstractTransferListenerAdapter - Downloaded https://repo.maven.apache.org/maven2/com/fasterxml/classmate/1.5.1/classmate-1.5.1.pom
2025-09-11 11:14:21,977 [Worker-10: ビルド] INFO  o.e.m.c.i.e.AbstractTransferListenerAdapter - Downloading https://repo.maven.apache.org/maven2/com/fasterxml/oss-parent/35/oss-parent-35.pom
2025-09-11 11:14:22,022 [Worker-10: ビルド] INFO  o.e.m.c.i.e.AbstractTransferListenerAdapter - Downloaded https://repo.maven.apache.org/maven2/com/fasterxml/oss-parent/35/oss-parent-35.pom
2025-09-11 11:14:22,103 [Worker-10: ビルド] INFO  o.e.m.c.i.e.AbstractTransferListenerAdapter - Downloading https://repo.maven.apache.org/maven2/net/bytebuddy/byte-buddy/1.14.11/byte-buddy-1.14.11.pom
2025-09-11 11:14:22,112 [Worker-10: ビルド] INFO  o.e.m.c.i.e.AbstractTransferListenerAdapter - Downloaded https://repo.maven.apache.org/maven2/net/bytebuddy/byte-buddy/1.14.11/byte-buddy-1.14.11.pom
2025-09-11 11:14:22,169 [Worker-10: ビルド] INFO  o.e.m.c.i.e.AbstractTransferListenerAdapter - Downloading https://repo.maven.apache.org/maven2/net/bytebuddy/byte-buddy-parent/1.14.11/byte-buddy-parent-1.14.11.pom
2025-09-11 11:14:22,207 [Worker-10: ビルド] INFO  o.e.m.c.i.e.AbstractTransferListenerAdapter - Downloaded https://repo.maven.apache.org/maven2/net/bytebuddy/byte-buddy-parent/1.14.11/byte-buddy-parent-1.14.11.pom
2025-09-11 11:14:22,276 [Worker-10: ビルド] INFO  o.e.m.c.i.e.AbstractTransferListenerAdapter - Downloading https://repo.maven.apache.org/maven2/jakarta/xml/bind/jakarta.xml.bind-api/4.0.0/jakarta.xml.bind-api-4.0.0.pom
2025-09-11 11:14:22,284 [Worker-10: ビルド] INFO  o.e.m.c.i.e.AbstractTransferListenerAdapter - Downloaded https://repo.maven.apache.org/maven2/jakarta/xml/bind/jakarta.xml.bind-api/4.0.0/jakarta.xml.bind-api-4.0.0.pom
2025-09-11 11:14:22,347 [Worker-10: ビルド] INFO  o.e.m.c.i.e.AbstractTransferListenerAdapter - Downloading https://repo.maven.apache.org/maven2/jakarta/xml/bind/jakarta.xml.bind-api-parent/4.0.0/jakarta.xml.bind-api-parent-4.0.0.pom
2025-09-11 11:14:22,356 [Worker-10: ビルド] INFO  o.e.m.c.i.e.AbstractTransferListenerAdapter - Downloaded https://repo.maven.apache.org/maven2/jakarta/xml/bind/jakarta.xml.bind-api-parent/4.0.0/jakarta.xml.bind-api-parent-4.0.0.pom
2025-09-11 11:14:22,446 [Worker-10: ビルド] INFO  o.e.m.c.i.e.AbstractTransferListenerAdapter - Downloading https://repo.maven.apache.org/maven2/jakarta/activation/jakarta.activation-api/2.1.0/jakarta.activation-api-2.1.0.pom
2025-09-11 11:14:22,463 [Worker-10: ビルド] INFO  o.e.m.c.i.e.AbstractTransferListenerAdapter - Downloaded https://repo.maven.apache.org/maven2/jakarta/activation/jakarta.activation-api/2.1.0/jakarta.activation-api-2.1.0.pom
2025-09-11 11:14:22,527 [Worker-10: ビルド] INFO  o.e.m.c.i.e.AbstractTransferListenerAdapter - Downloading https://repo.maven.apache.org/maven2/org/glassfish/jaxb/jaxb-runtime/4.0.2/jaxb-runtime-4.0.2.pom
2025-09-11 11:14:22,545 [Worker-10: ビルド] INFO  o.e.m.c.i.e.AbstractTransferListenerAdapter - Downloaded https://repo.maven.apache.org/maven2/org/glassfish/jaxb/jaxb-runtime/4.0.2/jaxb-runtime-4.0.2.pom
2025-09-11 11:14:22,626 [Worker-10: ビルド] INFO  o.e.m.c.i.e.AbstractTransferListenerAdapter - Downloading https://repo.maven.apache.org/maven2/com/sun/xml/bind/mvn/jaxb-runtime-parent/4.0.2/jaxb-runtime-parent-4.0.2.pom
2025-09-11 11:14:22,633 [Worker-10: ビルド] INFO  o.e.m.c.i.e.AbstractTransferListenerAdapter - Downloaded https://repo.maven.apache.org/maven2/com/sun/xml/bind/mvn/jaxb-runtime-parent/4.0.2/jaxb-runtime-parent-4.0.2.pom
2025-09-11 11:14:22,687 [Worker-10: ビルド] INFO  o.e.m.c.i.e.AbstractTransferListenerAdapter - Downloading https://repo.maven.apache.org/maven2/com/sun/xml/bind/mvn/jaxb-parent/4.0.2/jaxb-parent-4.0.2.pom
2025-09-11 11:14:22,710 [Worker-10: ビルド] INFO  o.e.m.c.i.e.AbstractTransferListenerAdapter - Downloaded https://repo.maven.apache.org/maven2/com/sun/xml/bind/mvn/jaxb-parent/4.0.2/jaxb-parent-4.0.2.pom
2025-09-11 11:14:22,785 [Worker-10: ビルド] INFO  o.e.m.c.i.e.AbstractTransferListenerAdapter - Downloading https://repo.maven.apache.org/maven2/com/sun/xml/bind/jaxb-bom-ext/4.0.2/jaxb-bom-ext-4.0.2.pom
2025-09-11 11:14:22,798 [Worker-10: ビルド] INFO  o.e.m.c.i.e.AbstractTransferListenerAdapter - Downloaded https://repo.maven.apache.org/maven2/com/sun/xml/bind/jaxb-bom-ext/4.0.2/jaxb-bom-ext-4.0.2.pom
2025-09-11 11:14:22,868 [Worker-10: ビルド] INFO  o.e.m.c.i.e.AbstractTransferListenerAdapter - Downloading https://repo.maven.apache.org/maven2/org/glassfish/jaxb/jaxb-bom/4.0.2/jaxb-bom-4.0.2.pom
2025-09-11 11:14:22,880 [Worker-10: ビルド] INFO  o.e.m.c.i.e.AbstractTransferListenerAdapter - Downloaded https://repo.maven.apache.org/maven2/org/glassfish/jaxb/jaxb-bom/4.0.2/jaxb-bom-4.0.2.pom
2025-09-11 11:14:22,948 [Worker-10: ビルド] INFO  o.e.m.c.i.e.AbstractTransferListenerAdapter - Downloading https://repo.maven.apache.org/maven2/org/eclipse/ee4j/project/1.0.8/project-1.0.8.pom
2025-09-11 11:14:22,956 [Worker-10: ビルド] INFO  o.e.m.c.i.e.AbstractTransferListenerAdapter - Downloaded https://repo.maven.apache.org/maven2/org/eclipse/ee4j/project/1.0.8/project-1.0.8.pom
2025-09-11 11:14:23,020 [Worker-10: ビルド] INFO  o.e.m.c.i.e.AbstractTransferListenerAdapter - Downloading https://repo.maven.apache.org/maven2/org/glassfish/jaxb/jaxb-core/4.0.2/jaxb-core-4.0.2.pom
2025-09-11 11:14:23,029 [Worker-10: ビルド] INFO  o.e.m.c.i.e.AbstractTransferListenerAdapter - Downloaded https://repo.maven.apache.org/maven2/org/glassfish/jaxb/jaxb-core/4.0.2/jaxb-core-4.0.2.pom
2025-09-11 11:14:23,152 [Worker-10: ビルド] INFO  o.e.m.c.i.e.AbstractTransferListenerAdapter - Downloading https://repo.maven.apache.org/maven2/jakarta/activation/jakarta.activation-api/2.1.1/jakarta.activation-api-2.1.1.pom
2025-09-11 11:14:23,160 [Worker-10: ビルド] INFO  o.e.m.c.i.e.AbstractTransferListenerAdapter - Downloaded https://repo.maven.apache.org/maven2/jakarta/activation/jakarta.activation-api/2.1.1/jakarta.activation-api-2.1.1.pom
2025-09-11 11:14:23,226 [Worker-10: ビルド] INFO  o.e.m.c.i.e.AbstractTransferListenerAdapter - Downloading https://repo.maven.apache.org/maven2/org/eclipse/angus/angus-activation/2.0.0/angus-activation-2.0.0.pom
2025-09-11 11:14:23,241 [Worker-10: ビルド] INFO  o.e.m.c.i.e.AbstractTransferListenerAdapter - Downloaded https://repo.maven.apache.org/maven2/org/eclipse/angus/angus-activation/2.0.0/angus-activation-2.0.0.pom
2025-09-11 11:14:23,296 [Worker-10: ビルド] INFO  o.e.m.c.i.e.AbstractTransferListenerAdapter - Downloading https://repo.maven.apache.org/maven2/org/eclipse/angus/angus-activation-project/2.0.0/angus-activation-project-2.0.0.pom
2025-09-11 11:14:23,306 [Worker-10: ビルド] INFO  o.e.m.c.i.e.AbstractTransferListenerAdapter - Downloaded https://repo.maven.apache.org/maven2/org/eclipse/angus/angus-activation-project/2.0.0/angus-activation-project-2.0.0.pom
2025-09-11 11:14:23,399 [Worker-10: ビルド] INFO  o.e.m.c.i.e.AbstractTransferListenerAdapter - Downloading https://repo.maven.apache.org/maven2/org/glassfish/jaxb/txw2/4.0.2/txw2-4.0.2.pom
2025-09-11 11:14:23,404 [Worker-10: ビルド] INFO  o.e.m.c.i.e.AbstractTransferListenerAdapter - Downloaded https://repo.maven.apache.org/maven2/org/glassfish/jaxb/txw2/4.0.2/txw2-4.0.2.pom
2025-09-11 11:14:23,480 [Worker-10: ビルド] INFO  o.e.m.c.i.e.AbstractTransferListenerAdapter - Downloading https://repo.maven.apache.org/maven2/com/sun/xml/bind/mvn/jaxb-txw-parent/4.0.2/jaxb-txw-parent-4.0.2.pom
2025-09-11 11:14:23,485 [Worker-10: ビルド] INFO  o.e.m.c.i.e.AbstractTransferListenerAdapter - Downloaded https://repo.maven.apache.org/maven2/com/sun/xml/bind/mvn/jaxb-txw-parent/4.0.2/jaxb-txw-parent-4.0.2.pom
2025-09-11 11:14:23,685 [Worker-10: ビルド] INFO  o.e.m.c.i.e.AbstractTransferListenerAdapter - Downloading https://repo.maven.apache.org/maven2/com/sun/istack/istack-commons-runtime/4.1.1/istack-commons-runtime-4.1.1.pom
2025-09-11 11:14:23,696 [Worker-10: ビルド] INFO  o.e.m.c.i.e.AbstractTransferListenerAdapter - Downloaded https://repo.maven.apache.org/maven2/com/sun/istack/istack-commons-runtime/4.1.1/istack-commons-runtime-4.1.1.pom
2025-09-11 11:14:23,758 [Worker-10: ビルド] INFO  o.e.m.c.i.e.AbstractTransferListenerAdapter - Downloading https://repo.maven.apache.org/maven2/com/sun/istack/istack-commons/4.1.1/istack-commons-4.1.1.pom
2025-09-11 11:14:23,773 [Worker-10: ビルド] INFO  o.e.m.c.i.e.AbstractTransferListenerAdapter - Downloaded https://repo.maven.apache.org/maven2/com/sun/istack/istack-commons/4.1.1/istack-commons-4.1.1.pom
2025-09-11 11:14:23,828 [Worker-10: ビルド] INFO  o.e.m.c.i.e.AbstractTransferListenerAdapter - Downloading https://repo.maven.apache.org/maven2/jakarta/inject/jakarta.inject-api/2.0.1/jakarta.inject-api-2.0.1.pom
2025-09-11 11:14:23,845 [Worker-10: ビルド] INFO  o.e.m.c.i.e.AbstractTransferListenerAdapter - Downloaded https://repo.maven.apache.org/maven2/jakarta/inject/jakarta.inject-api/2.0.1/jakarta.inject-api-2.0.1.pom
2025-09-11 11:14:23,918 [Worker-10: ビルド] INFO  o.e.m.c.i.e.AbstractTransferListenerAdapter - Downloading https://repo.maven.apache.org/maven2/org/antlr/antlr4-runtime/4.13.0/antlr4-runtime-4.13.0.pom
2025-09-11 11:14:23,925 [Worker-10: ビルド] INFO  o.e.m.c.i.e.AbstractTransferListenerAdapter - Downloaded https://repo.maven.apache.org/maven2/org/antlr/antlr4-runtime/4.13.0/antlr4-runtime-4.13.0.pom
2025-09-11 11:14:23,987 [Worker-10: ビルド] INFO  o.e.m.c.i.e.AbstractTransferListenerAdapter - Downloading https://repo.maven.apache.org/maven2/org/antlr/antlr4-master/4.13.0/antlr4-master-4.13.0.pom
2025-09-11 11:14:23,998 [Worker-10: ビルド] INFO  o.e.m.c.i.e.AbstractTransferListenerAdapter - Downloaded https://repo.maven.apache.org/maven2/org/antlr/antlr4-master/4.13.0/antlr4-master-4.13.0.pom
2025-09-11 11:14:24,051 [Worker-10: ビルド] INFO  o.e.m.c.i.e.AbstractTransferListenerAdapter - Downloading https://repo.maven.apache.org/maven2/jakarta/servlet/jakarta.servlet-api/5.0.0/jakarta.servlet-api-5.0.0.pom
2025-09-11 11:14:24,062 [Worker-10: ビルド] INFO  o.e.m.c.i.e.AbstractTransferListenerAdapter - Downloaded https://repo.maven.apache.org/maven2/jakarta/servlet/jakarta.servlet-api/5.0.0/jakarta.servlet-api-5.0.0.pom
2025-09-11 11:14:24,127 [Worker-10: ビルド] INFO  o.e.m.c.i.e.AbstractTransferListenerAdapter - Downloading https://repo.maven.apache.org/maven2/com/mysql/mysql-connector-j/9.4.0/mysql-connector-j-9.4.0.jar
2025-09-11 11:14:25,018 [Worker-10: ビルド] INFO  o.e.m.c.i.e.AbstractTransferListenerAdapter - Downloaded https://repo.maven.apache.org/maven2/com/mysql/mysql-connector-j/9.4.0/mysql-connector-j-9.4.0.jar
2025-09-11 11:14:25,101 [BasicRepositoryConnector-repo.maven.apache.org-1-3] INFO  o.e.m.c.i.e.AbstractTransferListenerAdapter - Downloading https://repo.maven.apache.org/maven2/jakarta/transaction/jakarta.transaction-api/2.0.1/jakarta.transaction-api-2.0.1.jar
2025-09-11 11:14:25,101 [BasicRepositoryConnector-repo.maven.apache.org-1-4] INFO  o.e.m.c.i.e.AbstractTransferListenerAdapter - Downloading https://repo.maven.apache.org/maven2/org/jboss/logging/jboss-logging/3.5.0.Final/jboss-logging-3.5.0.Final.jar
2025-09-11 11:14:25,101 [BasicRepositoryConnector-repo.maven.apache.org-1-0] INFO  o.e.m.c.i.e.AbstractTransferListenerAdapter - Downloading https://repo.maven.apache.org/maven2/com/google/protobuf/protobuf-java/4.31.1/protobuf-java-4.31.1.jar
2025-09-11 11:14:25,101 [BasicRepositoryConnector-repo.maven.apache.org-1-2] INFO  o.e.m.c.i.e.AbstractTransferListenerAdapter - Downloading https://repo.maven.apache.org/maven2/org/hibernate/orm/hibernate-core/6.4.4.Final/hibernate-core-6.4.4.Final.jar
2025-09-11 11:14:25,112 [BasicRepositoryConnector-repo.maven.apache.org-1-1] INFO  o.e.m.c.i.e.AbstractTransferListenerAdapter - Downloading https://repo.maven.apache.org/maven2/jakarta/persistence/jakarta.persistence-api/3.1.0/jakarta.persistence-api-3.1.0.jar
2025-09-11 11:14:25,119 [BasicRepositoryConnector-repo.maven.apache.org-1-4] INFO  o.e.m.c.i.e.AbstractTransferListenerAdapter - Downloaded https://repo.maven.apache.org/maven2/org/jboss/logging/jboss-logging/3.5.0.Final/jboss-logging-3.5.0.Final.jar
2025-09-11 11:14:25,122 [BasicRepositoryConnector-repo.maven.apache.org-1-3] INFO  o.e.m.c.i.e.AbstractTransferListenerAdapter - Downloaded https://repo.maven.apache.org/maven2/jakarta/transaction/jakarta.transaction-api/2.0.1/jakarta.transaction-api-2.0.1.jar
2025-09-11 11:14:25,157 [BasicRepositoryConnector-repo.maven.apache.org-1-1] INFO  o.e.m.c.i.e.AbstractTransferListenerAdapter - Downloaded https://repo.maven.apache.org/maven2/jakarta/persistence/jakarta.persistence-api/3.1.0/jakarta.persistence-api-3.1.0.jar
2025-09-11 11:14:25,239 [BasicRepositoryConnector-repo.maven.apache.org-1-4] INFO  o.e.m.c.i.e.AbstractTransferListenerAdapter - Downloading https://repo.maven.apache.org/maven2/org/hibernate/common/hibernate-commons-annotations/6.0.6.Final/hibernate-commons-annotations-6.0.6.Final.jar
2025-09-11 11:14:25,239 [BasicRepositoryConnector-repo.maven.apache.org-1-3] INFO  o.e.m.c.i.e.AbstractTransferListenerAdapter - Downloading https://repo.maven.apache.org/maven2/io/smallrye/jandex/3.1.2/jandex-3.1.2.jar
2025-09-11 11:14:25,264 [BasicRepositoryConnector-repo.maven.apache.org-1-1] INFO  o.e.m.c.i.e.AbstractTransferListenerAdapter - Downloading https://repo.maven.apache.org/maven2/com/fasterxml/classmate/1.5.1/classmate-1.5.1.jar
2025-09-11 11:14:25,285 [BasicRepositoryConnector-repo.maven.apache.org-1-4] INFO  o.e.m.c.i.e.AbstractTransferListenerAdapter - Downloaded https://repo.maven.apache.org/maven2/org/hibernate/common/hibernate-commons-annotations/6.0.6.Final/hibernate-commons-annotations-6.0.6.Final.jar
2025-09-11 11:14:25,311 [BasicRepositoryConnector-repo.maven.apache.org-1-3] INFO  o.e.m.c.i.e.AbstractTransferListenerAdapter - Downloaded https://repo.maven.apache.org/maven2/io/smallrye/jandex/3.1.2/jandex-3.1.2.jar
2025-09-11 11:14:25,323 [BasicRepositoryConnector-repo.maven.apache.org-1-1] INFO  o.e.m.c.i.e.AbstractTransferListenerAdapter - Downloaded https://repo.maven.apache.org/maven2/com/fasterxml/classmate/1.5.1/classmate-1.5.1.jar
2025-09-11 11:14:25,364 [BasicRepositoryConnector-repo.maven.apache.org-1-4] INFO  o.e.m.c.i.e.AbstractTransferListenerAdapter - Downloading https://repo.maven.apache.org/maven2/net/bytebuddy/byte-buddy/1.14.11/byte-buddy-1.14.11.jar
2025-09-11 11:14:25,389 [BasicRepositoryConnector-repo.maven.apache.org-1-3] INFO  o.e.m.c.i.e.AbstractTransferListenerAdapter - Downloading https://repo.maven.apache.org/maven2/jakarta/xml/bind/jakarta.xml.bind-api/4.0.0/jakarta.xml.bind-api-4.0.0.jar
2025-09-11 11:14:25,411 [BasicRepositoryConnector-repo.maven.apache.org-1-1] INFO  o.e.m.c.i.e.AbstractTransferListenerAdapter - Downloading https://repo.maven.apache.org/maven2/jakarta/activation/jakarta.activation-api/2.1.0/jakarta.activation-api-2.1.0.jar
2025-09-11 11:14:25,415 [BasicRepositoryConnector-repo.maven.apache.org-1-3] INFO  o.e.m.c.i.e.AbstractTransferListenerAdapter - Downloaded https://repo.maven.apache.org/maven2/jakarta/xml/bind/jakarta.xml.bind-api/4.0.0/jakarta.xml.bind-api-4.0.0.jar
2025-09-11 11:14:25,432 [BasicRepositoryConnector-repo.maven.apache.org-1-1] INFO  o.e.m.c.i.e.AbstractTransferListenerAdapter - Downloaded https://repo.maven.apache.org/maven2/jakarta/activation/jakarta.activation-api/2.1.0/jakarta.activation-api-2.1.0.jar
2025-09-11 11:14:25,555 [BasicRepositoryConnector-repo.maven.apache.org-1-3] INFO  o.e.m.c.i.e.AbstractTransferListenerAdapter - Downloading https://repo.maven.apache.org/maven2/org/glassfish/jaxb/jaxb-runtime/4.0.2/jaxb-runtime-4.0.2.jar
2025-09-11 11:14:25,555 [BasicRepositoryConnector-repo.maven.apache.org-1-1] INFO  o.e.m.c.i.e.AbstractTransferListenerAdapter - Downloading https://repo.maven.apache.org/maven2/org/glassfish/jaxb/jaxb-core/4.0.2/jaxb-core-4.0.2.jar
2025-09-11 11:14:25,677 [BasicRepositoryConnector-repo.maven.apache.org-1-1] INFO  o.e.m.c.i.e.AbstractTransferListenerAdapter - Downloaded https://repo.maven.apache.org/maven2/org/glassfish/jaxb/jaxb-core/4.0.2/jaxb-core-4.0.2.jar
2025-09-11 11:14:25,804 [BasicRepositoryConnector-repo.maven.apache.org-1-3] INFO  o.e.m.c.i.e.AbstractTransferListenerAdapter - Downloaded https://repo.maven.apache.org/maven2/org/glassfish/jaxb/jaxb-runtime/4.0.2/jaxb-runtime-4.0.2.jar
2025-09-11 11:14:25,882 [BasicRepositoryConnector-repo.maven.apache.org-1-1] INFO  o.e.m.c.i.e.AbstractTransferListenerAdapter - Downloading https://repo.maven.apache.org/maven2/org/eclipse/angus/angus-activation/2.0.0/angus-activation-2.0.0.jar
2025-09-11 11:14:25,907 [BasicRepositoryConnector-repo.maven.apache.org-1-1] INFO  o.e.m.c.i.e.AbstractTransferListenerAdapter - Downloaded https://repo.maven.apache.org/maven2/org/eclipse/angus/angus-activation/2.0.0/angus-activation-2.0.0.jar
2025-09-11 11:14:25,915 [BasicRepositoryConnector-repo.maven.apache.org-1-0] INFO  o.e.m.c.i.e.AbstractTransferListenerAdapter - Downloaded https://repo.maven.apache.org/maven2/com/google/protobuf/protobuf-java/4.31.1/protobuf-java-4.31.1.jar
2025-09-11 11:14:25,943 [BasicRepositoryConnector-repo.maven.apache.org-1-3] INFO  o.e.m.c.i.e.AbstractTransferListenerAdapter - Downloading https://repo.maven.apache.org/maven2/org/glassfish/jaxb/txw2/4.0.2/txw2-4.0.2.jar
2025-09-11 11:14:25,963 [BasicRepositoryConnector-repo.maven.apache.org-1-3] INFO  o.e.m.c.i.e.AbstractTransferListenerAdapter - Downloaded https://repo.maven.apache.org/maven2/org/glassfish/jaxb/txw2/4.0.2/txw2-4.0.2.jar
2025-09-11 11:14:25,990 [BasicRepositoryConnector-repo.maven.apache.org-1-1] INFO  o.e.m.c.i.e.AbstractTransferListenerAdapter - Downloading https://repo.maven.apache.org/maven2/com/sun/istack/istack-commons-runtime/4.1.1/istack-commons-runtime-4.1.1.jar
2025-09-11 11:14:25,998 [BasicRepositoryConnector-repo.maven.apache.org-1-0] INFO  o.e.m.c.i.e.AbstractTransferListenerAdapter - Downloading https://repo.maven.apache.org/maven2/jakarta/inject/jakarta.inject-api/2.0.1/jakarta.inject-api-2.0.1.jar
2025-09-11 11:14:25,999 [BasicRepositoryConnector-repo.maven.apache.org-1-1] INFO  o.e.m.c.i.e.AbstractTransferListenerAdapter - Downloaded https://repo.maven.apache.org/maven2/com/sun/istack/istack-commons-runtime/4.1.1/istack-commons-runtime-4.1.1.jar
2025-09-11 11:14:26,002 [BasicRepositoryConnector-repo.maven.apache.org-1-0] INFO  o.e.m.c.i.e.AbstractTransferListenerAdapter - Downloaded https://repo.maven.apache.org/maven2/jakarta/inject/jakarta.inject-api/2.0.1/jakarta.inject-api-2.0.1.jar
2025-09-11 11:14:26,115 [BasicRepositoryConnector-repo.maven.apache.org-1-3] INFO  o.e.m.c.i.e.AbstractTransferListenerAdapter - Downloading https://repo.maven.apache.org/maven2/org/antlr/antlr4-runtime/4.13.0/antlr4-runtime-4.13.0.jar
2025-09-11 11:14:26,118 [BasicRepositoryConnector-repo.maven.apache.org-1-1] INFO  o.e.m.c.i.e.AbstractTransferListenerAdapter - Downloading https://repo.maven.apache.org/maven2/jakarta/servlet/jakarta.servlet-api/5.0.0/jakarta.servlet-api-5.0.0.jar
2025-09-11 11:14:26,233 [BasicRepositoryConnector-repo.maven.apache.org-1-1] INFO  o.e.m.c.i.e.AbstractTransferListenerAdapter - Downloaded https://repo.maven.apache.org/maven2/jakarta/servlet/jakarta.servlet-api/5.0.0/jakarta.servlet-api-5.0.0.jar
2025-09-11 11:14:26,244 [BasicRepositoryConnector-repo.maven.apache.org-1-3] INFO  o.e.m.c.i.e.AbstractTransferListenerAdapter - Downloaded https://repo.maven.apache.org/maven2/org/antlr/antlr4-runtime/4.13.0/antlr4-runtime-4.13.0.jar
2025-09-11 11:14:27,579 [BasicRepositoryConnector-repo.maven.apache.org-1-2] INFO  o.e.m.c.i.e.AbstractTransferListenerAdapter - Downloaded https://repo.maven.apache.org/maven2/org/hibernate/orm/hibernate-core/6.4.4.Final/hibernate-core-6.4.4.Final.jar
2025-09-11 11:14:27,653 [BasicRepositoryConnector-repo.maven.apache.org-1-4] INFO  o.e.m.c.i.e.AbstractTransferListenerAdapter - Downloaded https://repo.maven.apache.org/maven2/net/bytebuddy/byte-buddy/1.14.11/byte-buddy-1.14.11.jar
2025-09-11 11:14:27,877 [Worker-10: ビルド] INFO  o.e.m.c.i.e.AbstractTransferListenerAdapter - Downloading https://repo.maven.apache.org/maven2/org/apache/maven/plugins/maven-war-plugin/3.2.3/maven-war-plugin-3.2.3.pom
2025-09-11 11:14:27,884 [Worker-10: ビルド] INFO  o.e.m.c.i.e.AbstractTransferListenerAdapter - Downloaded https://repo.maven.apache.org/maven2/org/apache/maven/plugins/maven-war-plugin/3.2.3/maven-war-plugin-3.2.3.pom
2025-09-11 11:14:27,947 [Worker-10: ビルド] INFO  o.e.m.c.i.e.AbstractTransferListenerAdapter - Downloading https://repo.maven.apache.org/maven2/org/apache/maven/plugins/maven-plugins/33/maven-plugins-33.pom
2025-09-11 11:14:27,953 [Worker-10: ビルド] INFO  o.e.m.c.i.e.AbstractTransferListenerAdapter - Downloaded https://repo.maven.apache.org/maven2/org/apache/maven/plugins/maven-plugins/33/maven-plugins-33.pom
2025-09-11 11:14:28,009 [Worker-10: ビルド] INFO  o.e.m.c.i.e.AbstractTransferListenerAdapter - Downloading https://repo.maven.apache.org/maven2/org/apache/maven/maven-parent/33/maven-parent-33.pom
2025-09-11 11:14:28,027 [Worker-10: ビルド] INFO  o.e.m.c.i.e.AbstractTransferListenerAdapter - Downloaded https://repo.maven.apache.org/maven2/org/apache/maven/maven-parent/33/maven-parent-33.pom
2025-09-11 11:14:28,087 [Worker-10: ビルド] INFO  o.e.m.c.i.e.AbstractTransferListenerAdapter - Downloading https://repo.maven.apache.org/maven2/org/apache/apache/21/apache-21.pom
2025-09-11 11:14:28,103 [Worker-10: ビルド] INFO  o.e.m.c.i.e.AbstractTransferListenerAdapter - Downloaded https://repo.maven.apache.org/maven2/org/apache/apache/21/apache-21.pom
2025-09-11 11:14:28,206 [Worker-10: ビルド] INFO  o.e.m.c.i.e.AbstractTransferListenerAdapter - Downloading https://repo.maven.apache.org/maven2/org/apache/maven/plugins/maven-resources-plugin/3.3.1/maven-resources-plugin-3.3.1.pom
2025-09-11 11:14:28,213 [Worker-10: ビルド] INFO  o.e.m.c.i.e.AbstractTransferListenerAdapter - Downloaded https://repo.maven.apache.org/maven2/org/apache/maven/plugins/maven-resources-plugin/3.3.1/maven-resources-plugin-3.3.1.pom
2025-09-11 11:14:28,266 [Worker-10: ビルド] INFO  o.e.m.c.i.e.AbstractTransferListenerAdapter - Downloading https://repo.maven.apache.org/maven2/org/apache/maven/plugins/maven-plugins/39/maven-plugins-39.pom
2025-09-11 11:14:28,282 [Worker-10: ビルド] INFO  o.e.m.c.i.e.AbstractTransferListenerAdapter - Downloaded https://repo.maven.apache.org/maven2/org/apache/maven/plugins/maven-plugins/39/maven-plugins-39.pom
2025-09-11 11:14:28,347 [Worker-10: ビルド] INFO  o.e.m.c.i.e.AbstractTransferListenerAdapter - Downloading https://repo.maven.apache.org/maven2/org/apache/maven/plugins/maven-surefire-plugin/3.2.5/maven-surefire-plugin-3.2.5.pom
2025-09-11 11:14:28,355 [Worker-10: ビルド] INFO  o.e.m.c.i.e.AbstractTransferListenerAdapter - Downloaded https://repo.maven.apache.org/maven2/org/apache/maven/plugins/maven-surefire-plugin/3.2.5/maven-surefire-plugin-3.2.5.pom
2025-09-11 11:14:28,429 [Worker-10: ビルド] INFO  o.e.m.c.i.e.AbstractTransferListenerAdapter - Downloading https://repo.maven.apache.org/maven2/org/apache/maven/surefire/surefire/3.2.5/surefire-3.2.5.pom
2025-09-11 11:14:28,439 [Worker-10: ビルド] INFO  o.e.m.c.i.e.AbstractTransferListenerAdapter - Downloaded https://repo.maven.apache.org/maven2/org/apache/maven/surefire/surefire/3.2.5/surefire-3.2.5.pom
2025-09-11 11:14:28,524 [Worker-10: ビルド] INFO  o.e.m.c.i.e.AbstractTransferListenerAdapter - Downloading https://repo.maven.apache.org/maven2/org/apache/maven/maven-plugin-api/3.0/maven-plugin-api-3.0.pom
2025-09-11 11:14:28,532 [Worker-10: ビルド] INFO  o.e.m.c.i.e.AbstractTransferListenerAdapter - Downloaded https://repo.maven.apache.org/maven2/org/apache/maven/maven-plugin-api/3.0/maven-plugin-api-3.0.pom
2025-09-11 11:14:28,613 [Worker-10: ビルド] INFO  o.e.m.c.i.e.AbstractTransferListenerAdapter - Downloading https://repo.maven.apache.org/maven2/org/apache/maven/maven/3.0/maven-3.0.pom
2025-09-11 11:14:28,623 [Worker-10: ビルド] INFO  o.e.m.c.i.e.AbstractTransferListenerAdapter - Downloaded https://repo.maven.apache.org/maven2/org/apache/maven/maven/3.0/maven-3.0.pom
2025-09-11 11:14:28,677 [Worker-10: ビルド] INFO  o.e.m.c.i.e.AbstractTransferListenerAdapter - Downloading https://repo.maven.apache.org/maven2/org/apache/maven/maven-parent/15/maven-parent-15.pom
2025-09-11 11:14:28,692 [Worker-10: ビルド] INFO  o.e.m.c.i.e.AbstractTransferListenerAdapter - Downloaded https://repo.maven.apache.org/maven2/org/apache/maven/maven-parent/15/maven-parent-15.pom
2025-09-11 11:14:28,749 [Worker-10: ビルド] INFO  o.e.m.c.i.e.AbstractTransferListenerAdapter - Downloading https://repo.maven.apache.org/maven2/org/apache/apache/6/apache-6.pom
2025-09-11 11:14:28,759 [Worker-10: ビルド] INFO  o.e.m.c.i.e.AbstractTransferListenerAdapter - Downloaded https://repo.maven.apache.org/maven2/org/apache/apache/6/apache-6.pom
2025-09-11 11:14:28,854 [Worker-10: ビルド] INFO  o.e.m.c.i.e.AbstractTransferListenerAdapter - Downloading https://repo.maven.apache.org/maven2/org/apache/maven/maven-model/3.0/maven-model-3.0.pom
2025-09-11 11:14:28,863 [Worker-10: ビルド] INFO  o.e.m.c.i.e.AbstractTransferListenerAdapter - Downloaded https://repo.maven.apache.org/maven2/org/apache/maven/maven-model/3.0/maven-model-3.0.pom
2025-09-11 11:14:28,931 [Worker-10: ビルド] INFO  o.e.m.c.i.e.AbstractTransferListenerAdapter - Downloading https://repo.maven.apache.org/maven2/org/codehaus/plexus/plexus-utils/2.0.4/plexus-utils-2.0.4.pom
2025-09-11 11:14:28,937 [Worker-10: ビルド] INFO  o.e.m.c.i.e.AbstractTransferListenerAdapter - Downloaded https://repo.maven.apache.org/maven2/org/codehaus/plexus/plexus-utils/2.0.4/plexus-utils-2.0.4.pom
2025-09-11 11:14:28,997 [Worker-10: ビルド] INFO  o.e.m.c.i.e.AbstractTransferListenerAdapter - Downloading https://repo.maven.apache.org/maven2/org/codehaus/plexus/plexus/2.0.6/plexus-2.0.6.pom
2025-09-11 11:14:29,014 [Worker-10: ビルド] INFO  o.e.m.c.i.e.AbstractTransferListenerAdapter - Downloaded https://repo.maven.apache.org/maven2/org/codehaus/plexus/plexus/2.0.6/plexus-2.0.6.pom
2025-09-11 11:14:29,091 [Worker-10: ビルド] INFO  o.e.m.c.i.e.AbstractTransferListenerAdapter - Downloading https://repo.maven.apache.org/maven2/org/apache/maven/maven-artifact/3.0/maven-artifact-3.0.pom
2025-09-11 11:14:29,097 [Worker-10: ビルド] INFO  o.e.m.c.i.e.AbstractTransferListenerAdapter - Downloaded https://repo.maven.apache.org/maven2/org/apache/maven/maven-artifact/3.0/maven-artifact-3.0.pom
2025-09-11 11:14:29,195 [Worker-10: ビルド] INFO  o.e.m.c.i.e.AbstractTransferListenerAdapter - Downloading https://repo.maven.apache.org/maven2/org/sonatype/sisu/sisu-inject-plexus/1.4.2/sisu-inject-plexus-1.4.2.pom
2025-09-11 11:14:29,199 [Worker-10: ビルド] INFO  o.e.m.c.i.e.AbstractTransferListenerAdapter - Downloaded https://repo.maven.apache.org/maven2/org/sonatype/sisu/sisu-inject-plexus/1.4.2/sisu-inject-plexus-1.4.2.pom
2025-09-11 11:14:29,292 [Worker-10: ビルド] INFO  o.e.m.c.i.e.AbstractTransferListenerAdapter - Downloading https://repo.maven.apache.org/maven2/org/sonatype/sisu/inject/guice-plexus/1.4.2/guice-plexus-1.4.2.pom
2025-09-11 11:14:29,297 [Worker-10: ビルド] INFO  o.e.m.c.i.e.AbstractTransferListenerAdapter - Downloaded https://repo.maven.apache.org/maven2/org/sonatype/sisu/inject/guice-plexus/1.4.2/guice-plexus-1.4.2.pom
2025-09-11 11:14:29,385 [Worker-10: ビルド] INFO  o.e.m.c.i.e.AbstractTransferListenerAdapter - Downloading https://repo.maven.apache.org/maven2/org/sonatype/sisu/inject/guice-bean/1.4.2/guice-bean-1.4.2.pom
2025-09-11 11:14:29,390 [Worker-10: ビルド] INFO  o.e.m.c.i.e.AbstractTransferListenerAdapter - Downloaded https://repo.maven.apache.org/maven2/org/sonatype/sisu/inject/guice-bean/1.4.2/guice-bean-1.4.2.pom
2025-09-11 11:14:29,585 [Worker-10: ビルド] INFO  o.e.m.c.i.e.AbstractTransferListenerAdapter - Downloading https://repo.maven.apache.org/maven2/org/sonatype/sisu/sisu-inject/1.4.2/sisu-inject-1.4.2.pom
2025-09-11 11:14:29,597 [Worker-10: ビルド] INFO  o.e.m.c.i.e.AbstractTransferListenerAdapter - Downloaded https://repo.maven.apache.org/maven2/org/sonatype/sisu/sisu-inject/1.4.2/sisu-inject-1.4.2.pom
2025-09-11 11:14:29,723 [Worker-10: ビルド] INFO  o.e.m.c.i.e.AbstractTransferListenerAdapter - Downloading https://repo.maven.apache.org/maven2/org/sonatype/sisu/sisu-parent/1.4.2/sisu-parent-1.4.2.pom
2025-09-11 11:14:29,761 [Worker-10: ビルド] INFO  o.e.m.c.i.e.AbstractTransferListenerAdapter - Downloaded https://repo.maven.apache.org/maven2/org/sonatype/sisu/sisu-parent/1.4.2/sisu-parent-1.4.2.pom
2025-09-11 11:14:29,867 [Worker-10: ビルド] INFO  o.e.m.c.i.e.AbstractTransferListenerAdapter - Downloading https://repo.maven.apache.org/maven2/org/sonatype/forge/forge-parent/6/forge-parent-6.pom
2025-09-11 11:14:29,875 [Worker-10: ビルド] INFO  o.e.m.c.i.e.AbstractTransferListenerAdapter - Downloaded https://repo.maven.apache.org/maven2/org/sonatype/forge/forge-parent/6/forge-parent-6.pom
2025-09-11 11:14:30,002 [Worker-10: ビルド] INFO  o.e.m.c.i.e.AbstractTransferListenerAdapter - Downloading https://repo.maven.apache.org/maven2/org/codehaus/plexus/plexus-component-annotations/1.7.1/plexus-component-annotations-1.7.1.pom
2025-09-11 11:14:30,042 [Worker-10: ビルド] INFO  o.e.m.c.i.e.AbstractTransferListenerAdapter - Downloaded https://repo.maven.apache.org/maven2/org/codehaus/plexus/plexus-component-annotations/1.7.1/plexus-component-annotations-1.7.1.pom
2025-09-11 11:14:30,176 [Worker-10: ビルド] INFO  o.e.m.c.i.e.AbstractTransferListenerAdapter - Downloading https://repo.maven.apache.org/maven2/org/codehaus/plexus/plexus-containers/1.7.1/plexus-containers-1.7.1.pom
2025-09-11 11:14:30,181 [Worker-10: ビルド] INFO  o.e.m.c.i.e.AbstractTransferListenerAdapter - Downloaded https://repo.maven.apache.org/maven2/org/codehaus/plexus/plexus-containers/1.7.1/plexus-containers-1.7.1.pom
2025-09-11 11:14:30,282 [Worker-10: ビルド] INFO  o.e.m.c.i.e.AbstractTransferListenerAdapter - Downloading https://repo.maven.apache.org/maven2/org/codehaus/plexus/plexus/4.0/plexus-4.0.pom
2025-09-11 11:14:30,290 [Worker-10: ビルド] INFO  o.e.m.c.i.e.AbstractTransferListenerAdapter - Downloaded https://repo.maven.apache.org/maven2/org/codehaus/plexus/plexus/4.0/plexus-4.0.pom
2025-09-11 11:14:30,354 [Worker-10: ビルド] INFO  o.e.m.c.i.e.AbstractTransferListenerAdapter - Downloading https://repo.maven.apache.org/maven2/org/sonatype/forge/forge-parent/10/forge-parent-10.pom
2025-09-11 11:14:30,362 [Worker-10: ビルド] INFO  o.e.m.c.i.e.AbstractTransferListenerAdapter - Downloaded https://repo.maven.apache.org/maven2/org/sonatype/forge/forge-parent/10/forge-parent-10.pom
2025-09-11 11:14:30,422 [Worker-10: ビルド] INFO  o.e.m.c.i.e.AbstractTransferListenerAdapter - Downloading https://repo.maven.apache.org/maven2/org/codehaus/plexus/plexus-classworlds/2.2.3/plexus-classworlds-2.2.3.pom
2025-09-11 11:14:30,426 [Worker-10: ビルド] INFO  o.e.m.c.i.e.AbstractTransferListenerAdapter - Downloaded https://repo.maven.apache.org/maven2/org/codehaus/plexus/plexus-classworlds/2.2.3/plexus-classworlds-2.2.3.pom
2025-09-11 11:14:30,491 [Worker-10: ビルド] INFO  o.e.m.c.i.e.AbstractTransferListenerAdapter - Downloading https://repo.maven.apache.org/maven2/org/codehaus/plexus/plexus-utils/2.0.5/plexus-utils-2.0.5.pom
2025-09-11 11:14:30,494 [Worker-10: ビルド] INFO  o.e.m.c.i.e.AbstractTransferListenerAdapter - Downloaded https://repo.maven.apache.org/maven2/org/codehaus/plexus/plexus-utils/2.0.5/plexus-utils-2.0.5.pom
2025-09-11 11:14:30,563 [Worker-10: ビルド] INFO  o.e.m.c.i.e.AbstractTransferListenerAdapter - Downloading https://repo.maven.apache.org/maven2/org/sonatype/sisu/sisu-inject-bean/1.4.2/sisu-inject-bean-1.4.2.pom
2025-09-11 11:14:30,567 [Worker-10: ビルド] INFO  o.e.m.c.i.e.AbstractTransferListenerAdapter - Downloaded https://repo.maven.apache.org/maven2/org/sonatype/sisu/sisu-inject-bean/1.4.2/sisu-inject-bean-1.4.2.pom
2025-09-11 11:14:30,634 [Worker-10: ビルド] INFO  o.e.m.c.i.e.AbstractTransferListenerAdapter - Downloading https://repo.maven.apache.org/maven2/org/sonatype/sisu/sisu-guice/2.1.7/sisu-guice-2.1.7.pom
2025-09-11 11:14:30,644 [Worker-10: ビルド] INFO  o.e.m.c.i.e.AbstractTransferListenerAdapter - Downloaded https://repo.maven.apache.org/maven2/org/sonatype/sisu/sisu-guice/2.1.7/sisu-guice-2.1.7.pom
2025-09-11 11:14:30,776 [Worker-10: ビルド] INFO  o.e.m.c.i.e.AbstractTransferListenerAdapter - Downloading https://repo.maven.apache.org/maven2/org/apache/maven/maven-core/3.0/maven-core-3.0.pom
2025-09-11 11:14:30,809 [Worker-10: ビルド] INFO  o.e.m.c.i.e.AbstractTransferListenerAdapter - Downloaded https://repo.maven.apache.org/maven2/org/apache/maven/maven-core/3.0/maven-core-3.0.pom
2025-09-11 11:14:30,913 [Worker-10: ビルド] INFO  o.e.m.c.i.e.AbstractTransferListenerAdapter - Downloading https://repo.maven.apache.org/maven2/org/apache/maven/maven-settings/3.0/maven-settings-3.0.pom
2025-09-11 11:14:30,920 [Worker-10: ビルド] INFO  o.e.m.c.i.e.AbstractTransferListenerAdapter - Downloaded https://repo.maven.apache.org/maven2/org/apache/maven/maven-settings/3.0/maven-settings-3.0.pom
2025-09-11 11:14:30,987 [Worker-10: ビルド] INFO  o.e.m.c.i.e.AbstractTransferListenerAdapter - Downloading https://repo.maven.apache.org/maven2/org/apache/maven/maven-settings-builder/3.0/maven-settings-builder-3.0.pom
2025-09-11 11:14:30,991 [Worker-10: ビルド] INFO  o.e.m.c.i.e.AbstractTransferListenerAdapter - Downloaded https://repo.maven.apache.org/maven2/org/apache/maven/maven-settings-builder/3.0/maven-settings-builder-3.0.pom
2025-09-11 11:14:31,198 [Worker-10: ビルド] INFO  o.e.m.c.i.e.AbstractTransferListenerAdapter - Downloading https://repo.maven.apache.org/maven2/org/codehaus/plexus/plexus-interpolation/1.14/plexus-interpolation-1.14.pom
2025-09-11 11:14:31,235 [Worker-10: ビルド] INFO  o.e.m.c.i.e.AbstractTransferListenerAdapter - Downloaded https://repo.maven.apache.org/maven2/org/codehaus/plexus/plexus-interpolation/1.14/plexus-interpolation-1.14.pom
2025-09-11 11:14:31,332 [Worker-10: ビルド] INFO  o.e.m.c.i.e.AbstractTransferListenerAdapter - Downloading https://repo.maven.apache.org/maven2/org/codehaus/plexus/plexus-components/1.1.18/plexus-components-1.1.18.pom
2025-09-11 11:14:31,335 [Worker-10: ビルド] INFO  o.e.m.c.i.e.AbstractTransferListenerAdapter - Downloaded https://repo.maven.apache.org/maven2/org/codehaus/plexus/plexus-components/1.1.18/plexus-components-1.1.18.pom
2025-09-11 11:14:31,406 [Worker-10: ビルド] INFO  o.e.m.c.i.e.AbstractTransferListenerAdapter - Downloading https://repo.maven.apache.org/maven2/org/codehaus/plexus/plexus/2.0.7/plexus-2.0.7.pom
2025-09-11 11:14:31,412 [Worker-10: ビルド] INFO  o.e.m.c.i.e.AbstractTransferListenerAdapter - Downloaded https://repo.maven.apache.org/maven2/org/codehaus/plexus/plexus/2.0.7/plexus-2.0.7.pom
2025-09-11 11:14:31,565 [Worker-10: ビルド] INFO  o.e.m.c.i.e.AbstractTransferListenerAdapter - Downloading https://repo.maven.apache.org/maven2/org/sonatype/plexus/plexus-sec-dispatcher/1.3/plexus-sec-dispatcher-1.3.pom
2025-09-11 11:14:31,570 [Worker-10: ビルド] INFO  o.e.m.c.i.e.AbstractTransferListenerAdapter - Downloaded https://repo.maven.apache.org/maven2/org/sonatype/plexus/plexus-sec-dispatcher/1.3/plexus-sec-dispatcher-1.3.pom
2025-09-11 11:14:31,684 [Worker-10: ビルド] INFO  o.e.m.c.i.e.AbstractTransferListenerAdapter - Downloading https://repo.maven.apache.org/maven2/org/sonatype/spice/spice-parent/12/spice-parent-12.pom
2025-09-11 11:14:31,691 [Worker-10: ビルド] INFO  o.e.m.c.i.e.AbstractTransferListenerAdapter - Downloaded https://repo.maven.apache.org/maven2/org/sonatype/spice/spice-parent/12/spice-parent-12.pom
2025-09-11 11:14:31,825 [Worker-10: ビルド] INFO  o.e.m.c.i.e.AbstractTransferListenerAdapter - Downloading https://repo.maven.apache.org/maven2/org/sonatype/forge/forge-parent/4/forge-parent-4.pom
2025-09-11 11:14:31,833 [Worker-10: ビルド] INFO  o.e.m.c.i.e.AbstractTransferListenerAdapter - Downloaded https://repo.maven.apache.org/maven2/org/sonatype/forge/forge-parent/4/forge-parent-4.pom
2025-09-11 11:14:31,891 [Worker-10: ビルド] INFO  o.e.m.c.i.e.AbstractTransferListenerAdapter - Downloading https://repo.maven.apache.org/maven2/org/codehaus/plexus/plexus-utils/1.5.5/plexus-utils-1.5.5.pom
2025-09-11 11:14:31,895 [Worker-10: ビルド] INFO  o.e.m.c.i.e.AbstractTransferListenerAdapter - Downloaded https://repo.maven.apache.org/maven2/org/codehaus/plexus/plexus-utils/1.5.5/plexus-utils-1.5.5.pom
2025-09-11 11:14:31,968 [Worker-10: ビルド] INFO  o.e.m.c.i.e.AbstractTransferListenerAdapter - Downloading https://repo.maven.apache.org/maven2/org/codehaus/plexus/plexus/1.0.11/plexus-1.0.11.pom
2025-09-11 11:14:31,978 [Worker-10: ビルド] INFO  o.e.m.c.i.e.AbstractTransferListenerAdapter - Downloaded https://repo.maven.apache.org/maven2/org/codehaus/plexus/plexus/1.0.11/plexus-1.0.11.pom
2025-09-11 11:14:32,101 [Worker-10: ビルド] INFO  o.e.m.c.i.e.AbstractTransferListenerAdapter - Downloading https://repo.maven.apache.org/maven2/org/sonatype/plexus/plexus-cipher/1.4/plexus-cipher-1.4.pom
2025-09-11 11:14:32,136 [Worker-10: ビルド] INFO  o.e.m.c.i.e.AbstractTransferListenerAdapter - Downloaded https://repo.maven.apache.org/maven2/org/sonatype/plexus/plexus-cipher/1.4/plexus-cipher-1.4.pom
2025-09-11 11:14:32,244 [Worker-10: ビルド] INFO  o.e.m.c.i.e.AbstractTransferListenerAdapter - Downloading https://repo.maven.apache.org/maven2/org/apache/maven/maven-repository-metadata/3.0/maven-repository-metadata-3.0.pom
2025-09-11 11:14:32,253 [Worker-10: ビルド] INFO  o.e.m.c.i.e.AbstractTransferListenerAdapter - Downloaded https://repo.maven.apache.org/maven2/org/apache/maven/maven-repository-metadata/3.0/maven-repository-metadata-3.0.pom
2025-09-11 11:14:32,381 [Worker-10: ビルド] INFO  o.e.m.c.i.e.AbstractTransferListenerAdapter - Downloading https://repo.maven.apache.org/maven2/org/apache/maven/maven-model-builder/3.0/maven-model-builder-3.0.pom
2025-09-11 11:14:32,415 [Worker-10: ビルド] INFO  o.e.m.c.i.e.AbstractTransferListenerAdapter - Downloaded https://repo.maven.apache.org/maven2/org/apache/maven/maven-model-builder/3.0/maven-model-builder-3.0.pom
2025-09-11 11:14:32,481 [Worker-10: ビルド] INFO  o.e.m.c.i.e.AbstractTransferListenerAdapter - Downloading https://repo.maven.apache.org/maven2/org/apache/maven/maven-aether-provider/3.0/maven-aether-provider-3.0.pom
2025-09-11 11:14:32,491 [Worker-10: ビルド] INFO  o.e.m.c.i.e.AbstractTransferListenerAdapter - Downloaded https://repo.maven.apache.org/maven2/org/apache/maven/maven-aether-provider/3.0/maven-aether-provider-3.0.pom
2025-09-11 11:14:32,595 [Worker-10: ビルド] INFO  o.e.m.c.i.e.AbstractTransferListenerAdapter - Downloading https://repo.maven.apache.org/maven2/org/sonatype/aether/aether-api/1.7/aether-api-1.7.pom
2025-09-11 11:14:32,604 [Worker-10: ビルド] INFO  o.e.m.c.i.e.AbstractTransferListenerAdapter - Downloaded https://repo.maven.apache.org/maven2/org/sonatype/aether/aether-api/1.7/aether-api-1.7.pom
2025-09-11 11:14:32,663 [Worker-10: ビルド] INFO  o.e.m.c.i.e.AbstractTransferListenerAdapter - Downloading https://repo.maven.apache.org/maven2/org/sonatype/aether/aether-parent/1.7/aether-parent-1.7.pom
2025-09-11 11:14:32,669 [Worker-10: ビルド] INFO  o.e.m.c.i.e.AbstractTransferListenerAdapter - Downloaded https://repo.maven.apache.org/maven2/org/sonatype/aether/aether-parent/1.7/aether-parent-1.7.pom
2025-09-11 11:14:32,736 [Worker-10: ビルド] INFO  o.e.m.c.i.e.AbstractTransferListenerAdapter - Downloading https://repo.maven.apache.org/maven2/org/sonatype/aether/aether-util/1.7/aether-util-1.7.pom
2025-09-11 11:14:32,744 [Worker-10: ビルド] INFO  o.e.m.c.i.e.AbstractTransferListenerAdapter - Downloaded https://repo.maven.apache.org/maven2/org/sonatype/aether/aether-util/1.7/aether-util-1.7.pom
2025-09-11 11:14:32,901 [Worker-10: ビルド] INFO  o.e.m.c.i.e.AbstractTransferListenerAdapter - Downloading https://repo.maven.apache.org/maven2/org/sonatype/aether/aether-impl/1.7/aether-impl-1.7.pom
2025-09-11 11:14:32,925 [Worker-10: ビルド] INFO  o.e.m.c.i.e.AbstractTransferListenerAdapter - Downloaded https://repo.maven.apache.org/maven2/org/sonatype/aether/aether-impl/1.7/aether-impl-1.7.pom
2025-09-11 11:14:33,016 [Worker-10: ビルド] INFO  o.e.m.c.i.e.AbstractTransferListenerAdapter - Downloading https://repo.maven.apache.org/maven2/org/sonatype/aether/aether-spi/1.7/aether-spi-1.7.pom
2025-09-11 11:14:33,023 [Worker-10: ビルド] INFO  o.e.m.c.i.e.AbstractTransferListenerAdapter - Downloaded https://repo.maven.apache.org/maven2/org/sonatype/aether/aether-spi/1.7/aether-spi-1.7.pom
2025-09-11 11:14:33,153 [Worker-10: ビルド] INFO  o.e.m.c.i.e.AbstractTransferListenerAdapter - Downloading https://repo.maven.apache.org/maven2/org/apache/maven/maven-archiver/3.4.0/maven-archiver-3.4.0.pom
2025-09-11 11:14:33,168 [Worker-10: ビルド] INFO  o.e.m.c.i.e.AbstractTransferListenerAdapter - Downloaded https://repo.maven.apache.org/maven2/org/apache/maven/maven-archiver/3.4.0/maven-archiver-3.4.0.pom
2025-09-11 11:14:33,292 [Worker-10: ビルド] INFO  o.e.m.c.i.e.AbstractTransferListenerAdapter - Downloading https://repo.maven.apache.org/maven2/org/apache/maven/shared/maven-shared-components/33/maven-shared-components-33.pom
2025-09-11 11:14:33,326 [Worker-10: ビルド] INFO  o.e.m.c.i.e.AbstractTransferListenerAdapter - Downloaded https://repo.maven.apache.org/maven2/org/apache/maven/shared/maven-shared-components/33/maven-shared-components-33.pom
2025-09-11 11:14:33,442 [Worker-10: ビルド] INFO  o.e.m.c.i.e.AbstractTransferListenerAdapter - Downloading https://repo.maven.apache.org/maven2/org/apache/maven/shared/maven-shared-utils/3.2.1/maven-shared-utils-3.2.1.pom
2025-09-11 11:14:33,449 [Worker-10: ビルド] INFO  o.e.m.c.i.e.AbstractTransferListenerAdapter - Downloaded https://repo.maven.apache.org/maven2/org/apache/maven/shared/maven-shared-utils/3.2.1/maven-shared-utils-3.2.1.pom
2025-09-11 11:14:33,601 [Worker-10: ビルド] INFO  o.e.m.c.i.e.AbstractTransferListenerAdapter - Downloading https://repo.maven.apache.org/maven2/org/apache/maven/shared/maven-shared-components/30/maven-shared-components-30.pom
2025-09-11 11:14:33,605 [Worker-10: ビルド] INFO  o.e.m.c.i.e.AbstractTransferListenerAdapter - Downloaded https://repo.maven.apache.org/maven2/org/apache/maven/shared/maven-shared-components/30/maven-shared-components-30.pom
2025-09-11 11:14:33,713 [Worker-10: ビルド] INFO  o.e.m.c.i.e.AbstractTransferListenerAdapter - Downloading https://repo.maven.apache.org/maven2/org/apache/maven/maven-parent/30/maven-parent-30.pom
2025-09-11 11:14:33,760 [Worker-10: ビルド] INFO  o.e.m.c.i.e.AbstractTransferListenerAdapter - Downloaded https://repo.maven.apache.org/maven2/org/apache/maven/maven-parent/30/maven-parent-30.pom
2025-09-11 11:14:33,854 [Worker-10: ビルド] INFO  o.e.m.c.i.e.AbstractTransferListenerAdapter - Downloading https://repo.maven.apache.org/maven2/org/apache/apache/18/apache-18.pom
2025-09-11 11:14:33,860 [Worker-10: ビルド] INFO  o.e.m.c.i.e.AbstractTransferListenerAdapter - Downloaded https://repo.maven.apache.org/maven2/org/apache/apache/18/apache-18.pom
2025-09-11 11:14:33,929 [Worker-10: ビルド] INFO  o.e.m.c.i.e.AbstractTransferListenerAdapter - Downloading https://repo.maven.apache.org/maven2/commons-io/commons-io/2.5/commons-io-2.5.pom
2025-09-11 11:14:33,933 [Worker-10: ビルド] INFO  o.e.m.c.i.e.AbstractTransferListenerAdapter - Downloaded https://repo.maven.apache.org/maven2/commons-io/commons-io/2.5/commons-io-2.5.pom
2025-09-11 11:14:33,999 [Worker-10: ビルド] INFO  o.e.m.c.i.e.AbstractTransferListenerAdapter - Downloading https://repo.maven.apache.org/maven2/org/apache/commons/commons-parent/39/commons-parent-39.pom
2025-09-11 11:14:34,017 [Worker-10: ビルド] INFO  o.e.m.c.i.e.AbstractTransferListenerAdapter - Downloaded https://repo.maven.apache.org/maven2/org/apache/commons/commons-parent/39/commons-parent-39.pom
2025-09-11 11:14:34,133 [Worker-10: ビルド] INFO  o.e.m.c.i.e.AbstractTransferListenerAdapter - Downloading https://repo.maven.apache.org/maven2/org/apache/apache/16/apache-16.pom
2025-09-11 11:14:34,136 [Worker-10: ビルド] INFO  o.e.m.c.i.e.AbstractTransferListenerAdapter - Downloaded https://repo.maven.apache.org/maven2/org/apache/apache/16/apache-16.pom
2025-09-11 11:14:34,207 [Worker-10: ビルド] INFO  o.e.m.c.i.e.AbstractTransferListenerAdapter - Downloading https://repo.maven.apache.org/maven2/org/codehaus/plexus/plexus-archiver/4.1.0/plexus-archiver-4.1.0.pom
2025-09-11 11:14:34,211 [Worker-10: ビルド] INFO  o.e.m.c.i.e.AbstractTransferListenerAdapter - Downloaded https://repo.maven.apache.org/maven2/org/codehaus/plexus/plexus-archiver/4.1.0/plexus-archiver-4.1.0.pom
2025-09-11 11:14:34,346 [Worker-10: ビルド] INFO  o.e.m.c.i.e.AbstractTransferListenerAdapter - Downloading https://repo.maven.apache.org/maven2/org/codehaus/plexus/plexus/5.1/plexus-5.1.pom
2025-09-11 11:14:34,381 [Worker-10: ビルド] INFO  o.e.m.c.i.e.AbstractTransferListenerAdapter - Downloaded https://repo.maven.apache.org/maven2/org/codehaus/plexus/plexus/5.1/plexus-5.1.pom
2025-09-11 11:14:34,692 [Worker-10: ビルド] INFO  o.e.m.c.i.e.AbstractTransferListenerAdapter - Downloading https://repo.maven.apache.org/maven2/org/codehaus/plexus/plexus-utils/3.1.1/plexus-utils-3.1.1.pom
2025-09-11 11:14:34,726 [Worker-10: ビルド] INFO  o.e.m.c.i.e.AbstractTransferListenerAdapter - Downloaded https://repo.maven.apache.org/maven2/org/codehaus/plexus/plexus-utils/3.1.1/plexus-utils-3.1.1.pom
2025-09-11 11:14:34,834 [Worker-10: ビルド] INFO  o.e.m.c.i.e.AbstractTransferListenerAdapter - Downloading https://repo.maven.apache.org/maven2/org/codehaus/plexus/plexus-io/3.1.1/plexus-io-3.1.1.pom
2025-09-11 11:14:34,866 [Worker-10: ビルド] INFO  o.e.m.c.i.e.AbstractTransferListenerAdapter - Downloaded https://repo.maven.apache.org/maven2/org/codehaus/plexus/plexus-io/3.1.1/plexus-io-3.1.1.pom
2025-09-11 11:14:34,926 [Worker-10: ビルド] INFO  o.e.m.c.i.e.AbstractTransferListenerAdapter - Downloading https://repo.maven.apache.org/maven2/org/codehaus/plexus/plexus-utils/3.1.0/plexus-utils-3.1.0.pom
2025-09-11 11:14:34,930 [Worker-10: ビルド] INFO  o.e.m.c.i.e.AbstractTransferListenerAdapter - Downloaded https://repo.maven.apache.org/maven2/org/codehaus/plexus/plexus-utils/3.1.0/plexus-utils-3.1.0.pom
2025-09-11 11:14:35,043 [Worker-10: ビルド] INFO  o.e.m.c.i.e.AbstractTransferListenerAdapter - Downloading https://repo.maven.apache.org/maven2/commons-io/commons-io/2.6/commons-io-2.6.pom
2025-09-11 11:14:35,079 [Worker-10: ビルド] INFO  o.e.m.c.i.e.AbstractTransferListenerAdapter - Downloaded https://repo.maven.apache.org/maven2/commons-io/commons-io/2.6/commons-io-2.6.pom
2025-09-11 11:14:35,189 [Worker-10: ビルド] INFO  o.e.m.c.i.e.AbstractTransferListenerAdapter - Downloading https://repo.maven.apache.org/maven2/org/apache/commons/commons-parent/42/commons-parent-42.pom
2025-09-11 11:14:35,201 [Worker-10: ビルド] INFO  o.e.m.c.i.e.AbstractTransferListenerAdapter - Downloaded https://repo.maven.apache.org/maven2/org/apache/commons/commons-parent/42/commons-parent-42.pom
2025-09-11 11:14:35,325 [Worker-10: ビルド] INFO  o.e.m.c.i.e.AbstractTransferListenerAdapter - Downloading https://repo.maven.apache.org/maven2/org/apache/commons/commons-compress/1.18/commons-compress-1.18.pom
2025-09-11 11:14:35,329 [Worker-10: ビルド] INFO  o.e.m.c.i.e.AbstractTransferListenerAdapter - Downloaded https://repo.maven.apache.org/maven2/org/apache/commons/commons-compress/1.18/commons-compress-1.18.pom
2025-09-11 11:14:35,465 [Worker-10: ビルド] INFO  o.e.m.c.i.e.AbstractTransferListenerAdapter - Downloading https://repo.maven.apache.org/maven2/org/apache/commons/commons-parent/47/commons-parent-47.pom
2025-09-11 11:14:35,568 [Worker-10: ビルド] INFO  o.e.m.c.i.e.AbstractTransferListenerAdapter - Downloaded https://repo.maven.apache.org/maven2/org/apache/commons/commons-parent/47/commons-parent-47.pom
2025-09-11 11:14:35,677 [Worker-10: ビルド] INFO  o.e.m.c.i.e.AbstractTransferListenerAdapter - Downloading https://repo.maven.apache.org/maven2/org/apache/apache/19/apache-19.pom
2025-09-11 11:14:35,682 [Worker-10: ビルド] INFO  o.e.m.c.i.e.AbstractTransferListenerAdapter - Downloaded https://repo.maven.apache.org/maven2/org/apache/apache/19/apache-19.pom
2025-09-11 11:14:35,744 [Worker-10: ビルド] INFO  o.e.m.c.i.e.AbstractTransferListenerAdapter - Downloading https://repo.maven.apache.org/maven2/org/iq80/snappy/snappy/0.4/snappy-0.4.pom
2025-09-11 11:14:35,751 [Worker-10: ビルド] INFO  o.e.m.c.i.e.AbstractTransferListenerAdapter - Downloaded https://repo.maven.apache.org/maven2/org/iq80/snappy/snappy/0.4/snappy-0.4.pom
2025-09-11 11:14:35,883 [Worker-10: ビルド] INFO  o.e.m.c.i.e.AbstractTransferListenerAdapter - Downloading https://repo.maven.apache.org/maven2/org/tukaani/xz/1.8/xz-1.8.pom
2025-09-11 11:14:35,887 [Worker-10: ビルド] INFO  o.e.m.c.i.e.AbstractTransferListenerAdapter - Downloaded https://repo.maven.apache.org/maven2/org/tukaani/xz/1.8/xz-1.8.pom
2025-09-11 11:14:35,961 [Worker-10: ビルド] INFO  o.e.m.c.i.e.AbstractTransferListenerAdapter - Downloading https://repo.maven.apache.org/maven2/org/codehaus/plexus/plexus-interpolation/1.25/plexus-interpolation-1.25.pom
2025-09-11 11:14:35,965 [Worker-10: ビルド] INFO  o.e.m.c.i.e.AbstractTransferListenerAdapter - Downloaded https://repo.maven.apache.org/maven2/org/codehaus/plexus/plexus-interpolation/1.25/plexus-interpolation-1.25.pom
2025-09-11 11:14:36,094 [Worker-10: ビルド] INFO  o.e.m.c.i.e.AbstractTransferListenerAdapter - Downloading https://repo.maven.apache.org/maven2/com/thoughtworks/xstream/xstream/1.4.10/xstream-1.4.10.pom
2025-09-11 11:14:36,104 [Worker-10: ビルド] INFO  o.e.m.c.i.e.AbstractTransferListenerAdapter - Downloaded https://repo.maven.apache.org/maven2/com/thoughtworks/xstream/xstream/1.4.10/xstream-1.4.10.pom
2025-09-11 11:14:36,242 [Worker-10: ビルド] INFO  o.e.m.c.i.e.AbstractTransferListenerAdapter - Downloading https://repo.maven.apache.org/maven2/com/thoughtworks/xstream/xstream-parent/1.4.10/xstream-parent-1.4.10.pom
2025-09-11 11:14:36,276 [Worker-10: ビルド] INFO  o.e.m.c.i.e.AbstractTransferListenerAdapter - Downloaded https://repo.maven.apache.org/maven2/com/thoughtworks/xstream/xstream-parent/1.4.10/xstream-parent-1.4.10.pom
2025-09-11 11:14:36,372 [Worker-10: ビルド] INFO  o.e.m.c.i.e.AbstractTransferListenerAdapter - Downloading https://repo.maven.apache.org/maven2/xmlpull/xmlpull/1.1.3.1/xmlpull-1.1.3.1.pom
2025-09-11 11:14:36,377 [Worker-10: ビルド] INFO  o.e.m.c.i.e.AbstractTransferListenerAdapter - Downloaded https://repo.maven.apache.org/maven2/xmlpull/xmlpull/1.1.3.1/xmlpull-1.1.3.1.pom
2025-09-11 11:14:36,512 [Worker-10: ビルド] INFO  o.e.m.c.i.e.AbstractTransferListenerAdapter - Downloading https://repo.maven.apache.org/maven2/xpp3/xpp3_min/1.1.4c/xpp3_min-1.1.4c.pom
2025-09-11 11:14:36,544 [Worker-10: ビルド] INFO  o.e.m.c.i.e.AbstractTransferListenerAdapter - Downloaded https://repo.maven.apache.org/maven2/xpp3/xpp3_min/1.1.4c/xpp3_min-1.1.4c.pom
2025-09-11 11:14:36,654 [Worker-10: ビルド] INFO  o.e.m.c.i.e.AbstractTransferListenerAdapter - Downloading https://repo.maven.apache.org/maven2/org/codehaus/plexus/plexus-utils/3.2.0/plexus-utils-3.2.0.pom
2025-09-11 11:14:36,661 [Worker-10: ビルド] INFO  o.e.m.c.i.e.AbstractTransferListenerAdapter - Downloaded https://repo.maven.apache.org/maven2/org/codehaus/plexus/plexus-utils/3.2.0/plexus-utils-3.2.0.pom
2025-09-11 11:14:36,726 [Worker-10: ビルド] INFO  o.e.m.c.i.e.AbstractTransferListenerAdapter - Downloading https://repo.maven.apache.org/maven2/org/apache/maven/shared/maven-filtering/3.1.1/maven-filtering-3.1.1.pom
2025-09-11 11:14:36,732 [Worker-10: ビルド] INFO  o.e.m.c.i.e.AbstractTransferListenerAdapter - Downloaded https://repo.maven.apache.org/maven2/org/apache/maven/shared/maven-filtering/3.1.1/maven-filtering-3.1.1.pom
2025-09-11 11:14:36,797 [Worker-10: ビルド] INFO  o.e.m.c.i.e.AbstractTransferListenerAdapter - Downloading https://repo.maven.apache.org/maven2/org/apache/maven/shared/maven-shared-utils/3.0.0/maven-shared-utils-3.0.0.pom
2025-09-11 11:14:36,806 [Worker-10: ビルド] INFO  o.e.m.c.i.e.AbstractTransferListenerAdapter - Downloaded https://repo.maven.apache.org/maven2/org/apache/maven/shared/maven-shared-utils/3.0.0/maven-shared-utils-3.0.0.pom
2025-09-11 11:14:36,862 [Worker-10: ビルド] INFO  o.e.m.c.i.e.AbstractTransferListenerAdapter - Downloading https://repo.maven.apache.org/maven2/org/apache/maven/shared/maven-shared-components/21/maven-shared-components-21.pom
2025-09-11 11:14:36,869 [Worker-10: ビルド] INFO  o.e.m.c.i.e.AbstractTransferListenerAdapter - Downloaded https://repo.maven.apache.org/maven2/org/apache/maven/shared/maven-shared-components/21/maven-shared-components-21.pom
2025-09-11 11:14:37,018 [Worker-10: ビルド] INFO  o.e.m.c.i.e.AbstractTransferListenerAdapter - Downloading https://repo.maven.apache.org/maven2/org/apache/maven/maven-parent/25/maven-parent-25.pom
2025-09-11 11:14:37,061 [Worker-10: ビルド] INFO  o.e.m.c.i.e.AbstractTransferListenerAdapter - Downloaded https://repo.maven.apache.org/maven2/org/apache/maven/maven-parent/25/maven-parent-25.pom
2025-09-11 11:14:37,144 [Worker-10: ビルド] INFO  o.e.m.c.i.e.AbstractTransferListenerAdapter - Downloading https://repo.maven.apache.org/maven2/org/apache/apache/15/apache-15.pom
2025-09-11 11:14:37,149 [Worker-10: ビルド] INFO  o.e.m.c.i.e.AbstractTransferListenerAdapter - Downloaded https://repo.maven.apache.org/maven2/org/apache/apache/15/apache-15.pom
2025-09-11 11:14:37,282 [Worker-10: ビルド] INFO  o.e.m.c.i.e.AbstractTransferListenerAdapter - Downloading https://repo.maven.apache.org/maven2/commons-io/commons-io/2.4/commons-io-2.4.pom
2025-09-11 11:14:37,288 [Worker-10: ビルド] INFO  o.e.m.c.i.e.AbstractTransferListenerAdapter - Downloaded https://repo.maven.apache.org/maven2/commons-io/commons-io/2.4/commons-io-2.4.pom
2025-09-11 11:14:37,357 [Worker-10: ビルド] INFO  o.e.m.c.i.e.AbstractTransferListenerAdapter - Downloading https://repo.maven.apache.org/maven2/org/apache/commons/commons-parent/25/commons-parent-25.pom
2025-09-11 11:14:37,430 [Worker-10: ビルド] INFO  o.e.m.c.i.e.AbstractTransferListenerAdapter - Downloaded https://repo.maven.apache.org/maven2/org/apache/commons/commons-parent/25/commons-parent-25.pom
2025-09-11 11:14:37,493 [Worker-10: ビルド] INFO  o.e.m.c.i.e.AbstractTransferListenerAdapter - Downloading https://repo.maven.apache.org/maven2/org/apache/apache/9/apache-9.pom
2025-09-11 11:14:37,498 [Worker-10: ビルド] INFO  o.e.m.c.i.e.AbstractTransferListenerAdapter - Downloaded https://repo.maven.apache.org/maven2/org/apache/apache/9/apache-9.pom
2025-09-11 11:14:37,640 [Worker-10: ビルド] INFO  o.e.m.c.i.e.AbstractTransferListenerAdapter - Downloading https://repo.maven.apache.org/maven2/com/google/code/findbugs/jsr305/2.0.1/jsr305-2.0.1.pom
2025-09-11 11:14:37,646 [Worker-10: ビルド] INFO  o.e.m.c.i.e.AbstractTransferListenerAdapter - Downloaded https://repo.maven.apache.org/maven2/com/google/code/findbugs/jsr305/2.0.1/jsr305-2.0.1.pom
2025-09-11 11:14:37,934 [Worker-10: ビルド] INFO  o.e.m.c.i.e.AbstractTransferListenerAdapter - Downloading https://repo.maven.apache.org/maven2/org/codehaus/plexus/plexus-utils/3.0.24/plexus-utils-3.0.24.pom
2025-09-11 11:14:37,940 [Worker-10: ビルド] INFO  o.e.m.c.i.e.AbstractTransferListenerAdapter - Downloaded https://repo.maven.apache.org/maven2/org/codehaus/plexus/plexus-utils/3.0.24/plexus-utils-3.0.24.pom
2025-09-11 11:14:38,055 [Worker-10: ビルド] INFO  o.e.m.c.i.e.AbstractTransferListenerAdapter - Downloading https://repo.maven.apache.org/maven2/org/codehaus/plexus/plexus-interpolation/1.22/plexus-interpolation-1.22.pom
2025-09-11 11:14:38,090 [Worker-10: ビルド] INFO  o.e.m.c.i.e.AbstractTransferListenerAdapter - Downloaded https://repo.maven.apache.org/maven2/org/codehaus/plexus/plexus-interpolation/1.22/plexus-interpolation-1.22.pom
2025-09-11 11:14:38,360 [Worker-10: ビルド] INFO  o.e.m.c.i.e.AbstractTransferListenerAdapter - Downloading https://repo.maven.apache.org/maven2/org/codehaus/plexus/plexus-components/1.3.1/plexus-components-1.3.1.pom
2025-09-11 11:14:38,365 [Worker-10: ビルド] INFO  o.e.m.c.i.e.AbstractTransferListenerAdapter - Downloaded https://repo.maven.apache.org/maven2/org/codehaus/plexus/plexus-components/1.3.1/plexus-components-1.3.1.pom
2025-09-11 11:14:38,545 [Worker-10: ビルド] INFO  o.e.m.c.i.e.AbstractTransferListenerAdapter - Downloading https://repo.maven.apache.org/maven2/org/codehaus/plexus/plexus/3.3.1/plexus-3.3.1.pom
2025-09-11 11:14:38,551 [Worker-10: ビルド] INFO  o.e.m.c.i.e.AbstractTransferListenerAdapter - Downloaded https://repo.maven.apache.org/maven2/org/codehaus/plexus/plexus/3.3.1/plexus-3.3.1.pom
2025-09-11 11:14:38,616 [Worker-10: ビルド] INFO  o.e.m.c.i.e.AbstractTransferListenerAdapter - Downloading https://repo.maven.apache.org/maven2/org/sonatype/spice/spice-parent/17/spice-parent-17.pom
2025-09-11 11:14:38,624 [Worker-10: ビルド] INFO  o.e.m.c.i.e.AbstractTransferListenerAdapter - Downloaded https://repo.maven.apache.org/maven2/org/sonatype/spice/spice-parent/17/spice-parent-17.pom
2025-09-11 11:14:38,753 [Worker-10: ビルド] INFO  o.e.m.c.i.e.AbstractTransferListenerAdapter - Downloading https://repo.maven.apache.org/maven2/org/sonatype/plexus/plexus-build-api/0.0.7/plexus-build-api-0.0.7.pom
2025-09-11 11:14:38,787 [Worker-10: ビルド] INFO  o.e.m.c.i.e.AbstractTransferListenerAdapter - Downloaded https://repo.maven.apache.org/maven2/org/sonatype/plexus/plexus-build-api/0.0.7/plexus-build-api-0.0.7.pom
2025-09-11 11:14:38,901 [Worker-10: ビルド] INFO  o.e.m.c.i.e.AbstractTransferListenerAdapter - Downloading https://repo.maven.apache.org/maven2/org/sonatype/spice/spice-parent/15/spice-parent-15.pom
2025-09-11 11:14:38,939 [Worker-10: ビルド] INFO  o.e.m.c.i.e.AbstractTransferListenerAdapter - Downloaded https://repo.maven.apache.org/maven2/org/sonatype/spice/spice-parent/15/spice-parent-15.pom
2025-09-11 11:14:39,034 [Worker-10: ビルド] INFO  o.e.m.c.i.e.AbstractTransferListenerAdapter - Downloading https://repo.maven.apache.org/maven2/org/sonatype/forge/forge-parent/5/forge-parent-5.pom
2025-09-11 11:14:39,043 [Worker-10: ビルド] INFO  o.e.m.c.i.e.AbstractTransferListenerAdapter - Downloaded https://repo.maven.apache.org/maven2/org/sonatype/forge/forge-parent/5/forge-parent-5.pom
2025-09-11 11:14:39,103 [Worker-10: ビルド] INFO  o.e.m.c.i.e.AbstractTransferListenerAdapter - Downloading https://repo.maven.apache.org/maven2/org/codehaus/plexus/plexus-utils/1.5.8/plexus-utils-1.5.8.pom
2025-09-11 11:14:39,118 [Worker-10: ビルド] INFO  o.e.m.c.i.e.AbstractTransferListenerAdapter - Downloaded https://repo.maven.apache.org/maven2/org/codehaus/plexus/plexus-utils/1.5.8/plexus-utils-1.5.8.pom
2025-09-11 11:14:39,184 [Worker-10: ビルド] INFO  o.e.m.c.i.e.AbstractTransferListenerAdapter - Downloading https://repo.maven.apache.org/maven2/org/codehaus/plexus/plexus/2.0.2/plexus-2.0.2.pom
2025-09-11 11:14:39,192 [Worker-10: ビルド] INFO  o.e.m.c.i.e.AbstractTransferListenerAdapter - Downloaded https://repo.maven.apache.org/maven2/org/codehaus/plexus/plexus/2.0.2/plexus-2.0.2.pom
2025-09-11 11:14:39,269 [Worker-10: ビルド] INFO  o.e.m.c.i.e.AbstractTransferListenerAdapter - Downloading https://repo.maven.apache.org/maven2/org/apache/maven/shared/maven-mapping/3.0.0/maven-mapping-3.0.0.pom
2025-09-11 11:14:39,276 [Worker-10: ビルド] INFO  o.e.m.c.i.e.AbstractTransferListenerAdapter - Downloaded https://repo.maven.apache.org/maven2/org/apache/maven/shared/maven-mapping/3.0.0/maven-mapping-3.0.0.pom
2025-09-11 11:14:39,387 [Worker-10: ビルド] INFO  o.e.m.c.i.e.AbstractTransferListenerAdapter - Downloading https://repo.maven.apache.org/maven2/org/apache/maven/shared/maven-shared-components/22/maven-shared-components-22.pom
2025-09-11 11:14:39,399 [Worker-10: ビルド] INFO  o.e.m.c.i.e.AbstractTransferListenerAdapter - Downloaded https://repo.maven.apache.org/maven2/org/apache/maven/shared/maven-shared-components/22/maven-shared-components-22.pom
2025-09-11 11:14:39,458 [Worker-10: ビルド] INFO  o.e.m.c.i.e.AbstractTransferListenerAdapter - Downloading https://repo.maven.apache.org/maven2/org/apache/maven/maven-parent/27/maven-parent-27.pom
2025-09-11 11:14:39,476 [Worker-10: ビルド] INFO  o.e.m.c.i.e.AbstractTransferListenerAdapter - Downloaded https://repo.maven.apache.org/maven2/org/apache/maven/maven-parent/27/maven-parent-27.pom
2025-09-11 11:14:39,600 [Worker-10: ビルド] INFO  o.e.m.c.i.e.AbstractTransferListenerAdapter - Downloading https://repo.maven.apache.org/maven2/org/apache/apache/17/apache-17.pom
2025-09-11 11:14:39,635 [Worker-10: ビルド] INFO  o.e.m.c.i.e.AbstractTransferListenerAdapter - Downloaded https://repo.maven.apache.org/maven2/org/apache/apache/17/apache-17.pom
2025-09-11 11:14:39,697 [Worker-10: ビルド] INFO  o.e.m.c.i.e.AbstractTransferListenerAdapter - Downloading https://repo.maven.apache.org/maven2/org/codehaus/plexus/plexus-interpolation/1.21/plexus-interpolation-1.21.pom
2025-09-11 11:14:39,704 [Worker-10: ビルド] INFO  o.e.m.c.i.e.AbstractTransferListenerAdapter - Downloaded https://repo.maven.apache.org/maven2/org/codehaus/plexus/plexus-interpolation/1.21/plexus-interpolation-1.21.pom
2025-09-11 11:14:39,776 [Worker-10: ビルド] INFO  o.e.m.c.i.e.AbstractTransferListenerAdapter - Downloading https://repo.maven.apache.org/maven2/org/apache/maven/maven-plugin-api/3.0/maven-plugin-api-3.0.jar
2025-09-11 11:14:39,789 [Worker-10: ビルド] INFO  o.e.m.c.i.e.AbstractTransferListenerAdapter - Downloaded https://repo.maven.apache.org/maven2/org/apache/maven/maven-plugin-api/3.0/maven-plugin-api-3.0.jar
2025-09-11 11:14:39,836 [BasicRepositoryConnector-repo.maven.apache.org-2-2] INFO  o.e.m.c.i.e.AbstractTransferListenerAdapter - Downloading https://repo.maven.apache.org/maven2/org/sonatype/sisu/sisu-inject-plexus/1.4.2/sisu-inject-plexus-1.4.2.jar
2025-09-11 11:14:39,836 [BasicRepositoryConnector-repo.maven.apache.org-2-1] INFO  o.e.m.c.i.e.AbstractTransferListenerAdapter - Downloading https://repo.maven.apache.org/maven2/org/apache/maven/maven-artifact/3.0/maven-artifact-3.0.jar
2025-09-11 11:14:39,842 [BasicRepositoryConnector-repo.maven.apache.org-2-4] INFO  o.e.m.c.i.e.AbstractTransferListenerAdapter - Downloading https://repo.maven.apache.org/maven2/org/sonatype/sisu/sisu-guice/2.1.7/sisu-guice-2.1.7-noaop.jar
2025-09-11 11:14:39,845 [BasicRepositoryConnector-repo.maven.apache.org-2-0] INFO  o.e.m.c.i.e.AbstractTransferListenerAdapter - Downloading https://repo.maven.apache.org/maven2/org/apache/maven/maven-model/3.0/maven-model-3.0.jar
2025-09-11 11:14:39,845 [BasicRepositoryConnector-repo.maven.apache.org-2-3] INFO  o.e.m.c.i.e.AbstractTransferListenerAdapter - Downloading https://repo.maven.apache.org/maven2/org/sonatype/sisu/sisu-inject-bean/1.4.2/sisu-inject-bean-1.4.2.jar
2025-09-11 11:14:39,876 [BasicRepositoryConnector-repo.maven.apache.org-2-1] INFO  o.e.m.c.i.e.AbstractTransferListenerAdapter - Downloaded https://repo.maven.apache.org/maven2/org/apache/maven/maven-artifact/3.0/maven-artifact-3.0.jar
2025-09-11 11:14:39,918 [BasicRepositoryConnector-repo.maven.apache.org-2-0] INFO  o.e.m.c.i.e.AbstractTransferListenerAdapter - Downloaded https://repo.maven.apache.org/maven2/org/apache/maven/maven-model/3.0/maven-model-3.0.jar
2025-09-11 11:14:39,946 [BasicRepositoryConnector-repo.maven.apache.org-2-2] INFO  o.e.m.c.i.e.AbstractTransferListenerAdapter - Downloaded https://repo.maven.apache.org/maven2/org/sonatype/sisu/sisu-inject-plexus/1.4.2/sisu-inject-plexus-1.4.2.jar
2025-09-11 11:14:40,004 [BasicRepositoryConnector-repo.maven.apache.org-2-4] INFO  o.e.m.c.i.e.AbstractTransferListenerAdapter - Downloaded https://repo.maven.apache.org/maven2/org/sonatype/sisu/sisu-guice/2.1.7/sisu-guice-2.1.7-noaop.jar
2025-09-11 11:14:40,010 [BasicRepositoryConnector-repo.maven.apache.org-2-1] INFO  o.e.m.c.i.e.AbstractTransferListenerAdapter - Downloading https://repo.maven.apache.org/maven2/org/apache/maven/maven-core/3.0/maven-core-3.0.jar
2025-09-11 11:14:40,015 [BasicRepositoryConnector-repo.maven.apache.org-2-3] INFO  o.e.m.c.i.e.AbstractTransferListenerAdapter - Downloaded https://repo.maven.apache.org/maven2/org/sonatype/sisu/sisu-inject-bean/1.4.2/sisu-inject-bean-1.4.2.jar
2025-09-11 11:14:40,096 [BasicRepositoryConnector-repo.maven.apache.org-2-0] INFO  o.e.m.c.i.e.AbstractTransferListenerAdapter - Downloading https://repo.maven.apache.org/maven2/org/apache/maven/maven-settings/3.0/maven-settings-3.0.jar
2025-09-11 11:14:40,121 [BasicRepositoryConnector-repo.maven.apache.org-2-2] INFO  o.e.m.c.i.e.AbstractTransferListenerAdapter - Downloading https://repo.maven.apache.org/maven2/org/apache/maven/maven-settings-builder/3.0/maven-settings-builder-3.0.jar
2025-09-11 11:14:40,121 [BasicRepositoryConnector-repo.maven.apache.org-2-4] INFO  o.e.m.c.i.e.AbstractTransferListenerAdapter - Downloading https://repo.maven.apache.org/maven2/org/apache/maven/maven-repository-metadata/3.0/maven-repository-metadata-3.0.jar
2025-09-11 11:14:40,122 [BasicRepositoryConnector-repo.maven.apache.org-2-3] INFO  o.e.m.c.i.e.AbstractTransferListenerAdapter - Downloading https://repo.maven.apache.org/maven2/org/apache/maven/maven-model-builder/3.0/maven-model-builder-3.0.jar
2025-09-11 11:14:40,126 [BasicRepositoryConnector-repo.maven.apache.org-2-0] INFO  o.e.m.c.i.e.AbstractTransferListenerAdapter - Downloaded https://repo.maven.apache.org/maven2/org/apache/maven/maven-settings/3.0/maven-settings-3.0.jar
2025-09-11 11:14:40,128 [BasicRepositoryConnector-repo.maven.apache.org-2-2] INFO  o.e.m.c.i.e.AbstractTransferListenerAdapter - Downloaded https://repo.maven.apache.org/maven2/org/apache/maven/maven-settings-builder/3.0/maven-settings-builder-3.0.jar
2025-09-11 11:14:40,128 [BasicRepositoryConnector-repo.maven.apache.org-2-1] INFO  o.e.m.c.i.e.AbstractTransferListenerAdapter - Downloaded https://repo.maven.apache.org/maven2/org/apache/maven/maven-core/3.0/maven-core-3.0.jar
2025-09-11 11:14:40,146 [BasicRepositoryConnector-repo.maven.apache.org-2-4] INFO  o.e.m.c.i.e.AbstractTransferListenerAdapter - Downloaded https://repo.maven.apache.org/maven2/org/apache/maven/maven-repository-metadata/3.0/maven-repository-metadata-3.0.jar
2025-09-11 11:14:40,165 [BasicRepositoryConnector-repo.maven.apache.org-2-3] INFO  o.e.m.c.i.e.AbstractTransferListenerAdapter - Downloaded https://repo.maven.apache.org/maven2/org/apache/maven/maven-model-builder/3.0/maven-model-builder-3.0.jar
2025-09-11 11:14:40,171 [BasicRepositoryConnector-repo.maven.apache.org-2-0] INFO  o.e.m.c.i.e.AbstractTransferListenerAdapter - Downloading https://repo.maven.apache.org/maven2/org/apache/maven/maven-aether-provider/3.0/maven-aether-provider-3.0.jar
2025-09-11 11:14:40,171 [BasicRepositoryConnector-repo.maven.apache.org-2-2] INFO  o.e.m.c.i.e.AbstractTransferListenerAdapter - Downloading https://repo.maven.apache.org/maven2/org/sonatype/aether/aether-impl/1.7/aether-impl-1.7.jar
2025-09-11 11:14:40,180 [BasicRepositoryConnector-repo.maven.apache.org-2-1] INFO  o.e.m.c.i.e.AbstractTransferListenerAdapter - Downloading https://repo.maven.apache.org/maven2/org/sonatype/aether/aether-spi/1.7/aether-spi-1.7.jar
2025-09-11 11:14:40,193 [BasicRepositoryConnector-repo.maven.apache.org-2-1] INFO  o.e.m.c.i.e.AbstractTransferListenerAdapter - Downloaded https://repo.maven.apache.org/maven2/org/sonatype/aether/aether-spi/1.7/aether-spi-1.7.jar
2025-09-11 11:14:40,200 [BasicRepositoryConnector-repo.maven.apache.org-2-0] INFO  o.e.m.c.i.e.AbstractTransferListenerAdapter - Downloaded https://repo.maven.apache.org/maven2/org/apache/maven/maven-aether-provider/3.0/maven-aether-provider-3.0.jar
2025-09-11 11:14:40,208 [BasicRepositoryConnector-repo.maven.apache.org-2-2] INFO  o.e.m.c.i.e.AbstractTransferListenerAdapter - Downloaded https://repo.maven.apache.org/maven2/org/sonatype/aether/aether-impl/1.7/aether-impl-1.7.jar
2025-09-11 11:14:40,261 [BasicRepositoryConnector-repo.maven.apache.org-2-0] INFO  o.e.m.c.i.e.AbstractTransferListenerAdapter - Downloading https://repo.maven.apache.org/maven2/org/codehaus/plexus/plexus-component-annotations/1.7.1/plexus-component-annotations-1.7.1.jar
2025-09-11 11:14:40,262 [BasicRepositoryConnector-repo.maven.apache.org-2-4] INFO  o.e.m.c.i.e.AbstractTransferListenerAdapter - Downloading https://repo.maven.apache.org/maven2/org/sonatype/aether/aether-api/1.7/aether-api-1.7.jar
2025-09-11 11:14:40,269 [BasicRepositoryConnector-repo.maven.apache.org-2-1] INFO  o.e.m.c.i.e.AbstractTransferListenerAdapter - Downloading https://repo.maven.apache.org/maven2/org/codehaus/plexus/plexus-classworlds/2.2.3/plexus-classworlds-2.2.3.jar
2025-09-11 11:14:40,272 [BasicRepositoryConnector-repo.maven.apache.org-2-0] INFO  o.e.m.c.i.e.AbstractTransferListenerAdapter - Downloaded https://repo.maven.apache.org/maven2/org/codehaus/plexus/plexus-component-annotations/1.7.1/plexus-component-annotations-1.7.1.jar
2025-09-11 11:14:40,279 [BasicRepositoryConnector-repo.maven.apache.org-2-3] INFO  o.e.m.c.i.e.AbstractTransferListenerAdapter - Downloading https://repo.maven.apache.org/maven2/org/sonatype/aether/aether-util/1.7/aether-util-1.7.jar
2025-09-11 11:14:40,284 [BasicRepositoryConnector-repo.maven.apache.org-2-1] INFO  o.e.m.c.i.e.AbstractTransferListenerAdapter - Downloaded https://repo.maven.apache.org/maven2/org/codehaus/plexus/plexus-classworlds/2.2.3/plexus-classworlds-2.2.3.jar
2025-09-11 11:14:40,292 [BasicRepositoryConnector-repo.maven.apache.org-2-2] INFO  o.e.m.c.i.e.AbstractTransferListenerAdapter - Downloading https://repo.maven.apache.org/maven2/org/sonatype/plexus/plexus-sec-dispatcher/1.3/plexus-sec-dispatcher-1.3.jar
2025-09-11 11:14:40,297 [BasicRepositoryConnector-repo.maven.apache.org-2-4] INFO  o.e.m.c.i.e.AbstractTransferListenerAdapter - Downloaded https://repo.maven.apache.org/maven2/org/sonatype/aether/aether-api/1.7/aether-api-1.7.jar
2025-09-11 11:14:40,304 [BasicRepositoryConnector-repo.maven.apache.org-2-2] INFO  o.e.m.c.i.e.AbstractTransferListenerAdapter - Downloaded https://repo.maven.apache.org/maven2/org/sonatype/plexus/plexus-sec-dispatcher/1.3/plexus-sec-dispatcher-1.3.jar
2025-09-11 11:14:40,316 [BasicRepositoryConnector-repo.maven.apache.org-2-3] INFO  o.e.m.c.i.e.AbstractTransferListenerAdapter - Downloaded https://repo.maven.apache.org/maven2/org/sonatype/aether/aether-util/1.7/aether-util-1.7.jar
2025-09-11 11:14:40,338 [BasicRepositoryConnector-repo.maven.apache.org-2-0] INFO  o.e.m.c.i.e.AbstractTransferListenerAdapter - Downloading https://repo.maven.apache.org/maven2/org/sonatype/plexus/plexus-cipher/1.4/plexus-cipher-1.4.jar
2025-09-11 11:14:40,357 [BasicRepositoryConnector-repo.maven.apache.org-2-1] INFO  o.e.m.c.i.e.AbstractTransferListenerAdapter - Downloading https://repo.maven.apache.org/maven2/org/apache/maven/maven-archiver/3.4.0/maven-archiver-3.4.0.jar
2025-09-11 11:14:40,359 [BasicRepositoryConnector-repo.maven.apache.org-2-4] INFO  o.e.m.c.i.e.AbstractTransferListenerAdapter - Downloading https://repo.maven.apache.org/maven2/org/apache/maven/shared/maven-shared-utils/3.2.1/maven-shared-utils-3.2.1.jar
2025-09-11 11:14:40,367 [BasicRepositoryConnector-repo.maven.apache.org-2-0] INFO  o.e.m.c.i.e.AbstractTransferListenerAdapter - Downloaded https://repo.maven.apache.org/maven2/org/sonatype/plexus/plexus-cipher/1.4/plexus-cipher-1.4.jar
2025-09-11 11:14:40,368 [BasicRepositoryConnector-repo.maven.apache.org-2-1] INFO  o.e.m.c.i.e.AbstractTransferListenerAdapter - Downloaded https://repo.maven.apache.org/maven2/org/apache/maven/maven-archiver/3.4.0/maven-archiver-3.4.0.jar
2025-09-11 11:14:40,374 [BasicRepositoryConnector-repo.maven.apache.org-2-2] INFO  o.e.m.c.i.e.AbstractTransferListenerAdapter - Downloading https://repo.maven.apache.org/maven2/commons-io/commons-io/2.5/commons-io-2.5.jar
2025-09-11 11:14:40,399 [BasicRepositoryConnector-repo.maven.apache.org-2-4] INFO  o.e.m.c.i.e.AbstractTransferListenerAdapter - Downloaded https://repo.maven.apache.org/maven2/org/apache/maven/shared/maven-shared-utils/3.2.1/maven-shared-utils-3.2.1.jar
2025-09-11 11:14:40,430 [BasicRepositoryConnector-repo.maven.apache.org-2-3] INFO  o.e.m.c.i.e.AbstractTransferListenerAdapter - Downloading https://repo.maven.apache.org/maven2/org/codehaus/plexus/plexus-archiver/4.1.0/plexus-archiver-4.1.0.jar
2025-09-11 11:14:40,512 [BasicRepositoryConnector-repo.maven.apache.org-2-1] INFO  o.e.m.c.i.e.AbstractTransferListenerAdapter - Downloading https://repo.maven.apache.org/maven2/org/apache/commons/commons-compress/1.18/commons-compress-1.18.jar
2025-09-11 11:14:40,532 [BasicRepositoryConnector-repo.maven.apache.org-2-0] INFO  o.e.m.c.i.e.AbstractTransferListenerAdapter - Downloading https://repo.maven.apache.org/maven2/org/codehaus/plexus/plexus-io/3.1.1/plexus-io-3.1.1.jar
2025-09-11 11:14:40,534 [BasicRepositoryConnector-repo.maven.apache.org-2-3] INFO  o.e.m.c.i.e.AbstractTransferListenerAdapter - Downloaded https://repo.maven.apache.org/maven2/org/codehaus/plexus/plexus-archiver/4.1.0/plexus-archiver-4.1.0.jar
2025-09-11 11:14:40,536 [BasicRepositoryConnector-repo.maven.apache.org-2-2] INFO  o.e.m.c.i.e.AbstractTransferListenerAdapter - Downloaded https://repo.maven.apache.org/maven2/commons-io/commons-io/2.5/commons-io-2.5.jar
2025-09-11 11:14:40,536 [BasicRepositoryConnector-repo.maven.apache.org-2-4] INFO  o.e.m.c.i.e.AbstractTransferListenerAdapter - Downloading https://repo.maven.apache.org/maven2/org/iq80/snappy/snappy/0.4/snappy-0.4.jar
2025-09-11 11:14:40,538 [BasicRepositoryConnector-repo.maven.apache.org-2-0] INFO  o.e.m.c.i.e.AbstractTransferListenerAdapter - Downloaded https://repo.maven.apache.org/maven2/org/codehaus/plexus/plexus-io/3.1.1/plexus-io-3.1.1.jar
2025-09-11 11:14:40,572 [BasicRepositoryConnector-repo.maven.apache.org-2-4] INFO  o.e.m.c.i.e.AbstractTransferListenerAdapter - Downloaded https://repo.maven.apache.org/maven2/org/iq80/snappy/snappy/0.4/snappy-0.4.jar
2025-09-11 11:14:40,641 [BasicRepositoryConnector-repo.maven.apache.org-2-3] INFO  o.e.m.c.i.e.AbstractTransferListenerAdapter - Downloading https://repo.maven.apache.org/maven2/org/tukaani/xz/1.8/xz-1.8.jar
2025-09-11 11:14:40,650 [BasicRepositoryConnector-repo.maven.apache.org-2-1] INFO  o.e.m.c.i.e.AbstractTransferListenerAdapter - Downloaded https://repo.maven.apache.org/maven2/org/apache/commons/commons-compress/1.18/commons-compress-1.18.jar
2025-09-11 11:14:40,652 [BasicRepositoryConnector-repo.maven.apache.org-2-2] INFO  o.e.m.c.i.e.AbstractTransferListenerAdapter - Downloading https://repo.maven.apache.org/maven2/org/codehaus/plexus/plexus-interpolation/1.25/plexus-interpolation-1.25.jar
2025-09-11 11:14:40,719 [BasicRepositoryConnector-repo.maven.apache.org-2-0] INFO  o.e.m.c.i.e.AbstractTransferListenerAdapter - Downloading https://repo.maven.apache.org/maven2/com/thoughtworks/xstream/xstream/1.4.10/xstream-1.4.10.jar
2025-09-11 11:14:40,728 [BasicRepositoryConnector-repo.maven.apache.org-2-3] INFO  o.e.m.c.i.e.AbstractTransferListenerAdapter - Downloaded https://repo.maven.apache.org/maven2/org/tukaani/xz/1.8/xz-1.8.jar
2025-09-11 11:14:40,733 [BasicRepositoryConnector-repo.maven.apache.org-2-2] INFO  o.e.m.c.i.e.AbstractTransferListenerAdapter - Downloaded https://repo.maven.apache.org/maven2/org/codehaus/plexus/plexus-interpolation/1.25/plexus-interpolation-1.25.jar
2025-09-11 11:14:40,734 [BasicRepositoryConnector-repo.maven.apache.org-2-4] INFO  o.e.m.c.i.e.AbstractTransferListenerAdapter - Downloading https://repo.maven.apache.org/maven2/xmlpull/xmlpull/1.1.3.1/xmlpull-1.1.3.1.jar
2025-09-11 11:14:40,742 [BasicRepositoryConnector-repo.maven.apache.org-2-4] INFO  o.e.m.c.i.e.AbstractTransferListenerAdapter - Downloaded https://repo.maven.apache.org/maven2/xmlpull/xmlpull/1.1.3.1/xmlpull-1.1.3.1.jar
2025-09-11 11:14:40,819 [BasicRepositoryConnector-repo.maven.apache.org-2-1] INFO  o.e.m.c.i.e.AbstractTransferListenerAdapter - Downloading https://repo.maven.apache.org/maven2/xpp3/xpp3_min/1.1.4c/xpp3_min-1.1.4c.jar
2025-09-11 11:14:40,821 [BasicRepositoryConnector-repo.maven.apache.org-2-3] INFO  o.e.m.c.i.e.AbstractTransferListenerAdapter - Downloading https://repo.maven.apache.org/maven2/org/codehaus/plexus/plexus-utils/3.2.0/plexus-utils-3.2.0.jar
2025-09-11 11:14:40,824 [BasicRepositoryConnector-repo.maven.apache.org-2-1] INFO  o.e.m.c.i.e.AbstractTransferListenerAdapter - Downloaded https://repo.maven.apache.org/maven2/xpp3/xpp3_min/1.1.4c/xpp3_min-1.1.4c.jar
2025-09-11 11:14:40,824 [BasicRepositoryConnector-repo.maven.apache.org-2-2] INFO  o.e.m.c.i.e.AbstractTransferListenerAdapter - Downloading https://repo.maven.apache.org/maven2/org/apache/maven/shared/maven-filtering/3.1.1/maven-filtering-3.1.1.jar
2025-09-11 11:14:40,828 [BasicRepositoryConnector-repo.maven.apache.org-2-4] INFO  o.e.m.c.i.e.AbstractTransferListenerAdapter - Downloading https://repo.maven.apache.org/maven2/org/sonatype/plexus/plexus-build-api/0.0.7/plexus-build-api-0.0.7.jar
2025-09-11 11:14:40,833 [BasicRepositoryConnector-repo.maven.apache.org-2-4] INFO  o.e.m.c.i.e.AbstractTransferListenerAdapter - Downloaded https://repo.maven.apache.org/maven2/org/sonatype/plexus/plexus-build-api/0.0.7/plexus-build-api-0.0.7.jar
2025-09-11 11:14:40,852 [BasicRepositoryConnector-repo.maven.apache.org-2-2] INFO  o.e.m.c.i.e.AbstractTransferListenerAdapter - Downloaded https://repo.maven.apache.org/maven2/org/apache/maven/shared/maven-filtering/3.1.1/maven-filtering-3.1.1.jar
2025-09-11 11:14:40,859 [BasicRepositoryConnector-repo.maven.apache.org-2-3] INFO  o.e.m.c.i.e.AbstractTransferListenerAdapter - Downloaded https://repo.maven.apache.org/maven2/org/codehaus/plexus/plexus-utils/3.2.0/plexus-utils-3.2.0.jar
2025-09-11 11:14:40,891 [BasicRepositoryConnector-repo.maven.apache.org-2-0] INFO  o.e.m.c.i.e.AbstractTransferListenerAdapter - Downloaded https://repo.maven.apache.org/maven2/com/thoughtworks/xstream/xstream/1.4.10/xstream-1.4.10.jar
2025-09-11 11:14:40,908 [BasicRepositoryConnector-repo.maven.apache.org-2-1] INFO  o.e.m.c.i.e.AbstractTransferListenerAdapter - Downloading https://repo.maven.apache.org/maven2/org/apache/maven/shared/maven-mapping/3.0.0/maven-mapping-3.0.0.jar
2025-09-11 11:14:40,917 [BasicRepositoryConnector-repo.maven.apache.org-2-1] INFO  o.e.m.c.i.e.AbstractTransferListenerAdapter - Downloaded https://repo.maven.apache.org/maven2/org/apache/maven/shared/maven-mapping/3.0.0/maven-mapping-3.0.0.jar
2025-09-11 11:14:41,777 [Worker-10: ビルド] INFO  o.e.m.c.i.e.AbstractTransferListenerAdapter - Downloading https://repo.maven.apache.org/maven2/org/codehaus/plexus/plexus-interpolation/1.26/plexus-interpolation-1.26.pom
2025-09-11 11:14:41,783 [Worker-10: ビルド] INFO  o.e.m.c.i.e.AbstractTransferListenerAdapter - Downloaded https://repo.maven.apache.org/maven2/org/codehaus/plexus/plexus-interpolation/1.26/plexus-interpolation-1.26.pom
2025-09-11 11:14:41,858 [Worker-10: ビルド] INFO  o.e.m.c.i.e.AbstractTransferListenerAdapter - Downloading https://repo.maven.apache.org/maven2/org/codehaus/plexus/plexus-utils/3.5.1/plexus-utils-3.5.1.pom
2025-09-11 11:14:41,865 [Worker-10: ビルド] INFO  o.e.m.c.i.e.AbstractTransferListenerAdapter - Downloaded https://repo.maven.apache.org/maven2/org/codehaus/plexus/plexus-utils/3.5.1/plexus-utils-3.5.1.pom
2025-09-11 11:14:41,918 [Worker-10: ビルド] INFO  o.e.m.c.i.e.AbstractTransferListenerAdapter - Downloading https://repo.maven.apache.org/maven2/org/codehaus/plexus/plexus/10/plexus-10.pom
2025-09-11 11:14:41,928 [Worker-10: ビルド] INFO  o.e.m.c.i.e.AbstractTransferListenerAdapter - Downloaded https://repo.maven.apache.org/maven2/org/codehaus/plexus/plexus/10/plexus-10.pom
2025-09-11 11:14:41,997 [Worker-10: ビルド] INFO  o.e.m.c.i.e.AbstractTransferListenerAdapter - Downloading https://repo.maven.apache.org/maven2/org/apache/maven/shared/maven-filtering/3.3.1/maven-filtering-3.3.1.pom
2025-09-11 11:14:42,010 [Worker-10: ビルド] INFO  o.e.m.c.i.e.AbstractTransferListenerAdapter - Downloaded https://repo.maven.apache.org/maven2/org/apache/maven/shared/maven-filtering/3.3.1/maven-filtering-3.3.1.pom
2025-09-11 11:14:42,077 [Worker-10: ビルド] INFO  o.e.m.c.i.e.AbstractTransferListenerAdapter - Downloading https://repo.maven.apache.org/maven2/org/codehaus/plexus/plexus-utils/3.5.0/plexus-utils-3.5.0.pom
2025-09-11 11:14:42,082 [Worker-10: ビルド] INFO  o.e.m.c.i.e.AbstractTransferListenerAdapter - Downloaded https://repo.maven.apache.org/maven2/org/codehaus/plexus/plexus-utils/3.5.0/plexus-utils-3.5.0.pom
2025-09-11 11:14:42,142 [Worker-10: ビルド] INFO  o.e.m.c.i.e.AbstractTransferListenerAdapter - Downloading https://repo.maven.apache.org/maven2/org/apache/commons/commons-lang3/3.12.0/commons-lang3-3.12.0.pom
2025-09-11 11:14:42,167 [Worker-10: ビルド] INFO  o.e.m.c.i.e.AbstractTransferListenerAdapter - Downloaded https://repo.maven.apache.org/maven2/org/apache/commons/commons-lang3/3.12.0/commons-lang3-3.12.0.pom
2025-09-11 11:14:42,225 [Worker-10: ビルド] INFO  o.e.m.c.i.e.AbstractTransferListenerAdapter - Downloading https://repo.maven.apache.org/maven2/org/junit/junit-bom/5.7.1/junit-bom-5.7.1.pom
2025-09-11 11:14:42,232 [Worker-10: ビルド] INFO  o.e.m.c.i.e.AbstractTransferListenerAdapter - Downloaded https://repo.maven.apache.org/maven2/org/junit/junit-bom/5.7.1/junit-bom-5.7.1.pom
2025-09-11 11:14:42,311 [Worker-10: ビルド] INFO  o.e.m.c.i.e.AbstractTransferListenerAdapter - Downloading https://repo.maven.apache.org/maven2/org/codehaus/plexus/plexus-interpolation/1.26/plexus-interpolation-1.26.jar
2025-09-11 11:14:42,329 [Worker-10: ビルド] INFO  o.e.m.c.i.e.AbstractTransferListenerAdapter - Downloaded https://repo.maven.apache.org/maven2/org/codehaus/plexus/plexus-interpolation/1.26/plexus-interpolation-1.26.jar
2025-09-11 11:14:42,378 [BasicRepositoryConnector-repo.maven.apache.org-3-0] INFO  o.e.m.c.i.e.AbstractTransferListenerAdapter - Downloading https://repo.maven.apache.org/maven2/org/codehaus/plexus/plexus-utils/3.5.1/plexus-utils-3.5.1.jar
2025-09-11 11:14:42,378 [BasicRepositoryConnector-repo.maven.apache.org-3-1] INFO  o.e.m.c.i.e.AbstractTransferListenerAdapter - Downloading https://repo.maven.apache.org/maven2/org/apache/maven/shared/maven-filtering/3.3.1/maven-filtering-3.3.1.jar
2025-09-11 11:14:42,386 [BasicRepositoryConnector-repo.maven.apache.org-3-2] INFO  o.e.m.c.i.e.AbstractTransferListenerAdapter - Downloading https://repo.maven.apache.org/maven2/org/apache/commons/commons-lang3/3.12.0/commons-lang3-3.12.0.jar
2025-09-11 11:14:42,408 [BasicRepositoryConnector-repo.maven.apache.org-3-1] INFO  o.e.m.c.i.e.AbstractTransferListenerAdapter - Downloaded https://repo.maven.apache.org/maven2/org/apache/maven/shared/maven-filtering/3.3.1/maven-filtering-3.3.1.jar
2025-09-11 11:14:42,441 [BasicRepositoryConnector-repo.maven.apache.org-3-0] INFO  o.e.m.c.i.e.AbstractTransferListenerAdapter - Downloaded https://repo.maven.apache.org/maven2/org/codehaus/plexus/plexus-utils/3.5.1/plexus-utils-3.5.1.jar
2025-09-11 11:14:42,565 [BasicRepositoryConnector-repo.maven.apache.org-3-2] INFO  o.e.m.c.i.e.AbstractTransferListenerAdapter - Downloaded https://repo.maven.apache.org/maven2/org/apache/commons/commons-lang3/3.12.0/commons-lang3-3.12.0.jar
2025-09-11 11:14:42,621 [Worker-10: ビルド] WARN  o.a.m.s.f.DefaultMavenResourcesFiltering - Using platform encoding (UTF-8 actually) to copy filtered resources, i.e. build is platform dependent!
2025-09-11 11:14:42,625 [Worker-10: ビルド] INFO  o.a.m.s.f.DefaultMavenResourcesFiltering - Copying 1 resource from src\main\resources to target\classes
2025-09-11 11:14:42,634 [Worker-10: ビルド] WARN  o.a.m.s.f.DefaultMavenResourcesFiltering - Using platform encoding (UTF-8 actually) to copy filtered resources, i.e. build is platform dependent!
2025-09-11 11:14:42,634 [Worker-10: ビルド] INFO  o.a.m.s.f.DefaultMavenResourcesFiltering - skip non existing resourceDirectory C:\pleiades\2024-12\workspace\IH13A06_JV31_29_05\src\test\resources
2025-09-11 11:14:42,797 [Worker-1: ソースおよび Javadoc のダウンロード] INFO  o.e.m.c.i.e.AbstractTransferListenerAdapter - Downloading https://repo.maven.apache.org/maven2/com/mysql/mysql-connector-j/9.4.0/mysql-connector-j-9.4.0-sources.jar
2025-09-11 11:14:43,343 [Worker-1: ソースおよび Javadoc のダウンロード] INFO  o.e.m.c.i.e.AbstractTransferListenerAdapter - Downloaded https://repo.maven.apache.org/maven2/com/mysql/mysql-connector-j/9.4.0/mysql-connector-j-9.4.0-sources.jar
2025-09-11 11:14:43,347 [Worker-1: ソースおよび Javadoc のダウンロード] INFO  o.e.m.j.internal.DownloadSourcesJob - Downloaded sources for com.mysql:mysql-connector-j:9.4.0
2025-09-11 11:14:43,518 [Worker-1: ソースおよび Javadoc のダウンロード] INFO  o.e.m.c.i.e.AbstractTransferListenerAdapter - Downloading https://repo.maven.apache.org/maven2/com/google/protobuf/protobuf-java/4.31.1/protobuf-java-4.31.1-sources.jar
2025-09-11 11:14:43,780 [Worker-1: ソースおよび Javadoc のダウンロード] INFO  o.e.m.c.i.e.AbstractTransferListenerAdapter - Downloaded https://repo.maven.apache.org/maven2/com/google/protobuf/protobuf-java/4.31.1/protobuf-java-4.31.1-sources.jar
2025-09-11 11:14:43,783 [Worker-1: ソースおよび Javadoc のダウンロード] INFO  o.e.m.j.internal.DownloadSourcesJob - Downloaded sources for com.google.protobuf:protobuf-java:4.31.1
2025-09-11 11:14:43,926 [Worker-1: ソースおよび Javadoc のダウンロード] INFO  o.e.m.c.i.e.AbstractTransferListenerAdapter - Downloading https://repo.maven.apache.org/maven2/jakarta/persistence/jakarta.persistence-api/3.1.0/jakarta.persistence-api-3.1.0-sources.jar
2025-09-11 11:14:44,063 [Worker-1: ソースおよび Javadoc のダウンロード] INFO  o.e.m.c.i.e.AbstractTransferListenerAdapter - Downloaded https://repo.maven.apache.org/maven2/jakarta/persistence/jakarta.persistence-api/3.1.0/jakarta.persistence-api-3.1.0-sources.jar
2025-09-11 11:14:44,068 [Worker-1: ソースおよび Javadoc のダウンロード] INFO  o.e.m.j.internal.DownloadSourcesJob - Downloaded sources for jakarta.persistence:jakarta.persistence-api:3.1.0
2025-09-11 11:14:44,217 [Worker-1: ソースおよび Javadoc のダウンロード] INFO  o.e.m.c.i.e.AbstractTransferListenerAdapter - Downloading https://repo.maven.apache.org/maven2/org/hibernate/orm/hibernate-core/6.4.4.Final/hibernate-core-6.4.4.Final-sources.jar
2025-09-11 11:14:45,983 [Worker-1: ソースおよび Javadoc のダウンロード] INFO  o.e.m.c.i.e.AbstractTransferListenerAdapter - Downloaded https://repo.maven.apache.org/maven2/org/hibernate/orm/hibernate-core/6.4.4.Final/hibernate-core-6.4.4.Final-sources.jar
2025-09-11 11:14:45,988 [Worker-1: ソースおよび Javadoc のダウンロード] INFO  o.e.m.j.internal.DownloadSourcesJob - Downloaded sources for org.hibernate.orm:hibernate-core:6.4.4.Final
2025-09-11 11:14:46,166 [Worker-1: ソースおよび Javadoc のダウンロード] INFO  o.e.m.c.i.e.AbstractTransferListenerAdapter - Downloading https://repo.maven.apache.org/maven2/jakarta/transaction/jakarta.transaction-api/2.0.1/jakarta.transaction-api-2.0.1-sources.jar
2025-09-11 11:14:46,216 [Worker-1: ソースおよび Javadoc のダウンロード] INFO  o.e.m.c.i.e.AbstractTransferListenerAdapter - Downloaded https://repo.maven.apache.org/maven2/jakarta/transaction/jakarta.transaction-api/2.0.1/jakarta.transaction-api-2.0.1-sources.jar
2025-09-11 11:14:46,220 [Worker-1: ソースおよび Javadoc のダウンロード] INFO  o.e.m.j.internal.DownloadSourcesJob - Downloaded sources for jakarta.transaction:jakarta.transaction-api:2.0.1
2025-09-11 11:14:46,433 [Worker-1: ソースおよび Javadoc のダウンロード] INFO  o.e.m.c.i.e.AbstractTransferListenerAdapter - Downloading https://repo.maven.apache.org/maven2/org/jboss/logging/jboss-logging/3.5.0.Final/jboss-logging-3.5.0.Final-sources.jar
2025-09-11 11:14:46,441 [Worker-1: ソースおよび Javadoc のダウンロード] INFO  o.e.m.c.i.e.AbstractTransferListenerAdapter - Downloaded https://repo.maven.apache.org/maven2/org/jboss/logging/jboss-logging/3.5.0.Final/jboss-logging-3.5.0.Final-sources.jar
2025-09-11 11:14:46,445 [Worker-1: ソースおよび Javadoc のダウンロード] INFO  o.e.m.j.internal.DownloadSourcesJob - Downloaded sources for org.jboss.logging:jboss-logging:3.5.0.Final
2025-09-11 11:14:46,598 [Worker-1: ソースおよび Javadoc のダウンロード] INFO  o.e.m.c.i.e.AbstractTransferListenerAdapter - Downloading https://repo.maven.apache.org/maven2/org/hibernate/common/hibernate-commons-annotations/6.0.6.Final/hibernate-commons-annotations-6.0.6.Final-sources.jar
2025-09-11 11:14:46,643 [Worker-1: ソースおよび Javadoc のダウンロード] INFO  o.e.m.c.i.e.AbstractTransferListenerAdapter - Downloaded https://repo.maven.apache.org/maven2/org/hibernate/common/hibernate-commons-annotations/6.0.6.Final/hibernate-commons-annotations-6.0.6.Final-sources.jar
2025-09-11 11:14:46,646 [Worker-1: ソースおよび Javadoc のダウンロード] INFO  o.e.m.j.internal.DownloadSourcesJob - Downloaded sources for org.hibernate.common:hibernate-commons-annotations:6.0.6.Final
2025-09-11 11:14:46,786 [Worker-1: ソースおよび Javadoc のダウンロード] INFO  o.e.m.c.i.e.AbstractTransferListenerAdapter - Downloading https://repo.maven.apache.org/maven2/io/smallrye/jandex/3.1.2/jandex-3.1.2-sources.jar
2025-09-11 11:14:46,945 [Worker-1: ソースおよび Javadoc のダウンロード] INFO  o.e.m.c.i.e.AbstractTransferListenerAdapter - Downloaded https://repo.maven.apache.org/maven2/io/smallrye/jandex/3.1.2/jandex-3.1.2-sources.jar
2025-09-11 11:14:46,947 [Worker-1: ソースおよび Javadoc のダウンロード] INFO  o.e.m.j.internal.DownloadSourcesJob - Downloaded sources for io.smallrye:jandex:3.1.2
2025-09-11 11:14:47,100 [Worker-1: ソースおよび Javadoc のダウンロード] INFO  o.e.m.c.i.e.AbstractTransferListenerAdapter - Downloading https://repo.maven.apache.org/maven2/com/fasterxml/classmate/1.5.1/classmate-1.5.1-sources.jar
2025-09-11 11:14:47,166 [Worker-1: ソースおよび Javadoc のダウンロード] INFO  o.e.m.c.i.e.AbstractTransferListenerAdapter - Downloaded https://repo.maven.apache.org/maven2/com/fasterxml/classmate/1.5.1/classmate-1.5.1-sources.jar
2025-09-11 11:14:47,171 [Worker-1: ソースおよび Javadoc のダウンロード] INFO  o.e.m.j.internal.DownloadSourcesJob - Downloaded sources for com.fasterxml:classmate:1.5.1
2025-09-11 11:14:47,327 [Worker-1: ソースおよび Javadoc のダウンロード] INFO  o.e.m.c.i.e.AbstractTransferListenerAdapter - Downloading https://repo.maven.apache.org/maven2/net/bytebuddy/byte-buddy/1.14.11/byte-buddy-1.14.11-sources.jar
2025-09-11 11:14:47,812 [Worker-1: ソースおよび Javadoc のダウンロード] INFO  o.e.m.c.i.e.AbstractTransferListenerAdapter - Downloaded https://repo.maven.apache.org/maven2/net/bytebuddy/byte-buddy/1.14.11/byte-buddy-1.14.11-sources.jar
2025-09-11 11:14:47,817 [Worker-1: ソースおよび Javadoc のダウンロード] INFO  o.e.m.j.internal.DownloadSourcesJob - Downloaded sources for net.bytebuddy:byte-buddy:1.14.11
2025-09-11 11:14:47,945 [Worker-1: ソースおよび Javadoc のダウンロード] INFO  o.e.m.c.i.e.AbstractTransferListenerAdapter - Downloading https://repo.maven.apache.org/maven2/jakarta/xml/bind/jakarta.xml.bind-api/4.0.0/jakarta.xml.bind-api-4.0.0-sources.jar
2025-09-11 11:14:48,101 [Worker-1: ソースおよび Javadoc のダウンロード] INFO  o.e.m.c.i.e.AbstractTransferListenerAdapter - Downloaded https://repo.maven.apache.org/maven2/jakarta/xml/bind/jakarta.xml.bind-api/4.0.0/jakarta.xml.bind-api-4.0.0-sources.jar
2025-09-11 11:14:48,104 [Worker-1: ソースおよび Javadoc のダウンロード] INFO  o.e.m.j.internal.DownloadSourcesJob - Downloaded sources for jakarta.xml.bind:jakarta.xml.bind-api:4.0.0
2025-09-11 11:14:48,305 [Worker-1: ソースおよび Javadoc のダウンロード] INFO  o.e.m.c.i.e.AbstractTransferListenerAdapter - Downloading https://repo.maven.apache.org/maven2/jakarta/activation/jakarta.activation-api/2.1.0/jakarta.activation-api-2.1.0-sources.jar
2025-09-11 11:14:48,353 [Worker-1: ソースおよび Javadoc のダウンロード] INFO  o.e.m.c.i.e.AbstractTransferListenerAdapter - Downloaded https://repo.maven.apache.org/maven2/jakarta/activation/jakarta.activation-api/2.1.0/jakarta.activation-api-2.1.0-sources.jar
2025-09-11 11:14:48,356 [Worker-1: ソースおよび Javadoc のダウンロード] INFO  o.e.m.j.internal.DownloadSourcesJob - Downloaded sources for jakarta.activation:jakarta.activation-api:2.1.0
2025-09-11 11:14:48,516 [Worker-1: ソースおよび Javadoc のダウンロード] INFO  o.e.m.c.i.e.AbstractTransferListenerAdapter - Downloading https://repo.maven.apache.org/maven2/org/glassfish/jaxb/jaxb-runtime/4.0.2/jaxb-runtime-4.0.2-sources.jar
2025-09-11 11:14:48,758 [Worker-1: ソースおよび Javadoc のダウンロード] INFO  o.e.m.c.i.e.AbstractTransferListenerAdapter - Downloaded https://repo.maven.apache.org/maven2/org/glassfish/jaxb/jaxb-runtime/4.0.2/jaxb-runtime-4.0.2-sources.jar
2025-09-11 11:14:48,762 [Worker-1: ソースおよび Javadoc のダウンロード] INFO  o.e.m.j.internal.DownloadSourcesJob - Downloaded sources for org.glassfish.jaxb:jaxb-runtime:4.0.2
2025-09-11 11:14:48,927 [Worker-1: ソースおよび Javadoc のダウンロード] INFO  o.e.m.c.i.e.AbstractTransferListenerAdapter - Downloading https://repo.maven.apache.org/maven2/org/glassfish/jaxb/jaxb-core/4.0.2/jaxb-core-4.0.2-sources.jar
2025-09-11 11:14:49,015 [Worker-1: ソースおよび Javadoc のダウンロード] INFO  o.e.m.c.i.e.AbstractTransferListenerAdapter - Downloaded https://repo.maven.apache.org/maven2/org/glassfish/jaxb/jaxb-core/4.0.2/jaxb-core-4.0.2-sources.jar
2025-09-11 11:14:49,019 [Worker-1: ソースおよび Javadoc のダウンロード] INFO  o.e.m.j.internal.DownloadSourcesJob - Downloaded sources for org.glassfish.jaxb:jaxb-core:4.0.2
2025-09-11 11:14:49,194 [Worker-1: ソースおよび Javadoc のダウンロード] INFO  o.e.m.c.i.e.AbstractTransferListenerAdapter - Downloading https://repo.maven.apache.org/maven2/org/eclipse/angus/angus-activation/2.0.0/angus-activation-2.0.0-sources.jar
2025-09-11 11:14:49,201 [Worker-1: ソースおよび Javadoc のダウンロード] INFO  o.e.m.c.i.e.AbstractTransferListenerAdapter - Downloaded https://repo.maven.apache.org/maven2/org/eclipse/angus/angus-activation/2.0.0/angus-activation-2.0.0-sources.jar
2025-09-11 11:14:49,203 [Worker-1: ソースおよび Javadoc のダウンロード] INFO  o.e.m.j.internal.DownloadSourcesJob - Downloaded sources for org.eclipse.angus:angus-activation:2.0.0
2025-09-11 11:14:49,346 [Worker-1: ソースおよび Javadoc のダウンロード] INFO  o.e.m.c.i.e.AbstractTransferListenerAdapter - Downloading https://repo.maven.apache.org/maven2/org/glassfish/jaxb/txw2/4.0.2/txw2-4.0.2-sources.jar
2025-09-11 11:14:49,396 [Worker-1: ソースおよび Javadoc のダウンロード] INFO  o.e.m.c.i.e.AbstractTransferListenerAdapter - Downloaded https://repo.maven.apache.org/maven2/org/glassfish/jaxb/txw2/4.0.2/txw2-4.0.2-sources.jar
2025-09-11 11:14:49,399 [Worker-1: ソースおよび Javadoc のダウンロード] INFO  o.e.m.j.internal.DownloadSourcesJob - Downloaded sources for org.glassfish.jaxb:txw2:4.0.2
2025-09-11 11:14:49,555 [Worker-1: ソースおよび Javadoc のダウンロード] INFO  o.e.m.c.i.e.AbstractTransferListenerAdapter - Downloading https://repo.maven.apache.org/maven2/com/sun/istack/istack-commons-runtime/4.1.1/istack-commons-runtime-4.1.1-sources.jar
2025-09-11 11:14:49,562 [Worker-1: ソースおよび Javadoc のダウンロード] INFO  o.e.m.c.i.e.AbstractTransferListenerAdapter - Downloaded https://repo.maven.apache.org/maven2/com/sun/istack/istack-commons-runtime/4.1.1/istack-commons-runtime-4.1.1-sources.jar
2025-09-11 11:14:49,566 [Worker-1: ソースおよび Javadoc のダウンロード] INFO  o.e.m.j.internal.DownloadSourcesJob - Downloaded sources for com.sun.istack:istack-commons-runtime:4.1.1
2025-09-11 11:14:49,707 [Worker-1: ソースおよび Javadoc のダウンロード] INFO  o.e.m.c.i.e.AbstractTransferListenerAdapter - Downloading https://repo.maven.apache.org/maven2/jakarta/inject/jakarta.inject-api/2.0.1/jakarta.inject-api-2.0.1-sources.jar
2025-09-11 11:14:49,716 [Worker-1: ソースおよび Javadoc のダウンロード] INFO  o.e.m.c.i.e.AbstractTransferListenerAdapter - Downloaded https://repo.maven.apache.org/maven2/jakarta/inject/jakarta.inject-api/2.0.1/jakarta.inject-api-2.0.1-sources.jar
2025-09-11 11:14:49,720 [Worker-1: ソースおよび Javadoc のダウンロード] INFO  o.e.m.j.internal.DownloadSourcesJob - Downloaded sources for jakarta.inject:jakarta.inject-api:2.0.1
2025-09-11 11:14:49,859 [Worker-1: ソースおよび Javadoc のダウンロード] INFO  o.e.m.c.i.e.AbstractTransferListenerAdapter - Downloading https://repo.maven.apache.org/maven2/org/antlr/antlr4-runtime/4.13.0/antlr4-runtime-4.13.0-sources.jar
2025-09-11 11:14:50,024 [Worker-1: ソースおよび Javadoc のダウンロード] INFO  o.e.m.c.i.e.AbstractTransferListenerAdapter - Downloaded https://repo.maven.apache.org/maven2/org/antlr/antlr4-runtime/4.13.0/antlr4-runtime-4.13.0-sources.jar
2025-09-11 11:14:50,027 [Worker-1: ソースおよび Javadoc のダウンロード] INFO  o.e.m.j.internal.DownloadSourcesJob - Downloaded sources for org.antlr:antlr4-runtime:4.13.0
2025-09-11 11:14:50,159 [Worker-1: ソースおよび Javadoc のダウンロード] INFO  o.e.m.c.i.e.AbstractTransferListenerAdapter - Downloading https://repo.maven.apache.org/maven2/jakarta/servlet/jakarta.servlet-api/5.0.0/jakarta.servlet-api-5.0.0-sources.jar
2025-09-11 11:14:50,335 [Worker-1: ソースおよび Javadoc のダウンロード] INFO  o.e.m.c.i.e.AbstractTransferListenerAdapter - Downloaded https://repo.maven.apache.org/maven2/jakarta/servlet/jakarta.servlet-api/5.0.0/jakarta.servlet-api-5.0.0-sources.jar
2025-09-11 11:14:50,339 [Worker-1: ソースおよび Javadoc のダウンロード] INFO  o.e.m.j.internal.DownloadSourcesJob - Downloaded sources for jakarta.servlet:jakarta.servlet-api:5.0.0
2025-09-11 11:16:38,015 [Worker-1: ビルド] INFO  o.e.m.c.i.l.LifecycleMappingFactory - Using org.maven.ide.eclipse.wtp.WarLifecycleMapping lifecycle mapping for MavenProject: com.example:IH13AXX_JV31_29_05:1.0-SNAPSHOT @ C:\pleiades\2024-12\workspace\IH13A06_JV31_29_05\pom.xml.
2025-09-11 11:16:38,355 [Worker-1: ビルド] INFO  o.e.m.c.i.e.AbstractTransferListenerAdapter - Downloading https://repo.maven.apache.org/maven2/mysql/mysql-connector-java/5.0.8/mysql-connector-java-5.0.8.pom
2025-09-11 11:16:38,359 [Worker-1: ビルド] INFO  o.e.m.c.i.e.AbstractTransferListenerAdapter - Downloaded https://repo.maven.apache.org/maven2/mysql/mysql-connector-java/5.0.8/mysql-connector-java-5.0.8.pom
2025-09-11 11:16:38,562 [Worker-1: ビルド] INFO  o.e.m.c.i.e.AbstractTransferListenerAdapter - Downloading https://repo.maven.apache.org/maven2/mysql/mysql-connector-java/5.0.8/mysql-connector-java-5.0.8.jar
2025-09-11 11:16:38,862 [Worker-1: ビルド] INFO  o.e.m.c.i.e.AbstractTransferListenerAdapter - Downloaded https://repo.maven.apache.org/maven2/mysql/mysql-connector-java/5.0.8/mysql-connector-java-5.0.8.jar
2025-09-11 11:16:39,447 [Worker-1: ビルド] WARN  o.a.m.s.f.DefaultMavenResourcesFiltering - Using platform encoding (UTF-8 actually) to copy filtered resources, i.e. build is platform dependent!
2025-09-11 11:16:39,451 [Worker-1: ビルド] INFO  o.a.m.s.f.DefaultMavenResourcesFiltering - Copying 0 resource from src\main\resources to target\classes
2025-09-11 11:16:39,454 [Worker-1: ビルド] WARN  o.a.m.s.f.DefaultMavenResourcesFiltering - Using platform encoding (UTF-8 actually) to copy filtered resources, i.e. build is platform dependent!
2025-09-11 11:16:39,455 [Worker-1: ビルド] INFO  o.a.m.s.f.DefaultMavenResourcesFiltering - skip non existing resourceDirectory C:\pleiades\2024-12\workspace\IH13A06_JV31_29_05\src\test\resources
2025-09-11 11:16:39,456 [Worker-1: ビルド] INFO  o.e.m.w.i.f.ResourceFilteringBuildParticipant - Changed resources require a complete clean of filtered resources of IH13A06_JV31_29_05
2025-09-11 11:16:39,456 [Worker-1: ビルド] INFO  o.e.m.w.i.f.ResourceFilteringBuildParticipant - Executing resource filtering for IH13A06_JV31_29_05
2025-09-11 11:16:40,770 [Worker-12: ビルド] WARN  o.a.m.s.f.DefaultMavenResourcesFiltering - Using platform encoding (UTF-8 actually) to copy filtered resources, i.e. build is platform dependent!
2025-09-11 11:16:40,779 [Worker-12: ビルド] INFO  o.a.m.s.f.DefaultMavenResourcesFiltering - Copying 1 resource from src\main\resources to target\classes
2025-09-11 11:16:40,786 [Worker-12: ビルド] WARN  o.a.m.s.f.DefaultMavenResourcesFiltering - Using platform encoding (UTF-8 actually) to copy filtered resources, i.e. build is platform dependent!
2025-09-11 11:16:40,787 [Worker-12: ビルド] INFO  o.a.m.s.f.DefaultMavenResourcesFiltering - skip non existing resourceDirectory C:\pleiades\2024-12\workspace\IH13A06_JV31_29_05\src\test\resources
2025-09-11 11:16:40,815 [Worker-1: ソースおよび Javadoc のダウンロード] INFO  o.e.m.c.i.e.AbstractTransferListenerAdapter - Downloaded https://repo.maven.apache.org/maven2/mysql/mysql-connector-java/5.0.8/mysql-connector-java-5.0.8-sources.jar
2025-09-11 11:16:40,818 [Worker-1: ソースおよび Javadoc のダウンロード] ERROR o.e.m.j.internal.DownloadSourcesJob - Could not download sources for mysql:mysql-connector-java:5.0.8
org.eclipse.core.runtime.CoreException: Could not resolve artifact mysql:mysql-connector-java:jar:sources:5.0.8
	at org.eclipse.m2e.core.internal.embedder.MavenImpl.lambda$7(MavenImpl.java:540)
	at org.eclipse.m2e.core.internal.embedder.MavenExecutionContext.executeBare(MavenExecutionContext.java:458)
	at org.eclipse.m2e.core.internal.embedder.MavenExecutionContext.execute(MavenExecutionContext.java:292)
	at org.eclipse.m2e.core.internal.embedder.MavenExecutionContext.execute(MavenExecutionContext.java:278)
	at org.eclipse.m2e.core.internal.embedder.MavenImpl.resolve(MavenImpl.java:509)
	at org.eclipse.m2e.core.internal.embedder.MavenImpl.resolve(MavenImpl.java:494)
	at org.eclipse.m2e.jdt.internal.DownloadSourcesJob.download(DownloadSourcesJob.java:308)
	at org.eclipse.m2e.jdt.internal.DownloadSourcesJob.downloadAttachments(DownloadSourcesJob.java:282)
	at org.eclipse.m2e.jdt.internal.DownloadSourcesJob.downloadMaven(DownloadSourcesJob.java:252)
	at org.eclipse.m2e.jdt.internal.DownloadSourcesJob.downloadFilesAndPopulateToUpdate(DownloadSourcesJob.java:220)
	at org.eclipse.m2e.jdt.internal.DownloadSourcesJob.lambda$0(DownloadSourcesJob.java:149)
	at org.eclipse.m2e.core.internal.embedder.MavenExecutionContext.executeBare(MavenExecutionContext.java:458)
	at org.eclipse.m2e.core.internal.embedder.MavenExecutionContext.execute(MavenExecutionContext.java:339)
	at org.eclipse.m2e.core.internal.embedder.MavenExecutionContext.execute(MavenExecutionContext.java:278)
	at org.eclipse.m2e.core.embedder.IMaven.execute(IMaven.java:300)
	at org.eclipse.m2e.jdt.internal.DownloadSourcesJob.run(DownloadSourcesJob.java:149)
	at org.eclipse.core.internal.jobs.Worker.run(Worker.java:63)
2025-09-11 11:19:15,428 [Worker-18: ビルド] WARN  o.a.m.s.f.DefaultMavenResourcesFiltering - Using platform encoding (UTF-8 actually) to copy filtered resources, i.e. build is platform dependent!
2025-09-11 11:19:15,430 [Worker-18: ビルド] INFO  o.a.m.s.f.DefaultMavenResourcesFiltering - Copying 1 resource from src\main\resources to target\classes
2025-09-11 11:19:15,435 [Worker-18: ビルド] WARN  o.a.m.s.f.DefaultMavenResourcesFiltering - Using platform encoding (UTF-8 actually) to copy filtered resources, i.e. build is platform dependent!
2025-09-11 11:19:15,435 [Worker-18: ビルド] INFO  o.a.m.s.f.DefaultMavenResourcesFiltering - skip non existing resourceDirectory C:\pleiades\2024-12\workspace\IH13A06_JV31_29_05\src\test\resources
2025-09-11 11:22:56,788 [Worker-1: ビルド] WARN  o.a.m.s.f.DefaultMavenResourcesFiltering - Using platform encoding (UTF-8 actually) to copy filtered resources, i.e. build is platform dependent!
2025-09-11 11:22:56,789 [Worker-1: ビルド] INFO  o.a.m.s.f.DefaultMavenResourcesFiltering - Copying 1 resource from src\main\resources to target\classes
2025-09-11 11:22:56,796 [Worker-1: ビルド] WARN  o.a.m.s.f.DefaultMavenResourcesFiltering - Using platform encoding (UTF-8 actually) to copy filtered resources, i.e. build is platform dependent!
2025-09-11 11:22:56,797 [Worker-1: ビルド] INFO  o.a.m.s.f.DefaultMavenResourcesFiltering - skip non existing resourceDirectory C:\pleiades\2024-12\workspace\IH13A06_JV31_29_05\src\test\resources
2025-09-11 11:24:05,848 [Worker-17: ビルド] WARN  o.a.m.s.f.DefaultMavenResourcesFiltering - Using platform encoding (UTF-8 actually) to copy filtered resources, i.e. build is platform dependent!
2025-09-11 11:24:05,850 [Worker-17: ビルド] INFO  o.a.m.s.f.DefaultMavenResourcesFiltering - Copying 1 resource from src\main\resources to target\classes
2025-09-11 11:24:05,853 [Worker-17: ビルド] WARN  o.a.m.s.f.DefaultMavenResourcesFiltering - Using platform encoding (UTF-8 actually) to copy filtered resources, i.e. build is platform dependent!
2025-09-11 11:24:05,853 [Worker-17: ビルド] INFO  o.a.m.s.f.DefaultMavenResourcesFiltering - skip non existing resourceDirectory C:\pleiades\2024-12\workspace\IH13A06_JV31_29_05\src\test\resources
2025-09-11 12:51:12,285 [Worker-30: ビルド] WARN  o.a.m.s.f.DefaultMavenResourcesFiltering - Using platform encoding (UTF-8 actually) to copy filtered resources, i.e. build is platform dependent!
2025-09-11 12:51:12,287 [Worker-30: ビルド] INFO  o.a.m.s.f.DefaultMavenResourcesFiltering - Copying 1 resource from src\main\resources to target\classes
2025-09-11 12:51:12,289 [Worker-30: ビルド] WARN  o.a.m.s.f.DefaultMavenResourcesFiltering - Using platform encoding (UTF-8 actually) to copy filtered resources, i.e. build is platform dependent!
2025-09-11 12:51:12,289 [Worker-30: ビルド] INFO  o.a.m.s.f.DefaultMavenResourcesFiltering - skip non existing resourceDirectory C:\pleiades\2024-12\workspace\IH13A06_JV31_29_05\src\test\resources
2025-09-11 12:52:25,644 [Worker-26: ビルド] WARN  o.a.m.s.f.DefaultMavenResourcesFiltering - Using platform encoding (UTF-8 actually) to copy filtered resources, i.e. build is platform dependent!
2025-09-11 12:52:25,645 [Worker-26: ビルド] INFO  o.a.m.s.f.DefaultMavenResourcesFiltering - Copying 1 resource from src\main\resources to target\classes
2025-09-11 12:52:25,647 [Worker-26: ビルド] WARN  o.a.m.s.f.DefaultMavenResourcesFiltering - Using platform encoding (UTF-8 actually) to copy filtered resources, i.e. build is platform dependent!
2025-09-11 12:52:25,648 [Worker-26: ビルド] INFO  o.a.m.s.f.DefaultMavenResourcesFiltering - skip non existing resourceDirectory C:\pleiades\2024-12\workspace\IH13A06_JV31_29_05\src\test\resources
2025-09-11 14:44:52,301 [Worker-31: ビルド] WARN  o.a.m.s.f.DefaultMavenResourcesFiltering - Using platform encoding (UTF-8 actually) to copy filtered resources, i.e. build is platform dependent!
2025-09-11 14:44:52,303 [Worker-31: ビルド] INFO  o.a.m.s.f.DefaultMavenResourcesFiltering - Copying 0 resource from src\main\resources to target\classes
2025-09-11 14:44:52,305 [Worker-31: ビルド] WARN  o.a.m.s.f.DefaultMavenResourcesFiltering - Using platform encoding (UTF-8 actually) to copy filtered resources, i.e. build is platform dependent!
2025-09-11 14:44:52,307 [Worker-31: ビルド] INFO  o.a.m.s.f.DefaultMavenResourcesFiltering - skip non existing resourceDirectory C:\pleiades\2024-12\workspace\IH13A06_JV31_29_05\src\test\resources
2025-09-11 14:45:11,037 [Worker-31: ビルド] WARN  o.a.m.s.f.DefaultMavenResourcesFiltering - Using platform encoding (UTF-8 actually) to copy filtered resources, i.e. build is platform dependent!
2025-09-11 14:45:11,038 [Worker-31: ビルド] INFO  o.a.m.s.f.DefaultMavenResourcesFiltering - Copying 1 resource from src\main\resources to target\classes
2025-09-11 14:45:11,043 [Worker-31: ビルド] WARN  o.a.m.s.f.DefaultMavenResourcesFiltering - Using platform encoding (UTF-8 actually) to copy filtered resources, i.e. build is platform dependent!
2025-09-11 14:45:11,044 [Worker-31: ビルド] INFO  o.a.m.s.f.DefaultMavenResourcesFiltering - skip non existing resourceDirectory C:\pleiades\2024-12\workspace\IH13A06_JV31_29_05\src\test\resources
2025-09-11 14:50:33,900 [Worker-34: ビルド] INFO  o.e.m.c.i.l.LifecycleMappingFactory - Using org.maven.ide.eclipse.wtp.WarLifecycleMapping lifecycle mapping for MavenProject: com.example:IH13AXX_JV31_29_05:1.0-SNAPSHOT @ C:\pleiades\2024-12\workspace\IH13A06_JV31_29_05\pom.xml.
2025-09-11 14:50:34,276 [Worker-34: ビルド] INFO  o.e.m.c.i.e.AbstractTransferListenerAdapter - Downloading https://repo.maven.apache.org/maven2/javax/persistence/javax.persistence-api/2.2/javax.persistence-api-2.2.pom
2025-09-11 14:50:34,281 [Worker-34: ビルド] INFO  o.e.m.c.i.e.AbstractTransferListenerAdapter - Downloaded https://repo.maven.apache.org/maven2/javax/persistence/javax.persistence-api/2.2/javax.persistence-api-2.2.pom
2025-09-11 14:50:34,356 [Worker-34: ビルド] INFO  o.e.m.c.i.e.AbstractTransferListenerAdapter - Downloading https://repo.maven.apache.org/maven2/net/java/jvnet-parent/5/jvnet-parent-5.pom
2025-09-11 14:50:34,372 [Worker-34: ビルド] INFO  o.e.m.c.i.e.AbstractTransferListenerAdapter - Downloaded https://repo.maven.apache.org/maven2/net/java/jvnet-parent/5/jvnet-parent-5.pom
2025-09-11 14:50:34,427 [Worker-34: ビルド] INFO  o.e.m.c.i.e.AbstractTransferListenerAdapter - Downloading https://repo.maven.apache.org/maven2/org/hibernate/hibernate-core/5.6.15.Final/hibernate-core-5.6.15.Final.pom
2025-09-11 14:50:34,434 [Worker-34: ビルド] INFO  o.e.m.c.i.e.AbstractTransferListenerAdapter - Downloaded https://repo.maven.apache.org/maven2/org/hibernate/hibernate-core/5.6.15.Final/hibernate-core-5.6.15.Final.pom
2025-09-11 14:50:34,497 [Worker-34: ビルド] INFO  o.e.m.c.i.e.AbstractTransferListenerAdapter - Downloading https://repo.maven.apache.org/maven2/org/jboss/logging/jboss-logging/3.4.3.Final/jboss-logging-3.4.3.Final.pom
2025-09-11 14:50:34,572 [Worker-34: ビルド] INFO  o.e.m.c.i.e.AbstractTransferListenerAdapter - Downloaded https://repo.maven.apache.org/maven2/org/jboss/logging/jboss-logging/3.4.3.Final/jboss-logging-3.4.3.Final.pom
2025-09-11 14:50:34,645 [Worker-34: ビルド] INFO  o.e.m.c.i.e.AbstractTransferListenerAdapter - Downloading https://repo.maven.apache.org/maven2/net/bytebuddy/byte-buddy/1.12.18/byte-buddy-1.12.18.pom
2025-09-11 14:50:34,660 [Worker-34: ビルド] INFO  o.e.m.c.i.e.AbstractTransferListenerAdapter - Downloaded https://repo.maven.apache.org/maven2/net/bytebuddy/byte-buddy/1.12.18/byte-buddy-1.12.18.pom
2025-09-11 14:50:34,706 [Worker-34: ビルド] INFO  o.e.m.c.i.e.AbstractTransferListenerAdapter - Downloading https://repo.maven.apache.org/maven2/net/bytebuddy/byte-buddy-parent/1.12.18/byte-buddy-parent-1.12.18.pom
2025-09-11 14:50:34,758 [Worker-34: ビルド] INFO  o.e.m.c.i.e.AbstractTransferListenerAdapter - Downloaded https://repo.maven.apache.org/maven2/net/bytebuddy/byte-buddy-parent/1.12.18/byte-buddy-parent-1.12.18.pom
2025-09-11 14:50:34,812 [Worker-34: ビルド] INFO  o.e.m.c.i.e.AbstractTransferListenerAdapter - Downloading https://repo.maven.apache.org/maven2/antlr/antlr/2.7.7/antlr-2.7.7.pom
2025-09-11 14:50:34,817 [Worker-34: ビルド] INFO  o.e.m.c.i.e.AbstractTransferListenerAdapter - Downloaded https://repo.maven.apache.org/maven2/antlr/antlr/2.7.7/antlr-2.7.7.pom
2025-09-11 14:50:34,889 [Worker-34: ビルド] INFO  o.e.m.c.i.e.AbstractTransferListenerAdapter - Downloading https://repo.maven.apache.org/maven2/org/jboss/spec/javax/transaction/jboss-transaction-api_1.2_spec/1.1.1.Final/jboss-transaction-api_1.2_spec-1.1.1.Final.pom
2025-09-11 14:50:34,894 [Worker-34: ビルド] INFO  o.e.m.c.i.e.AbstractTransferListenerAdapter - Downloaded https://repo.maven.apache.org/maven2/org/jboss/spec/javax/transaction/jboss-transaction-api_1.2_spec/1.1.1.Final/jboss-transaction-api_1.2_spec-1.1.1.Final.pom
2025-09-11 14:50:34,947 [Worker-34: ビルド] INFO  o.e.m.c.i.e.AbstractTransferListenerAdapter - Downloading https://repo.maven.apache.org/maven2/org/jboss/jboss-parent/25/jboss-parent-25.pom
2025-09-11 14:50:34,982 [Worker-34: ビルド] INFO  o.e.m.c.i.e.AbstractTransferListenerAdapter - Downloaded https://repo.maven.apache.org/maven2/org/jboss/jboss-parent/25/jboss-parent-25.pom
2025-09-11 14:50:35,046 [Worker-34: ビルド] INFO  o.e.m.c.i.e.AbstractTransferListenerAdapter - Downloading https://repo.maven.apache.org/maven2/org/jboss/jandex/2.4.2.Final/jandex-2.4.2.Final.pom
2025-09-11 14:50:35,067 [Worker-34: ビルド] INFO  o.e.m.c.i.e.AbstractTransferListenerAdapter - Downloaded https://repo.maven.apache.org/maven2/org/jboss/jandex/2.4.2.Final/jandex-2.4.2.Final.pom
2025-09-11 14:50:35,140 [Worker-34: ビルド] INFO  o.e.m.c.i.e.AbstractTransferListenerAdapter - Downloading https://repo.maven.apache.org/maven2/org/jboss/jboss-parent/12/jboss-parent-12.pom
2025-09-11 14:50:35,179 [Worker-34: ビルド] INFO  o.e.m.c.i.e.AbstractTransferListenerAdapter - Downloaded https://repo.maven.apache.org/maven2/org/jboss/jboss-parent/12/jboss-parent-12.pom
2025-09-11 14:50:35,311 [Worker-34: ビルド] INFO  o.e.m.c.i.e.AbstractTransferListenerAdapter - Downloading https://repo.maven.apache.org/maven2/javax/activation/javax.activation-api/1.2.0/javax.activation-api-1.2.0.pom
2025-09-11 14:50:35,319 [Worker-34: ビルド] INFO  o.e.m.c.i.e.AbstractTransferListenerAdapter - Downloaded https://repo.maven.apache.org/maven2/javax/activation/javax.activation-api/1.2.0/javax.activation-api-1.2.0.pom
2025-09-11 14:50:35,380 [Worker-34: ビルド] INFO  o.e.m.c.i.e.AbstractTransferListenerAdapter - Downloading https://repo.maven.apache.org/maven2/com/sun/activation/all/1.2.0/all-1.2.0.pom
2025-09-11 14:50:35,399 [Worker-34: ビルド] INFO  o.e.m.c.i.e.AbstractTransferListenerAdapter - Downloaded https://repo.maven.apache.org/maven2/com/sun/activation/all/1.2.0/all-1.2.0.pom
2025-09-11 14:50:35,451 [Worker-34: ビルド] INFO  o.e.m.c.i.e.AbstractTransferListenerAdapter - Downloading https://repo.maven.apache.org/maven2/net/java/jvnet-parent/1/jvnet-parent-1.pom
2025-09-11 14:50:35,456 [Worker-34: ビルド] INFO  o.e.m.c.i.e.AbstractTransferListenerAdapter - Downloaded https://repo.maven.apache.org/maven2/net/java/jvnet-parent/1/jvnet-parent-1.pom
2025-09-11 14:50:35,560 [Worker-34: ビルド] INFO  o.e.m.c.i.e.AbstractTransferListenerAdapter - Downloading https://repo.maven.apache.org/maven2/org/hibernate/common/hibernate-commons-annotations/5.1.2.Final/hibernate-commons-annotations-5.1.2.Final.pom
2025-09-11 14:50:35,565 [Worker-34: ビルド] INFO  o.e.m.c.i.e.AbstractTransferListenerAdapter - Downloaded https://repo.maven.apache.org/maven2/org/hibernate/common/hibernate-commons-annotations/5.1.2.Final/hibernate-commons-annotations-5.1.2.Final.pom
2025-09-11 14:50:35,635 [Worker-34: ビルド] INFO  o.e.m.c.i.e.AbstractTransferListenerAdapter - Downloading https://repo.maven.apache.org/maven2/org/jboss/logging/jboss-logging/3.3.2.Final/jboss-logging-3.3.2.Final.pom
2025-09-11 14:50:35,649 [Worker-34: ビルド] INFO  o.e.m.c.i.e.AbstractTransferListenerAdapter - Downloaded https://repo.maven.apache.org/maven2/org/jboss/logging/jboss-logging/3.3.2.Final/jboss-logging-3.3.2.Final.pom
2025-09-11 14:50:35,696 [Worker-34: ビルド] INFO  o.e.m.c.i.e.AbstractTransferListenerAdapter - Downloading https://repo.maven.apache.org/maven2/org/jboss/jboss-parent/15/jboss-parent-15.pom
2025-09-11 14:50:35,718 [Worker-34: ビルド] INFO  o.e.m.c.i.e.AbstractTransferListenerAdapter - Downloaded https://repo.maven.apache.org/maven2/org/jboss/jboss-parent/15/jboss-parent-15.pom
2025-09-11 14:50:35,798 [Worker-34: ビルド] INFO  o.e.m.c.i.e.AbstractTransferListenerAdapter - Downloading https://repo.maven.apache.org/maven2/javax/xml/bind/jaxb-api/2.3.1/jaxb-api-2.3.1.pom
2025-09-11 14:50:35,814 [Worker-34: ビルド] INFO  o.e.m.c.i.e.AbstractTransferListenerAdapter - Downloaded https://repo.maven.apache.org/maven2/javax/xml/bind/jaxb-api/2.3.1/jaxb-api-2.3.1.pom
2025-09-11 14:50:35,867 [Worker-34: ビルド] INFO  o.e.m.c.i.e.AbstractTransferListenerAdapter - Downloading https://repo.maven.apache.org/maven2/javax/xml/bind/jaxb-api-parent/2.3.1/jaxb-api-parent-2.3.1.pom
2025-09-11 14:50:35,876 [Worker-34: ビルド] INFO  o.e.m.c.i.e.AbstractTransferListenerAdapter - Downloaded https://repo.maven.apache.org/maven2/javax/xml/bind/jaxb-api-parent/2.3.1/jaxb-api-parent-2.3.1.pom
2025-09-11 14:50:35,936 [Worker-34: ビルド] INFO  o.e.m.c.i.e.AbstractTransferListenerAdapter - Downloading https://repo.maven.apache.org/maven2/org/glassfish/jaxb/jaxb-runtime/2.3.1/jaxb-runtime-2.3.1.pom
2025-09-11 14:50:35,941 [Worker-34: ビルド] INFO  o.e.m.c.i.e.AbstractTransferListenerAdapter - Downloaded https://repo.maven.apache.org/maven2/org/glassfish/jaxb/jaxb-runtime/2.3.1/jaxb-runtime-2.3.1.pom
2025-09-11 14:50:36,015 [Worker-34: ビルド] INFO  o.e.m.c.i.e.AbstractTransferListenerAdapter - Downloading https://repo.maven.apache.org/maven2/com/sun/xml/bind/mvn/jaxb-runtime-parent/2.3.1/jaxb-runtime-parent-2.3.1.pom
2025-09-11 14:50:36,020 [Worker-34: ビルド] INFO  o.e.m.c.i.e.AbstractTransferListenerAdapter - Downloaded https://repo.maven.apache.org/maven2/com/sun/xml/bind/mvn/jaxb-runtime-parent/2.3.1/jaxb-runtime-parent-2.3.1.pom
2025-09-11 14:50:36,071 [Worker-34: ビルド] INFO  o.e.m.c.i.e.AbstractTransferListenerAdapter - Downloading https://repo.maven.apache.org/maven2/com/sun/xml/bind/mvn/jaxb-parent/2.3.1/jaxb-parent-2.3.1.pom
2025-09-11 14:50:36,139 [Worker-34: ビルド] INFO  o.e.m.c.i.e.AbstractTransferListenerAdapter - Downloaded https://repo.maven.apache.org/maven2/com/sun/xml/bind/mvn/jaxb-parent/2.3.1/jaxb-parent-2.3.1.pom
2025-09-11 14:50:36,197 [Worker-34: ビルド] INFO  o.e.m.c.i.e.AbstractTransferListenerAdapter - Downloading https://repo.maven.apache.org/maven2/com/sun/xml/bind/jaxb-bom-ext/2.3.1/jaxb-bom-ext-2.3.1.pom
2025-09-11 14:50:36,208 [Worker-34: ビルド] INFO  o.e.m.c.i.e.AbstractTransferListenerAdapter - Downloaded https://repo.maven.apache.org/maven2/com/sun/xml/bind/jaxb-bom-ext/2.3.1/jaxb-bom-ext-2.3.1.pom
2025-09-11 14:50:36,280 [Worker-34: ビルド] INFO  o.e.m.c.i.e.AbstractTransferListenerAdapter - Downloading https://repo.maven.apache.org/maven2/org/glassfish/jaxb/jaxb-bom/2.3.1/jaxb-bom-2.3.1.pom
2025-09-11 14:50:36,290 [Worker-34: ビルド] INFO  o.e.m.c.i.e.AbstractTransferListenerAdapter - Downloaded https://repo.maven.apache.org/maven2/org/glassfish/jaxb/jaxb-bom/2.3.1/jaxb-bom-2.3.1.pom
2025-09-11 14:50:36,331 [Worker-34: ビルド] INFO  o.e.m.c.i.e.AbstractTransferListenerAdapter - Downloading https://repo.maven.apache.org/maven2/org/glassfish/jaxb/txw2/2.3.1/txw2-2.3.1.pom
2025-09-11 14:50:36,337 [Worker-34: ビルド] INFO  o.e.m.c.i.e.AbstractTransferListenerAdapter - Downloaded https://repo.maven.apache.org/maven2/org/glassfish/jaxb/txw2/2.3.1/txw2-2.3.1.pom
2025-09-11 14:50:36,410 [Worker-34: ビルド] INFO  o.e.m.c.i.e.AbstractTransferListenerAdapter - Downloading https://repo.maven.apache.org/maven2/com/sun/xml/bind/mvn/jaxb-txw-parent/2.3.1/jaxb-txw-parent-2.3.1.pom
2025-09-11 14:50:36,415 [Worker-34: ビルド] INFO  o.e.m.c.i.e.AbstractTransferListenerAdapter - Downloaded https://repo.maven.apache.org/maven2/com/sun/xml/bind/mvn/jaxb-txw-parent/2.3.1/jaxb-txw-parent-2.3.1.pom
2025-09-11 14:50:36,461 [Worker-34: ビルド] INFO  o.e.m.c.i.e.AbstractTransferListenerAdapter - Downloading https://repo.maven.apache.org/maven2/com/sun/istack/istack-commons-runtime/3.0.7/istack-commons-runtime-3.0.7.pom
2025-09-11 14:50:36,467 [Worker-34: ビルド] INFO  o.e.m.c.i.e.AbstractTransferListenerAdapter - Downloaded https://repo.maven.apache.org/maven2/com/sun/istack/istack-commons-runtime/3.0.7/istack-commons-runtime-3.0.7.pom
2025-09-11 14:50:36,522 [Worker-34: ビルド] INFO  o.e.m.c.i.e.AbstractTransferListenerAdapter - Downloading https://repo.maven.apache.org/maven2/com/sun/istack/istack-commons/3.0.7/istack-commons-3.0.7.pom
2025-09-11 14:50:36,530 [Worker-34: ビルド] INFO  o.e.m.c.i.e.AbstractTransferListenerAdapter - Downloaded https://repo.maven.apache.org/maven2/com/sun/istack/istack-commons/3.0.7/istack-commons-3.0.7.pom
2025-09-11 14:50:36,583 [Worker-34: ビルド] INFO  o.e.m.c.i.e.AbstractTransferListenerAdapter - Downloading https://repo.maven.apache.org/maven2/org/jvnet/staxex/stax-ex/1.8/stax-ex-1.8.pom
2025-09-11 14:50:36,596 [Worker-34: ビルド] INFO  o.e.m.c.i.e.AbstractTransferListenerAdapter - Downloaded https://repo.maven.apache.org/maven2/org/jvnet/staxex/stax-ex/1.8/stax-ex-1.8.pom
2025-09-11 14:50:36,662 [Worker-34: ビルド] INFO  o.e.m.c.i.e.AbstractTransferListenerAdapter - Downloading https://repo.maven.apache.org/maven2/com/sun/xml/fastinfoset/FastInfoset/1.2.15/FastInfoset-1.2.15.pom
2025-09-11 14:50:36,667 [Worker-34: ビルド] INFO  o.e.m.c.i.e.AbstractTransferListenerAdapter - Downloaded https://repo.maven.apache.org/maven2/com/sun/xml/fastinfoset/FastInfoset/1.2.15/FastInfoset-1.2.15.pom
2025-09-11 14:50:36,707 [Worker-34: ビルド] INFO  o.e.m.c.i.e.AbstractTransferListenerAdapter - Downloading https://repo.maven.apache.org/maven2/com/sun/xml/fastinfoset/fastinfoset-project/1.2.15/fastinfoset-project-1.2.15.pom
2025-09-11 14:50:36,715 [Worker-34: ビルド] INFO  o.e.m.c.i.e.AbstractTransferListenerAdapter - Downloaded https://repo.maven.apache.org/maven2/com/sun/xml/fastinfoset/fastinfoset-project/1.2.15/fastinfoset-project-1.2.15.pom
2025-09-11 14:50:36,757 [Worker-34: ビルド] INFO  o.e.m.c.i.e.AbstractTransferListenerAdapter - Downloading https://repo.maven.apache.org/maven2/javax/servlet/javax.servlet-api/4.0.1/javax.servlet-api-4.0.1.pom
2025-09-11 14:50:36,771 [Worker-34: ビルド] INFO  o.e.m.c.i.e.AbstractTransferListenerAdapter - Downloaded https://repo.maven.apache.org/maven2/javax/servlet/javax.servlet-api/4.0.1/javax.servlet-api-4.0.1.pom
2025-09-11 14:50:36,847 [Worker-34: ビルド] INFO  o.e.m.c.i.e.AbstractTransferListenerAdapter - Downloading https://repo.maven.apache.org/maven2/net/java/jvnet-parent/3/jvnet-parent-3.pom
2025-09-11 14:50:36,851 [Worker-34: ビルド] INFO  o.e.m.c.i.e.AbstractTransferListenerAdapter - Downloaded https://repo.maven.apache.org/maven2/net/java/jvnet-parent/3/jvnet-parent-3.pom
2025-09-11 14:50:36,916 [Worker-34: ビルド] INFO  o.e.m.c.i.e.AbstractTransferListenerAdapter - Downloading https://repo.maven.apache.org/maven2/javax/persistence/javax.persistence-api/2.2/javax.persistence-api-2.2.jar
2025-09-11 14:50:37,028 [Worker-34: ビルド] INFO  o.e.m.c.i.e.AbstractTransferListenerAdapter - Downloaded https://repo.maven.apache.org/maven2/javax/persistence/javax.persistence-api/2.2/javax.persistence-api-2.2.jar
2025-09-11 14:50:37,081 [BasicRepositoryConnector-repo.maven.apache.org-4-0] INFO  o.e.m.c.i.e.AbstractTransferListenerAdapter - Downloading https://repo.maven.apache.org/maven2/org/hibernate/hibernate-core/5.6.15.Final/hibernate-core-5.6.15.Final.jar
2025-09-11 14:50:37,170 [BasicRepositoryConnector-repo.maven.apache.org-4-1] INFO  o.e.m.c.i.e.AbstractTransferListenerAdapter - Downloading https://repo.maven.apache.org/maven2/org/jboss/logging/jboss-logging/3.4.3.Final/jboss-logging-3.4.3.Final.jar
2025-09-11 14:50:37,173 [BasicRepositoryConnector-repo.maven.apache.org-4-4] INFO  o.e.m.c.i.e.AbstractTransferListenerAdapter - Downloading https://repo.maven.apache.org/maven2/org/jboss/spec/javax/transaction/jboss-transaction-api_1.2_spec/1.1.1.Final/jboss-transaction-api_1.2_spec-1.1.1.Final.jar
2025-09-11 14:50:37,173 [BasicRepositoryConnector-repo.maven.apache.org-4-3] INFO  o.e.m.c.i.e.AbstractTransferListenerAdapter - Downloading https://repo.maven.apache.org/maven2/antlr/antlr/2.7.7/antlr-2.7.7.jar
2025-09-11 14:50:37,197 [BasicRepositoryConnector-repo.maven.apache.org-4-2] INFO  o.e.m.c.i.e.AbstractTransferListenerAdapter - Downloading https://repo.maven.apache.org/maven2/net/bytebuddy/byte-buddy/1.12.18/byte-buddy-1.12.18.jar
2025-09-11 14:50:37,200 [BasicRepositoryConnector-repo.maven.apache.org-4-4] INFO  o.e.m.c.i.e.AbstractTransferListenerAdapter - Downloaded https://repo.maven.apache.org/maven2/org/jboss/spec/javax/transaction/jboss-transaction-api_1.2_spec/1.1.1.Final/jboss-transaction-api_1.2_spec-1.1.1.Final.jar
2025-09-11 14:50:37,246 [BasicRepositoryConnector-repo.maven.apache.org-4-1] INFO  o.e.m.c.i.e.AbstractTransferListenerAdapter - Downloaded https://repo.maven.apache.org/maven2/org/jboss/logging/jboss-logging/3.4.3.Final/jboss-logging-3.4.3.Final.jar
2025-09-11 14:50:37,272 [BasicRepositoryConnector-repo.maven.apache.org-4-4] INFO  o.e.m.c.i.e.AbstractTransferListenerAdapter - Downloading https://repo.maven.apache.org/maven2/org/jboss/jandex/2.4.2.Final/jandex-2.4.2.Final.jar
2025-09-11 14:50:37,302 [BasicRepositoryConnector-repo.maven.apache.org-4-1] INFO  o.e.m.c.i.e.AbstractTransferListenerAdapter - Downloading https://repo.maven.apache.org/maven2/javax/activation/javax.activation-api/1.2.0/javax.activation-api-1.2.0.jar
2025-09-11 14:50:37,377 [BasicRepositoryConnector-repo.maven.apache.org-4-1] INFO  o.e.m.c.i.e.AbstractTransferListenerAdapter - Downloaded https://repo.maven.apache.org/maven2/javax/activation/javax.activation-api/1.2.0/javax.activation-api-1.2.0.jar
2025-09-11 14:50:37,557 [BasicRepositoryConnector-repo.maven.apache.org-4-1] INFO  o.e.m.c.i.e.AbstractTransferListenerAdapter - Downloading https://repo.maven.apache.org/maven2/org/hibernate/common/hibernate-commons-annotations/5.1.2.Final/hibernate-commons-annotations-5.1.2.Final.jar
2025-09-11 14:50:37,623 [BasicRepositoryConnector-repo.maven.apache.org-4-4] INFO  o.e.m.c.i.e.AbstractTransferListenerAdapter - Downloaded https://repo.maven.apache.org/maven2/org/jboss/jandex/2.4.2.Final/jandex-2.4.2.Final.jar
2025-09-11 14:50:37,649 [BasicRepositoryConnector-repo.maven.apache.org-4-3] INFO  o.e.m.c.i.e.AbstractTransferListenerAdapter - Downloaded https://repo.maven.apache.org/maven2/antlr/antlr/2.7.7/antlr-2.7.7.jar
2025-09-11 14:50:37,685 [BasicRepositoryConnector-repo.maven.apache.org-4-1] INFO  o.e.m.c.i.e.AbstractTransferListenerAdapter - Downloaded https://repo.maven.apache.org/maven2/org/hibernate/common/hibernate-commons-annotations/5.1.2.Final/hibernate-commons-annotations-5.1.2.Final.jar
2025-09-11 14:50:37,730 [BasicRepositoryConnector-repo.maven.apache.org-4-4] INFO  o.e.m.c.i.e.AbstractTransferListenerAdapter - Downloading https://repo.maven.apache.org/maven2/javax/xml/bind/jaxb-api/2.3.1/jaxb-api-2.3.1.jar
2025-09-11 14:50:37,862 [BasicRepositoryConnector-repo.maven.apache.org-4-1] INFO  o.e.m.c.i.e.AbstractTransferListenerAdapter - Downloading https://repo.maven.apache.org/maven2/org/glassfish/jaxb/txw2/2.3.1/txw2-2.3.1.jar
2025-09-11 14:50:37,864 [BasicRepositoryConnector-repo.maven.apache.org-4-3] INFO  o.e.m.c.i.e.AbstractTransferListenerAdapter - Downloading https://repo.maven.apache.org/maven2/org/glassfish/jaxb/jaxb-runtime/2.3.1/jaxb-runtime-2.3.1.jar
2025-09-11 14:50:37,920 [BasicRepositoryConnector-repo.maven.apache.org-4-1] INFO  o.e.m.c.i.e.AbstractTransferListenerAdapter - Downloaded https://repo.maven.apache.org/maven2/org/glassfish/jaxb/txw2/2.3.1/txw2-2.3.1.jar
2025-09-11 14:50:37,955 [BasicRepositoryConnector-repo.maven.apache.org-4-4] INFO  o.e.m.c.i.e.AbstractTransferListenerAdapter - Downloaded https://repo.maven.apache.org/maven2/javax/xml/bind/jaxb-api/2.3.1/jaxb-api-2.3.1.jar
2025-09-11 14:50:38,082 [BasicRepositoryConnector-repo.maven.apache.org-4-1] INFO  o.e.m.c.i.e.AbstractTransferListenerAdapter - Downloading https://repo.maven.apache.org/maven2/com/sun/istack/istack-commons-runtime/3.0.7/istack-commons-runtime-3.0.7.jar
2025-09-11 14:50:38,125 [BasicRepositoryConnector-repo.maven.apache.org-4-4] INFO  o.e.m.c.i.e.AbstractTransferListenerAdapter - Downloading https://repo.maven.apache.org/maven2/org/jvnet/staxex/stax-ex/1.8/stax-ex-1.8.jar
2025-09-11 14:50:38,129 [BasicRepositoryConnector-repo.maven.apache.org-4-1] INFO  o.e.m.c.i.e.AbstractTransferListenerAdapter - Downloaded https://repo.maven.apache.org/maven2/com/sun/istack/istack-commons-runtime/3.0.7/istack-commons-runtime-3.0.7.jar
2025-09-11 14:50:38,178 [BasicRepositoryConnector-repo.maven.apache.org-4-4] INFO  o.e.m.c.i.e.AbstractTransferListenerAdapter - Downloaded https://repo.maven.apache.org/maven2/org/jvnet/staxex/stax-ex/1.8/stax-ex-1.8.jar
2025-09-11 14:50:38,326 [BasicRepositoryConnector-repo.maven.apache.org-4-1] INFO  o.e.m.c.i.e.AbstractTransferListenerAdapter - Downloading https://repo.maven.apache.org/maven2/com/sun/xml/fastinfoset/FastInfoset/1.2.15/FastInfoset-1.2.15.jar
2025-09-11 14:50:38,410 [BasicRepositoryConnector-repo.maven.apache.org-4-4] INFO  o.e.m.c.i.e.AbstractTransferListenerAdapter - Downloading https://repo.maven.apache.org/maven2/javax/servlet/javax.servlet-api/4.0.1/javax.servlet-api-4.0.1.jar
2025-09-11 14:50:38,551 [BasicRepositoryConnector-repo.maven.apache.org-4-4] INFO  o.e.m.c.i.e.AbstractTransferListenerAdapter - Downloaded https://repo.maven.apache.org/maven2/javax/servlet/javax.servlet-api/4.0.1/javax.servlet-api-4.0.1.jar
2025-09-11 14:50:39,020 [BasicRepositoryConnector-repo.maven.apache.org-4-1] INFO  o.e.m.c.i.e.AbstractTransferListenerAdapter - Downloaded https://repo.maven.apache.org/maven2/com/sun/xml/fastinfoset/FastInfoset/1.2.15/FastInfoset-1.2.15.jar
2025-09-11 14:50:39,572 [BasicRepositoryConnector-repo.maven.apache.org-4-3] INFO  o.e.m.c.i.e.AbstractTransferListenerAdapter - Downloaded https://repo.maven.apache.org/maven2/org/glassfish/jaxb/jaxb-runtime/2.3.1/jaxb-runtime-2.3.1.jar
2025-09-11 14:50:40,728 [BasicRepositoryConnector-repo.maven.apache.org-4-2] INFO  o.e.m.c.i.e.AbstractTransferListenerAdapter - Downloaded https://repo.maven.apache.org/maven2/net/bytebuddy/byte-buddy/1.12.18/byte-buddy-1.12.18.jar
2025-09-11 14:50:42,222 [BasicRepositoryConnector-repo.maven.apache.org-4-0] INFO  o.e.m.c.i.e.AbstractTransferListenerAdapter - Downloaded https://repo.maven.apache.org/maven2/org/hibernate/hibernate-core/5.6.15.Final/hibernate-core-5.6.15.Final.jar
2025-09-11 14:50:43,342 [Worker-34: ビルド] WARN  o.a.m.s.f.DefaultMavenResourcesFiltering - Using platform encoding (UTF-8 actually) to copy filtered resources, i.e. build is platform dependent!
2025-09-11 14:50:43,345 [Worker-34: ビルド] INFO  o.a.m.s.f.DefaultMavenResourcesFiltering - Copying 0 resource from src\main\resources to target\classes
2025-09-11 14:50:43,348 [Worker-34: ビルド] WARN  o.a.m.s.f.DefaultMavenResourcesFiltering - Using platform encoding (UTF-8 actually) to copy filtered resources, i.e. build is platform dependent!
2025-09-11 14:50:43,349 [Worker-34: ビルド] INFO  o.a.m.s.f.DefaultMavenResourcesFiltering - skip non existing resourceDirectory C:\pleiades\2024-12\workspace\IH13A06_JV31_29_05\src\test\resources
2025-09-11 14:50:43,349 [Worker-34: ビルド] INFO  o.e.m.w.i.f.ResourceFilteringBuildParticipant - Changed resources require a complete clean of filtered resources of IH13A06_JV31_29_05
2025-09-11 14:50:43,350 [Worker-34: ビルド] INFO  o.e.m.w.i.f.ResourceFilteringBuildParticipant - Executing resource filtering for IH13A06_JV31_29_05
2025-09-11 14:50:44,561 [Worker-35: ソースおよび Javadoc のダウンロード] INFO  o.e.m.c.i.e.AbstractTransferListenerAdapter - Downloaded https://repo.maven.apache.org/maven2/mysql/mysql-connector-java/5.0.8/mysql-connector-java-5.0.8-javadoc.jar
2025-09-11 14:50:44,565 [Worker-35: ソースおよび Javadoc のダウンロード] ERROR o.e.m.j.internal.DownloadSourcesJob - Could not download javadoc for mysql:mysql-connector-java:5.0.8
org.eclipse.core.runtime.CoreException: Could not resolve artifact mysql:mysql-connector-java:jar:javadoc:5.0.8
	at org.eclipse.m2e.core.internal.embedder.MavenImpl.lambda$7(MavenImpl.java:540)
	at org.eclipse.m2e.core.internal.embedder.MavenExecutionContext.executeBare(MavenExecutionContext.java:458)
	at org.eclipse.m2e.core.internal.embedder.MavenExecutionContext.execute(MavenExecutionContext.java:292)
	at org.eclipse.m2e.core.internal.embedder.MavenExecutionContext.execute(MavenExecutionContext.java:278)
	at org.eclipse.m2e.core.internal.embedder.MavenImpl.resolve(MavenImpl.java:509)
	at org.eclipse.m2e.core.internal.embedder.MavenImpl.resolve(MavenImpl.java:494)
	at org.eclipse.m2e.jdt.internal.DownloadSourcesJob.download(DownloadSourcesJob.java:308)
	at org.eclipse.m2e.jdt.internal.DownloadSourcesJob.downloadAttachments(DownloadSourcesJob.java:294)
	at org.eclipse.m2e.jdt.internal.DownloadSourcesJob.downloadMaven(DownloadSourcesJob.java:252)
	at org.eclipse.m2e.jdt.internal.DownloadSourcesJob.downloadFilesAndPopulateToUpdate(DownloadSourcesJob.java:220)
	at org.eclipse.m2e.jdt.internal.DownloadSourcesJob.lambda$0(DownloadSourcesJob.java:149)
	at org.eclipse.m2e.core.internal.embedder.MavenExecutionContext.executeBare(MavenExecutionContext.java:458)
	at org.eclipse.m2e.core.internal.embedder.MavenExecutionContext.execute(MavenExecutionContext.java:339)
	at org.eclipse.m2e.core.internal.embedder.MavenExecutionContext.execute(MavenExecutionContext.java:278)
	at org.eclipse.m2e.core.embedder.IMaven.execute(IMaven.java:300)
	at org.eclipse.m2e.jdt.internal.DownloadSourcesJob.run(DownloadSourcesJob.java:149)
	at org.eclipse.core.internal.jobs.Worker.run(Worker.java:63)
2025-09-11 14:50:44,742 [Worker-35: ソースおよび Javadoc のダウンロード] INFO  o.e.m.c.i.e.AbstractTransferListenerAdapter - Downloading https://repo.maven.apache.org/maven2/javax/persistence/javax.persistence-api/2.2/javax.persistence-api-2.2-sources.jar
2025-09-11 14:50:44,808 [Worker-32: ビルド] WARN  o.a.m.s.f.DefaultMavenResourcesFiltering - Using platform encoding (UTF-8 actually) to copy filtered resources, i.e. build is platform dependent!
2025-09-11 14:50:44,809 [Worker-32: ビルド] INFO  o.a.m.s.f.DefaultMavenResourcesFiltering - Copying 1 resource from src\main\resources to target\classes
2025-09-11 14:50:44,816 [Worker-32: ビルド] WARN  o.a.m.s.f.DefaultMavenResourcesFiltering - Using platform encoding (UTF-8 actually) to copy filtered resources, i.e. build is platform dependent!
2025-09-11 14:50:44,817 [Worker-32: ビルド] INFO  o.a.m.s.f.DefaultMavenResourcesFiltering - skip non existing resourceDirectory C:\pleiades\2024-12\workspace\IH13A06_JV31_29_05\src\test\resources
2025-09-11 14:50:44,991 [Worker-35: ソースおよび Javadoc のダウンロード] INFO  o.e.m.c.i.e.AbstractTransferListenerAdapter - Downloaded https://repo.maven.apache.org/maven2/javax/persistence/javax.persistence-api/2.2/javax.persistence-api-2.2-sources.jar
2025-09-11 14:50:44,994 [Worker-35: ソースおよび Javadoc のダウンロード] INFO  o.e.m.j.internal.DownloadSourcesJob - Downloaded sources for javax.persistence:javax.persistence-api:2.2
2025-09-11 14:50:45,155 [Worker-35: ソースおよび Javadoc のダウンロード] INFO  o.e.m.c.i.e.AbstractTransferListenerAdapter - Downloading https://repo.maven.apache.org/maven2/org/hibernate/hibernate-core/5.6.15.Final/hibernate-core-5.6.15.Final-sources.jar
2025-09-11 14:50:47,006 [Worker-35: ソースおよび Javadoc のダウンロード] INFO  o.e.m.c.i.e.AbstractTransferListenerAdapter - Downloaded https://repo.maven.apache.org/maven2/org/hibernate/hibernate-core/5.6.15.Final/hibernate-core-5.6.15.Final-sources.jar
2025-09-11 14:50:47,013 [Worker-35: ソースおよび Javadoc のダウンロード] INFO  o.e.m.j.internal.DownloadSourcesJob - Downloaded sources for org.hibernate:hibernate-core:5.6.15.Final
2025-09-11 14:50:47,195 [Worker-35: ソースおよび Javadoc のダウンロード] INFO  o.e.m.c.i.e.AbstractTransferListenerAdapter - Downloading https://repo.maven.apache.org/maven2/org/jboss/logging/jboss-logging/3.4.3.Final/jboss-logging-3.4.3.Final-sources.jar
2025-09-11 14:50:47,284 [Worker-35: ソースおよび Javadoc のダウンロード] INFO  o.e.m.c.i.e.AbstractTransferListenerAdapter - Downloaded https://repo.maven.apache.org/maven2/org/jboss/logging/jboss-logging/3.4.3.Final/jboss-logging-3.4.3.Final-sources.jar
2025-09-11 14:50:47,290 [Worker-35: ソースおよび Javadoc のダウンロード] INFO  o.e.m.j.internal.DownloadSourcesJob - Downloaded sources for org.jboss.logging:jboss-logging:3.4.3.Final
2025-09-11 14:50:47,435 [Worker-35: ソースおよび Javadoc のダウンロード] INFO  o.e.m.c.i.e.AbstractTransferListenerAdapter - Downloading https://repo.maven.apache.org/maven2/net/bytebuddy/byte-buddy/1.12.18/byte-buddy-1.12.18-sources.jar
2025-09-11 14:50:48,103 [Worker-35: ソースおよび Javadoc のダウンロード] INFO  o.e.m.c.i.e.AbstractTransferListenerAdapter - Downloaded https://repo.maven.apache.org/maven2/net/bytebuddy/byte-buddy/1.12.18/byte-buddy-1.12.18-sources.jar
2025-09-11 14:50:48,107 [Worker-35: ソースおよび Javadoc のダウンロード] INFO  o.e.m.j.internal.DownloadSourcesJob - Downloaded sources for net.bytebuddy:byte-buddy:1.12.18
2025-09-11 14:50:48,431 [Worker-35: ソースおよび Javadoc のダウンロード] INFO  o.e.m.c.i.e.AbstractTransferListenerAdapter - Downloaded https://repo.maven.apache.org/maven2/antlr/antlr/2.7.7/antlr-2.7.7-sources.jar
2025-09-11 14:50:48,464 [Worker-35: ソースおよび Javadoc のダウンロード] ERROR o.e.m.j.internal.DownloadSourcesJob - Could not download sources for antlr:antlr:2.7.7
org.eclipse.core.runtime.CoreException: Could not resolve artifact antlr:antlr:jar:sources:2.7.7
	at org.eclipse.m2e.core.internal.embedder.MavenImpl.lambda$7(MavenImpl.java:540)
	at org.eclipse.m2e.core.internal.embedder.MavenExecutionContext.executeBare(MavenExecutionContext.java:458)
	at org.eclipse.m2e.core.internal.embedder.MavenExecutionContext.execute(MavenExecutionContext.java:292)
	at org.eclipse.m2e.core.internal.embedder.MavenExecutionContext.execute(MavenExecutionContext.java:278)
	at org.eclipse.m2e.core.internal.embedder.MavenImpl.resolve(MavenImpl.java:509)
	at org.eclipse.m2e.core.internal.embedder.MavenImpl.resolve(MavenImpl.java:494)
	at org.eclipse.m2e.jdt.internal.DownloadSourcesJob.download(DownloadSourcesJob.java:308)
	at org.eclipse.m2e.jdt.internal.DownloadSourcesJob.downloadAttachments(DownloadSourcesJob.java:282)
	at org.eclipse.m2e.jdt.internal.DownloadSourcesJob.downloadMaven(DownloadSourcesJob.java:252)
	at org.eclipse.m2e.jdt.internal.DownloadSourcesJob.downloadFilesAndPopulateToUpdate(DownloadSourcesJob.java:220)
	at org.eclipse.m2e.jdt.internal.DownloadSourcesJob.lambda$0(DownloadSourcesJob.java:149)
	at org.eclipse.m2e.core.internal.embedder.MavenExecutionContext.executeBare(MavenExecutionContext.java:458)
	at org.eclipse.m2e.core.internal.embedder.MavenExecutionContext.execute(MavenExecutionContext.java:339)
	at org.eclipse.m2e.core.internal.embedder.MavenExecutionContext.execute(MavenExecutionContext.java:278)
	at org.eclipse.m2e.core.embedder.IMaven.execute(IMaven.java:300)
	at org.eclipse.m2e.jdt.internal.DownloadSourcesJob.run(DownloadSourcesJob.java:149)
	at org.eclipse.core.internal.jobs.Worker.run(Worker.java:63)
2025-09-11 14:50:48,589 [Worker-35: ソースおよび Javadoc のダウンロード] INFO  o.e.m.c.i.e.AbstractTransferListenerAdapter - Downloading https://repo.maven.apache.org/maven2/org/jboss/spec/javax/transaction/jboss-transaction-api_1.2_spec/1.1.1.Final/jboss-transaction-api_1.2_spec-1.1.1.Final-sources.jar
2025-09-11 14:50:48,635 [Worker-35: ソースおよび Javadoc のダウンロード] INFO  o.e.m.c.i.e.AbstractTransferListenerAdapter - Downloaded https://repo.maven.apache.org/maven2/org/jboss/spec/javax/transaction/jboss-transaction-api_1.2_spec/1.1.1.Final/jboss-transaction-api_1.2_spec-1.1.1.Final-sources.jar
2025-09-11 14:50:48,640 [Worker-35: ソースおよび Javadoc のダウンロード] INFO  o.e.m.j.internal.DownloadSourcesJob - Downloaded sources for org.jboss.spec.javax.transaction:jboss-transaction-api_1.2_spec:1.1.1.Final
2025-09-11 14:50:48,838 [Worker-35: ソースおよび Javadoc のダウンロード] INFO  o.e.m.c.i.e.AbstractTransferListenerAdapter - Downloading https://repo.maven.apache.org/maven2/org/jboss/jandex/2.4.2.Final/jandex-2.4.2.Final-sources.jar
2025-09-11 14:50:48,994 [Worker-35: ソースおよび Javadoc のダウンロード] INFO  o.e.m.c.i.e.AbstractTransferListenerAdapter - Downloaded https://repo.maven.apache.org/maven2/org/jboss/jandex/2.4.2.Final/jandex-2.4.2.Final-sources.jar
2025-09-11 14:50:48,998 [Worker-35: ソースおよび Javadoc のダウンロード] INFO  o.e.m.j.internal.DownloadSourcesJob - Downloaded sources for org.jboss:jandex:2.4.2.Final
2025-09-11 14:50:49,137 [Worker-35: ソースおよび Javadoc のダウンロード] INFO  o.e.m.c.i.e.AbstractTransferListenerAdapter - Downloading https://repo.maven.apache.org/maven2/javax/activation/javax.activation-api/1.2.0/javax.activation-api-1.2.0-sources.jar
2025-09-11 14:50:49,248 [Worker-35: ソースおよび Javadoc のダウンロード] INFO  o.e.m.c.i.e.AbstractTransferListenerAdapter - Downloaded https://repo.maven.apache.org/maven2/javax/activation/javax.activation-api/1.2.0/javax.activation-api-1.2.0-sources.jar
2025-09-11 14:50:49,252 [Worker-35: ソースおよび Javadoc のダウンロード] INFO  o.e.m.j.internal.DownloadSourcesJob - Downloaded sources for javax.activation:javax.activation-api:1.2.0
2025-09-11 14:50:49,393 [Worker-35: ソースおよび Javadoc のダウンロード] INFO  o.e.m.c.i.e.AbstractTransferListenerAdapter - Downloading https://repo.maven.apache.org/maven2/org/hibernate/common/hibernate-commons-annotations/5.1.2.Final/hibernate-commons-annotations-5.1.2.Final-sources.jar
2025-09-11 14:50:49,497 [Worker-35: ソースおよび Javadoc のダウンロード] INFO  o.e.m.c.i.e.AbstractTransferListenerAdapter - Downloaded https://repo.maven.apache.org/maven2/org/hibernate/common/hibernate-commons-annotations/5.1.2.Final/hibernate-commons-annotations-5.1.2.Final-sources.jar
2025-09-11 14:50:49,502 [Worker-35: ソースおよび Javadoc のダウンロード] INFO  o.e.m.j.internal.DownloadSourcesJob - Downloaded sources for org.hibernate.common:hibernate-commons-annotations:5.1.2.Final
2025-09-11 14:50:49,656 [Worker-35: ソースおよび Javadoc のダウンロード] INFO  o.e.m.c.i.e.AbstractTransferListenerAdapter - Downloading https://repo.maven.apache.org/maven2/javax/xml/bind/jaxb-api/2.3.1/jaxb-api-2.3.1-sources.jar
2025-09-11 14:50:49,812 [Worker-35: ソースおよび Javadoc のダウンロード] INFO  o.e.m.c.i.e.AbstractTransferListenerAdapter - Downloaded https://repo.maven.apache.org/maven2/javax/xml/bind/jaxb-api/2.3.1/jaxb-api-2.3.1-sources.jar
2025-09-11 14:50:49,815 [Worker-35: ソースおよび Javadoc のダウンロード] INFO  o.e.m.j.internal.DownloadSourcesJob - Downloaded sources for javax.xml.bind:jaxb-api:2.3.1
2025-09-11 14:50:49,958 [Worker-35: ソースおよび Javadoc のダウンロード] INFO  o.e.m.c.i.e.AbstractTransferListenerAdapter - Downloading https://repo.maven.apache.org/maven2/org/glassfish/jaxb/jaxb-runtime/2.3.1/jaxb-runtime-2.3.1-sources.jar
2025-09-11 14:50:50,603 [Worker-35: ソースおよび Javadoc のダウンロード] INFO  o.e.m.c.i.e.AbstractTransferListenerAdapter - Downloaded https://repo.maven.apache.org/maven2/org/glassfish/jaxb/jaxb-runtime/2.3.1/jaxb-runtime-2.3.1-sources.jar
2025-09-11 14:50:50,605 [Worker-35: ソースおよび Javadoc のダウンロード] INFO  o.e.m.j.internal.DownloadSourcesJob - Downloaded sources for org.glassfish.jaxb:jaxb-runtime:2.3.1
2025-09-11 14:50:50,751 [Worker-35: ソースおよび Javadoc のダウンロード] INFO  o.e.m.c.i.e.AbstractTransferListenerAdapter - Downloading https://repo.maven.apache.org/maven2/org/glassfish/jaxb/txw2/2.3.1/txw2-2.3.1-sources.jar
2025-09-11 14:50:50,819 [Worker-35: ソースおよび Javadoc のダウンロード] INFO  o.e.m.c.i.e.AbstractTransferListenerAdapter - Downloaded https://repo.maven.apache.org/maven2/org/glassfish/jaxb/txw2/2.3.1/txw2-2.3.1-sources.jar
2025-09-11 14:50:50,821 [Worker-35: ソースおよび Javadoc のダウンロード] INFO  o.e.m.j.internal.DownloadSourcesJob - Downloaded sources for org.glassfish.jaxb:txw2:2.3.1
2025-09-11 14:50:50,995 [Worker-35: ソースおよび Javadoc のダウンロード] INFO  o.e.m.c.i.e.AbstractTransferListenerAdapter - Downloading https://repo.maven.apache.org/maven2/com/sun/istack/istack-commons-runtime/3.0.7/istack-commons-runtime-3.0.7-sources.jar
2025-09-11 14:50:51,000 [Worker-35: ソースおよび Javadoc のダウンロード] INFO  o.e.m.c.i.e.AbstractTransferListenerAdapter - Downloaded https://repo.maven.apache.org/maven2/com/sun/istack/istack-commons-runtime/3.0.7/istack-commons-runtime-3.0.7-sources.jar
2025-09-11 14:50:51,004 [Worker-35: ソースおよび Javadoc のダウンロード] INFO  o.e.m.j.internal.DownloadSourcesJob - Downloaded sources for com.sun.istack:istack-commons-runtime:3.0.7
2025-09-11 14:50:51,155 [Worker-35: ソースおよび Javadoc のダウンロード] INFO  o.e.m.c.i.e.AbstractTransferListenerAdapter - Downloading https://repo.maven.apache.org/maven2/org/jvnet/staxex/stax-ex/1.8/stax-ex-1.8-sources.jar
2025-09-11 14:50:51,189 [Worker-35: ソースおよび Javadoc のダウンロード] INFO  o.e.m.c.i.e.AbstractTransferListenerAdapter - Downloaded https://repo.maven.apache.org/maven2/org/jvnet/staxex/stax-ex/1.8/stax-ex-1.8-sources.jar
2025-09-11 14:50:51,193 [Worker-35: ソースおよび Javadoc のダウンロード] INFO  o.e.m.j.internal.DownloadSourcesJob - Downloaded sources for org.jvnet.staxex:stax-ex:1.8
2025-09-11 14:50:51,336 [Worker-35: ソースおよび Javadoc のダウンロード] INFO  o.e.m.c.i.e.AbstractTransferListenerAdapter - Downloading https://repo.maven.apache.org/maven2/com/sun/xml/fastinfoset/FastInfoset/1.2.15/FastInfoset-1.2.15-sources.jar
2025-09-11 14:50:51,585 [Worker-35: ソースおよび Javadoc のダウンロード] INFO  o.e.m.c.i.e.AbstractTransferListenerAdapter - Downloaded https://repo.maven.apache.org/maven2/com/sun/xml/fastinfoset/FastInfoset/1.2.15/FastInfoset-1.2.15-sources.jar
2025-09-11 14:50:51,590 [Worker-35: ソースおよび Javadoc のダウンロード] INFO  o.e.m.j.internal.DownloadSourcesJob - Downloaded sources for com.sun.xml.fastinfoset:FastInfoset:1.2.15
2025-09-11 14:50:51,732 [Worker-35: ソースおよび Javadoc のダウンロード] INFO  o.e.m.c.i.e.AbstractTransferListenerAdapter - Downloading https://repo.maven.apache.org/maven2/javax/servlet/javax.servlet-api/4.0.1/javax.servlet-api-4.0.1-sources.jar
2025-09-11 14:50:51,904 [Worker-35: ソースおよび Javadoc のダウンロード] INFO  o.e.m.c.i.e.AbstractTransferListenerAdapter - Downloaded https://repo.maven.apache.org/maven2/javax/servlet/javax.servlet-api/4.0.1/javax.servlet-api-4.0.1-sources.jar
2025-09-11 14:50:51,908 [Worker-35: ソースおよび Javadoc のダウンロード] INFO  o.e.m.j.internal.DownloadSourcesJob - Downloaded sources for javax.servlet:javax.servlet-api:4.0.1
2025-09-11 14:57:32,245 [Worker-36: ビルド] WARN  o.a.m.s.f.DefaultMavenResourcesFiltering - Using platform encoding (UTF-8 actually) to copy filtered resources, i.e. build is platform dependent!
2025-09-11 14:57:32,249 [Worker-36: ビルド] INFO  o.a.m.s.f.DefaultMavenResourcesFiltering - Copying 0 resource from src\main\resources to target\classes
2025-09-11 14:57:32,251 [Worker-36: ビルド] WARN  o.a.m.s.f.DefaultMavenResourcesFiltering - Using platform encoding (UTF-8 actually) to copy filtered resources, i.e. build is platform dependent!
2025-09-11 14:57:32,253 [Worker-36: ビルド] INFO  o.a.m.s.f.DefaultMavenResourcesFiltering - skip non existing resourceDirectory C:\pleiades\2024-12\workspace\IH13A06_JV31_29_05\src\test\resources
2025-09-11 14:58:04,594 [Worker-30: ビルド] WARN  o.a.m.s.f.DefaultMavenResourcesFiltering - Using platform encoding (UTF-8 actually) to copy filtered resources, i.e. build is platform dependent!
2025-09-11 14:58:04,594 [Worker-30: ビルド] INFO  o.a.m.s.f.DefaultMavenResourcesFiltering - Copying 1 resource from src\main\resources to target\classes
2025-09-11 14:58:04,597 [Worker-30: ビルド] WARN  o.a.m.s.f.DefaultMavenResourcesFiltering - Using platform encoding (UTF-8 actually) to copy filtered resources, i.e. build is platform dependent!
2025-09-11 14:58:04,597 [Worker-30: ビルド] INFO  o.a.m.s.f.DefaultMavenResourcesFiltering - skip non existing resourceDirectory C:\pleiades\2024-12\workspace\IH13A06_JV31_29_05\src\test\resources
2025-09-11 14:58:07,802 [Worker-31: ビルド] WARN  o.a.m.s.f.DefaultMavenResourcesFiltering - Using platform encoding (UTF-8 actually) to copy filtered resources, i.e. build is platform dependent!
2025-09-11 14:58:07,803 [Worker-31: ビルド] INFO  o.a.m.s.f.DefaultMavenResourcesFiltering - Copying 1 resource from src\main\resources to target\classes
2025-09-11 14:58:07,805 [Worker-31: ビルド] WARN  o.a.m.s.f.DefaultMavenResourcesFiltering - Using platform encoding (UTF-8 actually) to copy filtered resources, i.e. build is platform dependent!
2025-09-11 14:58:07,805 [Worker-31: ビルド] INFO  o.a.m.s.f.DefaultMavenResourcesFiltering - skip non existing resourceDirectory C:\pleiades\2024-12\workspace\IH13A06_JV31_29_05\src\test\resources
2025-09-11 14:58:10,917 [Worker-33: ビルド] WARN  o.a.m.s.f.DefaultMavenResourcesFiltering - Using platform encoding (UTF-8 actually) to copy filtered resources, i.e. build is platform dependent!
2025-09-11 14:58:10,918 [Worker-33: ビルド] INFO  o.a.m.s.f.DefaultMavenResourcesFiltering - Copying 1 resource from src\main\resources to target\classes
2025-09-11 14:58:10,919 [Worker-33: ビルド] WARN  o.a.m.s.f.DefaultMavenResourcesFiltering - Using platform encoding (UTF-8 actually) to copy filtered resources, i.e. build is platform dependent!
2025-09-11 14:58:10,920 [Worker-33: ビルド] INFO  o.a.m.s.f.DefaultMavenResourcesFiltering - skip non existing resourceDirectory C:\pleiades\2024-12\workspace\IH13A06_JV31_29_05\src\test\resources
2025-09-11 15:02:01,093 [Worker-39: ビルド] WARN  o.a.m.s.f.DefaultMavenResourcesFiltering - Using platform encoding (UTF-8 actually) to copy filtered resources, i.e. build is platform dependent!
2025-09-11 15:02:01,094 [Worker-39: ビルド] INFO  o.a.m.s.f.DefaultMavenResourcesFiltering - Copying 1 resource from src\main\resources to target\classes
2025-09-11 15:02:01,096 [Worker-39: ビルド] WARN  o.a.m.s.f.DefaultMavenResourcesFiltering - Using platform encoding (UTF-8 actually) to copy filtered resources, i.e. build is platform dependent!
2025-09-11 15:02:01,097 [Worker-39: ビルド] INFO  o.a.m.s.f.DefaultMavenResourcesFiltering - skip non existing resourceDirectory C:\pleiades\2024-12\workspace\IH13A06_JV31_29_05\src\test\resources
2025-09-11 15:02:22,191 [Worker-31: ビルド] WARN  o.a.m.s.f.DefaultMavenResourcesFiltering - Using platform encoding (UTF-8 actually) to copy filtered resources, i.e. build is platform dependent!
2025-09-11 15:02:22,193 [Worker-31: ビルド] INFO  o.a.m.s.f.DefaultMavenResourcesFiltering - Copying 1 resource from src\main\resources to target\classes
2025-09-11 15:02:22,194 [Worker-31: ビルド] WARN  o.a.m.s.f.DefaultMavenResourcesFiltering - Using platform encoding (UTF-8 actually) to copy filtered resources, i.e. build is platform dependent!
2025-09-11 15:02:22,194 [Worker-31: ビルド] INFO  o.a.m.s.f.DefaultMavenResourcesFiltering - skip non existing resourceDirectory C:\pleiades\2024-12\workspace\IH13A06_JV31_29_05\src\test\resources
2025-09-11 15:02:29,737 [Worker-30: ビルド] WARN  o.a.m.s.f.DefaultMavenResourcesFiltering - Using platform encoding (UTF-8 actually) to copy filtered resources, i.e. build is platform dependent!
2025-09-11 15:02:29,738 [Worker-30: ビルド] INFO  o.a.m.s.f.DefaultMavenResourcesFiltering - Copying 1 resource from src\main\resources to target\classes
2025-09-11 15:02:29,739 [Worker-30: ビルド] WARN  o.a.m.s.f.DefaultMavenResourcesFiltering - Using platform encoding (UTF-8 actually) to copy filtered resources, i.e. build is platform dependent!
2025-09-11 15:02:29,739 [Worker-30: ビルド] INFO  o.a.m.s.f.DefaultMavenResourcesFiltering - skip non existing resourceDirectory C:\pleiades\2024-12\workspace\IH13A06_JV31_29_05\src\test\resources
2025-09-11 15:06:00,673 [Worker-36: ビルド] INFO  o.e.m.c.i.l.LifecycleMappingFactory - Using org.maven.ide.eclipse.wtp.WarLifecycleMapping lifecycle mapping for MavenProject: com.example:IH13AXX_JV31_29_05:1.0-SNAPSHOT @ C:\pleiades\2024-12\workspace\IH13AXX_JV31_29_05\pom.xml.
2025-09-11 15:06:01,717 [Worker-36: ビルド] WARN  o.a.m.s.f.DefaultMavenResourcesFiltering - Using platform encoding (UTF-8 actually) to copy filtered resources, i.e. build is platform dependent!
2025-09-11 15:06:01,718 [Worker-36: ビルド] INFO  o.a.m.s.f.DefaultMavenResourcesFiltering - Copying 1 resource from src\main\resources to target\classes
2025-09-11 15:06:01,728 [Worker-36: ビルド] WARN  o.a.m.s.f.DefaultMavenResourcesFiltering - Using platform encoding (UTF-8 actually) to copy filtered resources, i.e. build is platform dependent!
2025-09-11 15:06:01,729 [Worker-36: ビルド] INFO  o.a.m.s.f.DefaultMavenResourcesFiltering - skip non existing resourceDirectory C:\pleiades\2024-12\workspace\IH13AXX_JV31_29_05\src\test\resources
2025-09-11 15:06:02,775 [Worker-46: ソースおよび Javadoc のダウンロード] INFO  o.e.m.c.i.e.AbstractTransferListenerAdapter - Downloaded https://repo.maven.apache.org/maven2/antlr/antlr/2.7.7/antlr-2.7.7-javadoc.jar
2025-09-11 15:06:02,778 [Worker-46: ソースおよび Javadoc のダウンロード] ERROR o.e.m.j.internal.DownloadSourcesJob - Could not download javadoc for antlr:antlr:2.7.7
org.eclipse.core.runtime.CoreException: Could not resolve artifact antlr:antlr:jar:javadoc:2.7.7
	at org.eclipse.m2e.core.internal.embedder.MavenImpl.lambda$7(MavenImpl.java:540)
	at org.eclipse.m2e.core.internal.embedder.MavenExecutionContext.executeBare(MavenExecutionContext.java:458)
	at org.eclipse.m2e.core.internal.embedder.MavenExecutionContext.execute(MavenExecutionContext.java:292)
	at org.eclipse.m2e.core.internal.embedder.MavenExecutionContext.execute(MavenExecutionContext.java:278)
	at org.eclipse.m2e.core.internal.embedder.MavenImpl.resolve(MavenImpl.java:509)
	at org.eclipse.m2e.core.internal.embedder.MavenImpl.resolve(MavenImpl.java:494)
	at org.eclipse.m2e.jdt.internal.DownloadSourcesJob.download(DownloadSourcesJob.java:308)
	at org.eclipse.m2e.jdt.internal.DownloadSourcesJob.downloadAttachments(DownloadSourcesJob.java:294)
	at org.eclipse.m2e.jdt.internal.DownloadSourcesJob.downloadMaven(DownloadSourcesJob.java:252)
	at org.eclipse.m2e.jdt.internal.DownloadSourcesJob.downloadFilesAndPopulateToUpdate(DownloadSourcesJob.java:220)
	at org.eclipse.m2e.jdt.internal.DownloadSourcesJob.lambda$0(DownloadSourcesJob.java:149)
	at org.eclipse.m2e.core.internal.embedder.MavenExecutionContext.executeBare(MavenExecutionContext.java:458)
	at org.eclipse.m2e.core.internal.embedder.MavenExecutionContext.execute(MavenExecutionContext.java:339)
	at org.eclipse.m2e.core.internal.embedder.MavenExecutionContext.execute(MavenExecutionContext.java:278)
	at org.eclipse.m2e.core.embedder.IMaven.execute(IMaven.java:300)
	at org.eclipse.m2e.jdt.internal.DownloadSourcesJob.run(DownloadSourcesJob.java:149)
	at org.eclipse.core.internal.jobs.Worker.run(Worker.java:63)
2025-09-11 15:14:29,518 [Worker-55: ビルド] INFO  o.e.m.c.i.l.LifecycleMappingFactory - Using org.maven.ide.eclipse.wtp.WarLifecycleMapping lifecycle mapping for MavenProject: com.example:IH13AXX_JV31_29_05:1.0-SNAPSHOT @ C:\pleiades\2024-12\workspace\IH13A06_JV31_29_05\pom.xml.
2025-09-11 15:14:30,562 [Worker-55: ビルド] WARN  o.a.m.s.f.DefaultMavenResourcesFiltering - Using platform encoding (UTF-8 actually) to copy filtered resources, i.e. build is platform dependent!
2025-09-11 15:14:30,563 [Worker-55: ビルド] INFO  o.a.m.s.f.DefaultMavenResourcesFiltering - Copying 1 resource from src\main\resources to target\classes
2025-09-11 15:14:30,572 [Worker-55: ビルド] WARN  o.a.m.s.f.DefaultMavenResourcesFiltering - Using platform encoding (UTF-8 actually) to copy filtered resources, i.e. build is platform dependent!
2025-09-11 15:14:30,573 [Worker-55: ビルド] INFO  o.a.m.s.f.DefaultMavenResourcesFiltering - skip non existing resourceDirectory C:\pleiades\2024-12\workspace\IH13A06_JV31_29_05\src\test\resources
2025-09-11 15:23:24,867 [Worker-50: Executing clean in C__pleiades_2024-12_workspace_IH13A06_JV31_29_05 の起動] INFO  o.eclipse.m2e.core.internal.Bundles - getClasspathEntries(Bundle=org.eclipse.m2e.maven.runtime_3.9.900.20240824-1409 [298])
2025-09-11 15:23:24,869 [Worker-50: Executing clean in C__pleiades_2024-12_workspace_IH13A06_JV31_29_05 の起動] INFO  o.eclipse.m2e.core.internal.Bundles - 	Entry: C:\pleiades\2024-12\eclipse\plugins\org.eclipse.m2e.maven.runtime_3.9.900.20240824-1409
2025-09-11 15:23:24,869 [Worker-50: Executing clean in C__pleiades_2024-12_workspace_IH13A06_JV31_29_05 の起動] INFO  o.eclipse.m2e.core.internal.Bundles - 	Entry: C:\pleiades\2024-12\eclipse\plugins\org.eclipse.m2e.maven.runtime_3.9.900.20240824-1409\jars\aopalliance-1.0.jar
2025-09-11 15:23:24,870 [Worker-50: Executing clean in C__pleiades_2024-12_workspace_IH13A06_JV31_29_05 の起動] INFO  o.eclipse.m2e.core.internal.Bundles - 	Entry: C:\pleiades\2024-12\eclipse\plugins\org.eclipse.m2e.maven.runtime_3.9.900.20240824-1409\jars\guice-5.1.0.jar
2025-09-11 15:23:24,870 [Worker-50: Executing clean in C__pleiades_2024-12_workspace_IH13A06_JV31_29_05 の起動] INFO  o.eclipse.m2e.core.internal.Bundles - 	Entry: C:\pleiades\2024-12\eclipse\plugins\org.eclipse.m2e.maven.runtime_3.9.900.20240824-1409\jars\httpclient-4.5.14.jar
2025-09-11 15:23:24,870 [Worker-50: Executing clean in C__pleiades_2024-12_workspace_IH13A06_JV31_29_05 の起動] INFO  o.eclipse.m2e.core.internal.Bundles - 	Entry: C:\pleiades\2024-12\eclipse\plugins\org.eclipse.m2e.maven.runtime_3.9.900.20240824-1409\jars\httpcore-4.4.16.jar
2025-09-11 15:23:24,870 [Worker-50: Executing clean in C__pleiades_2024-12_workspace_IH13A06_JV31_29_05 の起動] INFO  o.eclipse.m2e.core.internal.Bundles - 	Entry: C:\pleiades\2024-12\eclipse\plugins\org.eclipse.m2e.maven.runtime_3.9.900.20240824-1409\jars\jansi-2.4.1.jar
2025-09-11 15:23:24,870 [Worker-50: Executing clean in C__pleiades_2024-12_workspace_IH13A06_JV31_29_05 の起動] INFO  o.eclipse.m2e.core.internal.Bundles - 	Entry: C:\pleiades\2024-12\eclipse\plugins\org.eclipse.m2e.maven.runtime_3.9.900.20240824-1409\jars\jcl-over-slf4j-1.7.36.jar
2025-09-11 15:23:24,870 [Worker-50: Executing clean in C__pleiades_2024-12_workspace_IH13A06_JV31_29_05 の起動] INFO  o.eclipse.m2e.core.internal.Bundles - 	Entry: C:\pleiades\2024-12\eclipse\plugins\org.eclipse.m2e.maven.runtime_3.9.900.20240824-1409\jars\maven-artifact-3.9.9.jar
2025-09-11 15:23:24,870 [Worker-50: Executing clean in C__pleiades_2024-12_workspace_IH13A06_JV31_29_05 の起動] INFO  o.eclipse.m2e.core.internal.Bundles - 	Entry: C:\pleiades\2024-12\eclipse\plugins\org.eclipse.m2e.maven.runtime_3.9.900.20240824-1409\jars\maven-builder-support-3.9.9.jar
2025-09-11 15:23:24,871 [Worker-50: Executing clean in C__pleiades_2024-12_workspace_IH13A06_JV31_29_05 の起動] INFO  o.eclipse.m2e.core.internal.Bundles - 	Entry: C:\pleiades\2024-12\eclipse\plugins\org.eclipse.m2e.maven.runtime_3.9.900.20240824-1409\jars\maven-compat-3.9.9.jar
2025-09-11 15:23:24,871 [Worker-50: Executing clean in C__pleiades_2024-12_workspace_IH13A06_JV31_29_05 の起動] INFO  o.eclipse.m2e.core.internal.Bundles - 	Entry: C:\pleiades\2024-12\eclipse\plugins\org.eclipse.m2e.maven.runtime_3.9.900.20240824-1409\jars\maven-core-3.9.9.jar
2025-09-11 15:23:24,871 [Worker-50: Executing clean in C__pleiades_2024-12_workspace_IH13A06_JV31_29_05 の起動] INFO  o.eclipse.m2e.core.internal.Bundles - 	Entry: C:\pleiades\2024-12\eclipse\plugins\org.eclipse.m2e.maven.runtime_3.9.900.20240824-1409\jars\maven-embedder-3.9.9.jar
2025-09-11 15:23:24,871 [Worker-50: Executing clean in C__pleiades_2024-12_workspace_IH13A06_JV31_29_05 の起動] INFO  o.eclipse.m2e.core.internal.Bundles - 	Entry: C:\pleiades\2024-12\eclipse\plugins\org.eclipse.m2e.maven.runtime_3.9.900.20240824-1409\jars\maven-model-3.9.9.jar
2025-09-11 15:23:24,871 [Worker-50: Executing clean in C__pleiades_2024-12_workspace_IH13A06_JV31_29_05 の起動] INFO  o.eclipse.m2e.core.internal.Bundles - 	Entry: C:\pleiades\2024-12\eclipse\plugins\org.eclipse.m2e.maven.runtime_3.9.900.20240824-1409\jars\maven-model-builder-3.9.9.jar
2025-09-11 15:23:24,871 [Worker-50: Executing clean in C__pleiades_2024-12_workspace_IH13A06_JV31_29_05 の起動] INFO  o.eclipse.m2e.core.internal.Bundles - 	Entry: C:\pleiades\2024-12\eclipse\plugins\org.eclipse.m2e.maven.runtime_3.9.900.20240824-1409\jars\maven-plugin-api-3.9.9.jar
2025-09-11 15:23:24,871 [Worker-50: Executing clean in C__pleiades_2024-12_workspace_IH13A06_JV31_29_05 の起動] INFO  o.eclipse.m2e.core.internal.Bundles - 	Entry: C:\pleiades\2024-12\eclipse\plugins\org.eclipse.m2e.maven.runtime_3.9.900.20240824-1409\jars\maven-repository-metadata-3.9.9.jar
2025-09-11 15:23:24,872 [Worker-50: Executing clean in C__pleiades_2024-12_workspace_IH13A06_JV31_29_05 の起動] INFO  o.eclipse.m2e.core.internal.Bundles - 	Entry: C:\pleiades\2024-12\eclipse\plugins\org.eclipse.m2e.maven.runtime_3.9.900.20240824-1409\jars\maven-resolver-api-1.9.22.jar
2025-09-11 15:23:24,872 [Worker-50: Executing clean in C__pleiades_2024-12_workspace_IH13A06_JV31_29_05 の起動] INFO  o.eclipse.m2e.core.internal.Bundles - 	Entry: C:\pleiades\2024-12\eclipse\plugins\org.eclipse.m2e.maven.runtime_3.9.900.20240824-1409\jars\maven-resolver-connector-basic-1.9.22.jar
2025-09-11 15:23:24,872 [Worker-50: Executing clean in C__pleiades_2024-12_workspace_IH13A06_JV31_29_05 の起動] INFO  o.eclipse.m2e.core.internal.Bundles - 	Entry: C:\pleiades\2024-12\eclipse\plugins\org.eclipse.m2e.maven.runtime_3.9.900.20240824-1409\jars\maven-resolver-impl-1.9.22.jar
2025-09-11 15:23:24,872 [Worker-50: Executing clean in C__pleiades_2024-12_workspace_IH13A06_JV31_29_05 の起動] INFO  o.eclipse.m2e.core.internal.Bundles - 	Entry: C:\pleiades\2024-12\eclipse\plugins\org.eclipse.m2e.maven.runtime_3.9.900.20240824-1409\jars\maven-resolver-named-locks-1.9.22.jar
2025-09-11 15:23:24,872 [Worker-50: Executing clean in C__pleiades_2024-12_workspace_IH13A06_JV31_29_05 の起動] INFO  o.eclipse.m2e.core.internal.Bundles - 	Entry: C:\pleiades\2024-12\eclipse\plugins\org.eclipse.m2e.maven.runtime_3.9.900.20240824-1409\jars\maven-resolver-provider-3.9.9.jar
2025-09-11 15:23:24,872 [Worker-50: Executing clean in C__pleiades_2024-12_workspace_IH13A06_JV31_29_05 の起動] INFO  o.eclipse.m2e.core.internal.Bundles - 	Entry: C:\pleiades\2024-12\eclipse\plugins\org.eclipse.m2e.maven.runtime_3.9.900.20240824-1409\jars\maven-resolver-spi-1.9.22.jar
2025-09-11 15:23:24,872 [Worker-50: Executing clean in C__pleiades_2024-12_workspace_IH13A06_JV31_29_05 の起動] INFO  o.eclipse.m2e.core.internal.Bundles - 	Entry: C:\pleiades\2024-12\eclipse\plugins\org.eclipse.m2e.maven.runtime_3.9.900.20240824-1409\jars\maven-resolver-transport-file-1.9.22.jar
2025-09-11 15:23:24,873 [Worker-50: Executing clean in C__pleiades_2024-12_workspace_IH13A06_JV31_29_05 の起動] INFO  o.eclipse.m2e.core.internal.Bundles - 	Entry: C:\pleiades\2024-12\eclipse\plugins\org.eclipse.m2e.maven.runtime_3.9.900.20240824-1409\jars\maven-resolver-transport-http-1.9.22.jar
2025-09-11 15:23:24,873 [Worker-50: Executing clean in C__pleiades_2024-12_workspace_IH13A06_JV31_29_05 の起動] INFO  o.eclipse.m2e.core.internal.Bundles - 	Entry: C:\pleiades\2024-12\eclipse\plugins\org.eclipse.m2e.maven.runtime_3.9.900.20240824-1409\jars\maven-resolver-transport-wagon-1.9.22.jar
2025-09-11 15:23:24,873 [Worker-50: Executing clean in C__pleiades_2024-12_workspace_IH13A06_JV31_29_05 の起動] INFO  o.eclipse.m2e.core.internal.Bundles - 	Entry: C:\pleiades\2024-12\eclipse\plugins\org.eclipse.m2e.maven.runtime_3.9.900.20240824-1409\jars\maven-resolver-util-1.9.22.jar
2025-09-11 15:23:24,873 [Worker-50: Executing clean in C__pleiades_2024-12_workspace_IH13A06_JV31_29_05 の起動] INFO  o.eclipse.m2e.core.internal.Bundles - 	Entry: C:\pleiades\2024-12\eclipse\plugins\org.eclipse.m2e.maven.runtime_3.9.900.20240824-1409\jars\maven-settings-3.9.9.jar
2025-09-11 15:23:24,873 [Worker-50: Executing clean in C__pleiades_2024-12_workspace_IH13A06_JV31_29_05 の起動] INFO  o.eclipse.m2e.core.internal.Bundles - 	Entry: C:\pleiades\2024-12\eclipse\plugins\org.eclipse.m2e.maven.runtime_3.9.900.20240824-1409\jars\maven-settings-builder-3.9.9.jar
2025-09-11 15:23:24,873 [Worker-50: Executing clean in C__pleiades_2024-12_workspace_IH13A06_JV31_29_05 の起動] INFO  o.eclipse.m2e.core.internal.Bundles - 	Entry: C:\pleiades\2024-12\eclipse\plugins\org.eclipse.m2e.maven.runtime_3.9.900.20240824-1409\jars\maven-shared-utils-3.4.2.jar
2025-09-11 15:23:24,873 [Worker-50: Executing clean in C__pleiades_2024-12_workspace_IH13A06_JV31_29_05 の起動] INFO  o.eclipse.m2e.core.internal.Bundles - 	Entry: C:\pleiades\2024-12\eclipse\plugins\org.eclipse.m2e.maven.runtime_3.9.900.20240824-1409\jars\org.eclipse.sisu.inject-0.9.0.M3.jar
2025-09-11 15:23:24,873 [Worker-50: Executing clean in C__pleiades_2024-12_workspace_IH13A06_JV31_29_05 の起動] INFO  o.eclipse.m2e.core.internal.Bundles - 	Entry: C:\pleiades\2024-12\eclipse\plugins\org.eclipse.m2e.maven.runtime_3.9.900.20240824-1409\jars\org.eclipse.sisu.plexus-0.9.0.M3.jar
2025-09-11 15:23:24,874 [Worker-50: Executing clean in C__pleiades_2024-12_workspace_IH13A06_JV31_29_05 の起動] INFO  o.eclipse.m2e.core.internal.Bundles - 	Entry: C:\pleiades\2024-12\eclipse\plugins\org.eclipse.m2e.maven.runtime_3.9.900.20240824-1409\jars\plexus-build-api-0.0.7.jar
2025-09-11 15:23:24,874 [Worker-50: Executing clean in C__pleiades_2024-12_workspace_IH13A06_JV31_29_05 の起動] INFO  o.eclipse.m2e.core.internal.Bundles - 	Entry: C:\pleiades\2024-12\eclipse\plugins\org.eclipse.m2e.maven.runtime_3.9.900.20240824-1409\jars\plexus-build-api-1.2.0.jar
2025-09-11 15:23:24,874 [Worker-50: Executing clean in C__pleiades_2024-12_workspace_IH13A06_JV31_29_05 の起動] INFO  o.eclipse.m2e.core.internal.Bundles - 	Entry: C:\pleiades\2024-12\eclipse\plugins\org.eclipse.m2e.maven.runtime_3.9.900.20240824-1409\jars\plexus-cipher-2.0.jar
2025-09-11 15:23:24,874 [Worker-50: Executing clean in C__pleiades_2024-12_workspace_IH13A06_JV31_29_05 の起動] INFO  o.eclipse.m2e.core.internal.Bundles - 	Entry: C:\pleiades\2024-12\eclipse\plugins\org.eclipse.m2e.maven.runtime_3.9.900.20240824-1409\jars\plexus-classworlds-2.8.0.jar
2025-09-11 15:23:24,874 [Worker-50: Executing clean in C__pleiades_2024-12_workspace_IH13A06_JV31_29_05 の起動] INFO  o.eclipse.m2e.core.internal.Bundles - 	Entry: C:\pleiades\2024-12\eclipse\plugins\org.eclipse.m2e.maven.runtime_3.9.900.20240824-1409\jars\plexus-component-annotations-2.1.0.jar
2025-09-11 15:23:24,874 [Worker-50: Executing clean in C__pleiades_2024-12_workspace_IH13A06_JV31_29_05 の起動] INFO  o.eclipse.m2e.core.internal.Bundles - 	Entry: C:\pleiades\2024-12\eclipse\plugins\org.eclipse.m2e.maven.runtime_3.9.900.20240824-1409\jars\plexus-interpolation-1.27.jar
2025-09-11 15:23:24,874 [Worker-50: Executing clean in C__pleiades_2024-12_workspace_IH13A06_JV31_29_05 の起動] INFO  o.eclipse.m2e.core.internal.Bundles - 	Entry: C:\pleiades\2024-12\eclipse\plugins\org.eclipse.m2e.maven.runtime_3.9.900.20240824-1409\jars\plexus-sec-dispatcher-2.0.jar
2025-09-11 15:23:24,874 [Worker-50: Executing clean in C__pleiades_2024-12_workspace_IH13A06_JV31_29_05 の起動] INFO  o.eclipse.m2e.core.internal.Bundles - 	Entry: C:\pleiades\2024-12\eclipse\plugins\org.eclipse.m2e.maven.runtime_3.9.900.20240824-1409\jars\plexus-utils-3.5.1.jar
2025-09-11 15:23:24,875 [Worker-50: Executing clean in C__pleiades_2024-12_workspace_IH13A06_JV31_29_05 の起動] INFO  o.eclipse.m2e.core.internal.Bundles - 	Entry: C:\pleiades\2024-12\eclipse\plugins\org.eclipse.m2e.maven.runtime_3.9.900.20240824-1409\jars\plexus-xml-3.0.1.jar
2025-09-11 15:23:24,875 [Worker-50: Executing clean in C__pleiades_2024-12_workspace_IH13A06_JV31_29_05 の起動] INFO  o.eclipse.m2e.core.internal.Bundles - 	Entry: C:\pleiades\2024-12\eclipse\plugins\org.eclipse.m2e.maven.runtime_3.9.900.20240824-1409\jars\wagon-file-3.5.3.jar
2025-09-11 15:23:24,875 [Worker-50: Executing clean in C__pleiades_2024-12_workspace_IH13A06_JV31_29_05 の起動] INFO  o.eclipse.m2e.core.internal.Bundles - 	Entry: C:\pleiades\2024-12\eclipse\plugins\org.eclipse.m2e.maven.runtime_3.9.900.20240824-1409\jars\wagon-http-3.5.3.jar
2025-09-11 15:23:24,875 [Worker-50: Executing clean in C__pleiades_2024-12_workspace_IH13A06_JV31_29_05 の起動] INFO  o.eclipse.m2e.core.internal.Bundles - 	Entry: C:\pleiades\2024-12\eclipse\plugins\org.eclipse.m2e.maven.runtime_3.9.900.20240824-1409\jars\wagon-http-shared-3.5.3.jar
2025-09-11 15:23:24,875 [Worker-50: Executing clean in C__pleiades_2024-12_workspace_IH13A06_JV31_29_05 の起動] INFO  o.eclipse.m2e.core.internal.Bundles - 	Entry: C:\pleiades\2024-12\eclipse\plugins\org.eclipse.m2e.maven.runtime_3.9.900.20240824-1409\jars\wagon-provider-api-3.5.3.jar
2025-09-11 15:23:24,876 [Worker-50: Executing clean in C__pleiades_2024-12_workspace_IH13A06_JV31_29_05 の起動] INFO  o.eclipse.m2e.core.internal.Bundles - getClasspathEntries(Bundle=com.google.guava_33.4.8.jre [1030])
2025-09-11 15:23:24,876 [Worker-50: Executing clean in C__pleiades_2024-12_workspace_IH13A06_JV31_29_05 の起動] INFO  o.eclipse.m2e.core.internal.Bundles - 	Entry: C:\pleiades\2024-12\eclipse\plugins\com.google.guava_33.4.8.jre.jar
2025-09-11 15:23:24,876 [Worker-50: Executing clean in C__pleiades_2024-12_workspace_IH13A06_JV31_29_05 の起動] INFO  o.eclipse.m2e.core.internal.Bundles - getClasspathEntries(Bundle=slf4j.api_2.0.17 [1027])
2025-09-11 15:23:24,876 [Worker-50: Executing clean in C__pleiades_2024-12_workspace_IH13A06_JV31_29_05 の起動] INFO  o.eclipse.m2e.core.internal.Bundles - 	Entry: C:\pleiades\2024-12\eclipse\plugins\slf4j.api_2.0.17.jar
2025-09-11 15:23:24,876 [Worker-50: Executing clean in C__pleiades_2024-12_workspace_IH13A06_JV31_29_05 の起動] INFO  o.eclipse.m2e.core.internal.Bundles - getClasspathEntries(Bundle=javax.inject_1.0.0.v20220405-0441 [524])
2025-09-11 15:23:24,877 [Worker-50: Executing clean in C__pleiades_2024-12_workspace_IH13A06_JV31_29_05 の起動] INFO  o.eclipse.m2e.core.internal.Bundles - 	Entry: C:\pleiades\2024-12\eclipse\dropins\CheckStyle\eclipse\plugins\javax.inject_1.0.0.v20220405-0441.jar
2025-09-11 15:23:24,877 [Worker-50: Executing clean in C__pleiades_2024-12_workspace_IH13A06_JV31_29_05 の起動] INFO  o.eclipse.m2e.core.internal.Bundles - getClasspathEntries(Bundle=javax.annotation_1.3.5.v20200909-1856 [523])
2025-09-11 15:23:24,877 [Worker-50: Executing clean in C__pleiades_2024-12_workspace_IH13A06_JV31_29_05 の起動] INFO  o.eclipse.m2e.core.internal.Bundles - 	Entry: C:\pleiades\2024-12\eclipse\dropins\CheckStyle\eclipse\plugins\javax.annotation_1.3.5.v20200909-1856.jar
2025-09-11 15:23:24,877 [Worker-50: Executing clean in C__pleiades_2024-12_workspace_IH13A06_JV31_29_05 の起動] INFO  o.eclipse.m2e.core.internal.Bundles - getClasspathEntries(Bundle=org.apache.commons.cli_1.10.0 [1049])
2025-09-11 15:23:24,877 [Worker-50: Executing clean in C__pleiades_2024-12_workspace_IH13A06_JV31_29_05 の起動] INFO  o.eclipse.m2e.core.internal.Bundles - 	Entry: C:\pleiades\2024-12\eclipse\plugins\org.apache.commons.cli_1.10.0.jar
2025-09-11 15:23:24,877 [Worker-50: Executing clean in C__pleiades_2024-12_workspace_IH13A06_JV31_29_05 の起動] INFO  o.eclipse.m2e.core.internal.Bundles - getClasspathEntries(Bundle=org.apache.commons.commons-codec_1.16.0 [50])
2025-09-11 15:23:24,878 [Worker-50: Executing clean in C__pleiades_2024-12_workspace_IH13A06_JV31_29_05 の起動] INFO  o.eclipse.m2e.core.internal.Bundles - 	Entry: C:\pleiades\2024-12\eclipse\plugins\org.apache.commons.commons-codec_1.16.0.jar
2025-09-11 15:23:24,878 [Worker-50: Executing clean in C__pleiades_2024-12_workspace_IH13A06_JV31_29_05 の起動] INFO  o.eclipse.m2e.core.internal.Bundles - getClasspathEntries(Bundle=com.google.guava.failureaccess_1.0.3 [1031])
2025-09-11 15:23:24,878 [Worker-50: Executing clean in C__pleiades_2024-12_workspace_IH13A06_JV31_29_05 の起動] INFO  o.eclipse.m2e.core.internal.Bundles - 	Entry: C:\pleiades\2024-12\eclipse\plugins\com.google.guava.failureaccess_1.0.3.jar
2025-09-11 15:23:24,881 [Worker-50: Executing clean in C__pleiades_2024-12_workspace_IH13A06_JV31_29_05 の起動] INFO  o.e.m.i.launch.MavenLaunchDelegate - Run build in "C:\pleiades\2024-12\workspace\IH13A06_JV31_29_05":
2025-09-11 15:23:24,883 [Worker-50: Executing clean in C__pleiades_2024-12_workspace_IH13A06_JV31_29_05 の起動] INFO  o.e.m.i.launch.MavenLaunchDelegate -  mvn  -B -Dstyle.color=always clean
2025-09-11 15:23:24,883 [Worker-50: Executing clean in C__pleiades_2024-12_workspace_IH13A06_JV31_29_05 の起動] WARN  o.e.m.i.l.MavenLaunchExtensionsSupport - Unknown or unsupported source locator org.eclipse.jdt.internal.launching.sourcelookup.advanced.AdvancedSourceLookupDirector
2025-09-11 15:23:32,445 [Worker-52: ビルド] WARN  o.a.m.s.f.DefaultMavenResourcesFiltering - Using platform encoding (UTF-8 actually) to copy filtered resources, i.e. build is platform dependent!
2025-09-11 15:23:32,446 [Worker-52: ビルド] INFO  o.a.m.s.f.DefaultMavenResourcesFiltering - Copying 1 resource from src\main\resources to target\classes
2025-09-11 15:23:32,450 [Worker-52: ビルド] WARN  o.a.m.s.f.DefaultMavenResourcesFiltering - Using platform encoding (UTF-8 actually) to copy filtered resources, i.e. build is platform dependent!
2025-09-11 15:23:32,451 [Worker-52: ビルド] INFO  o.a.m.s.f.DefaultMavenResourcesFiltering - skip non existing resourceDirectory C:\pleiades\2024-12\workspace\IH13A06_JV31_29_05\src\test\resources
2025-09-11 15:23:32,451 [Worker-52: ビルド] INFO  o.e.m.w.i.f.ResourceFilteringBuildParticipant - Changed resources require a complete clean of filtered resources of IH13A06_JV31_29_05
2025-09-11 15:23:32,451 [Worker-52: ビルド] INFO  o.e.m.w.i.f.ResourceFilteringBuildParticipant - Executing resource filtering for IH13A06_JV31_29_05
2025-09-11 15:25:34,438 [Worker-58: ビルド] WARN  o.a.m.s.f.DefaultMavenResourcesFiltering - Using platform encoding (UTF-8 actually) to copy filtered resources, i.e. build is platform dependent!
2025-09-11 15:25:34,440 [Worker-58: ビルド] INFO  o.a.m.s.f.DefaultMavenResourcesFiltering - Copying 0 resource from src\main\resources to target\classes
2025-09-11 15:25:34,443 [Worker-58: ビルド] WARN  o.a.m.s.f.DefaultMavenResourcesFiltering - Using platform encoding (UTF-8 actually) to copy filtered resources, i.e. build is platform dependent!
2025-09-11 15:25:34,443 [Worker-58: ビルド] INFO  o.a.m.s.f.DefaultMavenResourcesFiltering - skip non existing resourceDirectory C:\pleiades\2024-12\workspace\IH13A06_JV31_29_05\src\test\resources
2025-09-11 15:26:39,203 [Worker-8: Loading available Gradle versions] INFO  o.e.b.c.i.u.g.PublishedGradleVersions - Gradle version information cache is up-to-date. Trying to read.
2025-09-11 15:28:59,334 [Worker-15: ビルド] WARN  o.a.m.s.f.DefaultMavenResourcesFiltering - Using platform encoding (UTF-8 actually) to copy filtered resources, i.e. build is platform dependent!
2025-09-11 15:28:59,337 [Worker-15: ビルド] INFO  o.a.m.s.f.DefaultMavenResourcesFiltering - Copying 1 resource from src\main\resources to target\classes
2025-09-11 15:28:59,342 [Worker-15: ビルド] WARN  o.a.m.s.f.DefaultMavenResourcesFiltering - Using platform encoding (UTF-8 actually) to copy filtered resources, i.e. build is platform dependent!
2025-09-11 15:28:59,343 [Worker-15: ビルド] INFO  o.a.m.s.f.DefaultMavenResourcesFiltering - skip non existing resourceDirectory C:\pleiades\2024-12\workspace\IH13A06_JV31_29_05\src\test\resources
2025-09-11 15:35:21,612 [Worker-17: ビルド] WARN  o.a.m.s.f.DefaultMavenResourcesFiltering - Using platform encoding (UTF-8 actually) to copy filtered resources, i.e. build is platform dependent!
2025-09-11 15:35:21,618 [Worker-17: ビルド] INFO  o.a.m.s.f.DefaultMavenResourcesFiltering - Copying 0 resource from src\main\resources to target\classes
2025-09-11 15:35:21,620 [Worker-17: ビルド] WARN  o.a.m.s.f.DefaultMavenResourcesFiltering - Using platform encoding (UTF-8 actually) to copy filtered resources, i.e. build is platform dependent!
2025-09-11 15:35:21,620 [Worker-17: ビルド] INFO  o.a.m.s.f.DefaultMavenResourcesFiltering - skip non existing resourceDirectory C:\pleiades\2024-12\workspace\IH13A06_JV31_29_05\src\test\resources
2025-09-11 15:35:45,501 [Worker-17: ビルド] WARN  o.a.m.s.f.DefaultMavenResourcesFiltering - Using platform encoding (UTF-8 actually) to copy filtered resources, i.e. build is platform dependent!
2025-09-11 15:35:45,502 [Worker-17: ビルド] INFO  o.a.m.s.f.DefaultMavenResourcesFiltering - Copying 1 resource from src\main\resources to target\classes
2025-09-11 15:35:45,503 [Worker-17: ビルド] WARN  o.a.m.s.f.DefaultMavenResourcesFiltering - Using platform encoding (UTF-8 actually) to copy filtered resources, i.e. build is platform dependent!
2025-09-11 15:35:45,504 [Worker-17: ビルド] INFO  o.a.m.s.f.DefaultMavenResourcesFiltering - skip non existing resourceDirectory C:\pleiades\2024-12\workspace\IH13A06_JV31_29_05\src\test\resources
2025-09-11 15:35:55,273 [Worker-6: ビルド] WARN  o.a.m.s.f.DefaultMavenResourcesFiltering - Using platform encoding (UTF-8 actually) to copy filtered resources, i.e. build is platform dependent!
2025-09-11 15:35:55,275 [Worker-6: ビルド] INFO  o.a.m.s.f.DefaultMavenResourcesFiltering - Copying 1 resource from src\main\resources to target\classes
2025-09-11 15:35:55,276 [Worker-6: ビルド] WARN  o.a.m.s.f.DefaultMavenResourcesFiltering - Using platform encoding (UTF-8 actually) to copy filtered resources, i.e. build is platform dependent!
2025-09-11 15:35:55,277 [Worker-6: ビルド] INFO  o.a.m.s.f.DefaultMavenResourcesFiltering - skip non existing resourceDirectory C:\pleiades\2024-12\workspace\IH13A06_JV31_29_05\src\test\resources
2025-09-11 15:36:37,906 [Worker-6: ビルド] WARN  o.a.m.s.f.DefaultMavenResourcesFiltering - Using platform encoding (UTF-8 actually) to copy filtered resources, i.e. build is platform dependent!
2025-09-11 15:36:37,907 [Worker-6: ビルド] INFO  o.a.m.s.f.DefaultMavenResourcesFiltering - Copying 1 resource from src\main\resources to target\classes
2025-09-11 15:36:37,911 [Worker-6: ビルド] WARN  o.a.m.s.f.DefaultMavenResourcesFiltering - Using platform encoding (UTF-8 actually) to copy filtered resources, i.e. build is platform dependent!
2025-09-11 15:36:37,911 [Worker-6: ビルド] INFO  o.a.m.s.f.DefaultMavenResourcesFiltering - skip non existing resourceDirectory C:\pleiades\2024-12\workspace\IH13A06_JV31_29_05\src\test\resources
2025-09-11 16:12:18,897 [Worker-14: Loading available Gradle versions] INFO  o.e.b.c.i.u.g.PublishedGradleVersions - Gradle version information cache is up-to-date. Trying to read.
2025-09-11 16:18:08,445 [Worker-2: ビルド] INFO  o.e.m.c.i.l.LifecycleMappingFactory - Using org.maven.ide.eclipse.wtp.WarLifecycleMapping lifecycle mapping for MavenProject: com.example:IH13A18_JV31_29_05:1.0-SNAPSHOT @ C:\pleiades\2024-12\workspace\IH13A18_JV31_29_05\pom.xml.
2025-09-11 16:18:08,529 [Worker-2: ビルド] INFO  o.e.m.c.i.e.AbstractTransferListenerAdapter - Downloaded https://repo.maven.apache.org/maven2/mysql/mysql-connector-java/5.1.49/mysql-connector-java-5.1.49.pom
2025-09-11 16:18:08,674 [Worker-2: ビルド] INFO  o.e.m.c.i.e.AbstractTransferListenerAdapter - Downloaded https://repo.maven.apache.org/maven2/mysql/mysql-connector-java/5.1.49/mysql-connector-java-5.1.49.jar
2025-09-11 16:18:09,383 [Worker-2: ビルド] WARN  o.a.m.s.f.DefaultMavenResourcesFiltering - Using platform encoding (UTF-8 actually) to copy filtered resources, i.e. build is platform dependent!
2025-09-11 16:18:09,386 [Worker-2: ビルド] INFO  o.a.m.s.f.DefaultMavenResourcesFiltering - Copying 1 resource from src\main\resources to target\classes
2025-09-11 16:18:09,392 [Worker-2: ビルド] WARN  o.a.m.s.f.DefaultMavenResourcesFiltering - Using platform encoding (UTF-8 actually) to copy filtered resources, i.e. build is platform dependent!
2025-09-11 16:18:09,393 [Worker-2: ビルド] INFO  o.a.m.s.f.DefaultMavenResourcesFiltering - skip non existing resourceDirectory C:\pleiades\2024-12\workspace\IH13A18_JV31_29_05\src\test\resources
2025-09-11 16:18:10,315 [Worker-2: ソースおよび Javadoc のダウンロード] INFO  o.e.m.c.i.e.AbstractTransferListenerAdapter - Downloaded https://repo.maven.apache.org/maven2/mysql/mysql-connector-java/5.1.49/mysql-connector-java-5.1.49-sources.jar
2025-09-11 16:18:10,320 [Worker-2: ソースおよび Javadoc のダウンロード] ERROR o.e.m.j.internal.DownloadSourcesJob - Could not download sources for mysql:mysql-connector-java:5.1.49
org.eclipse.core.runtime.CoreException: Could not resolve artifact mysql:mysql-connector-java:jar:sources:5.1.49
	at org.eclipse.m2e.core.internal.embedder.MavenImpl.lambda$7(MavenImpl.java:540)
	at org.eclipse.m2e.core.internal.embedder.MavenExecutionContext.executeBare(MavenExecutionContext.java:458)
	at org.eclipse.m2e.core.internal.embedder.MavenExecutionContext.execute(MavenExecutionContext.java:292)
	at org.eclipse.m2e.core.internal.embedder.MavenExecutionContext.execute(MavenExecutionContext.java:278)
	at org.eclipse.m2e.core.internal.embedder.MavenImpl.resolve(MavenImpl.java:509)
	at org.eclipse.m2e.core.internal.embedder.MavenImpl.resolve(MavenImpl.java:494)
	at org.eclipse.m2e.jdt.internal.DownloadSourcesJob.download(DownloadSourcesJob.java:308)
	at org.eclipse.m2e.jdt.internal.DownloadSourcesJob.downloadAttachments(DownloadSourcesJob.java:282)
	at org.eclipse.m2e.jdt.internal.DownloadSourcesJob.downloadMaven(DownloadSourcesJob.java:252)
	at org.eclipse.m2e.jdt.internal.DownloadSourcesJob.downloadFilesAndPopulateToUpdate(DownloadSourcesJob.java:220)
	at org.eclipse.m2e.jdt.internal.DownloadSourcesJob.lambda$0(DownloadSourcesJob.java:149)
	at org.eclipse.m2e.core.internal.embedder.MavenExecutionContext.executeBare(MavenExecutionContext.java:458)
	at org.eclipse.m2e.core.internal.embedder.MavenExecutionContext.execute(MavenExecutionContext.java:339)
	at org.eclipse.m2e.core.internal.embedder.MavenExecutionContext.execute(MavenExecutionContext.java:278)
	at org.eclipse.m2e.core.embedder.IMaven.execute(IMaven.java:300)
	at org.eclipse.m2e.jdt.internal.DownloadSourcesJob.run(DownloadSourcesJob.java:149)
	at org.eclipse.core.internal.jobs.Worker.run(Worker.java:63)
2025-09-11 16:19:41,861 [Worker-15: ビルド] WARN  o.a.m.s.f.DefaultMavenResourcesFiltering - Using platform encoding (UTF-8 actually) to copy filtered resources, i.e. build is platform dependent!
2025-09-11 16:19:41,866 [Worker-15: ビルド] INFO  o.a.m.s.f.DefaultMavenResourcesFiltering - Copying 0 resource from src\main\resources to target\classes
2025-09-11 16:19:41,868 [Worker-15: ビルド] WARN  o.a.m.s.f.DefaultMavenResourcesFiltering - Using platform encoding (UTF-8 actually) to copy filtered resources, i.e. build is platform dependent!
2025-09-11 16:19:41,868 [Worker-15: ビルド] INFO  o.a.m.s.f.DefaultMavenResourcesFiltering - skip non existing resourceDirectory C:\pleiades\2024-12\workspace\IH13A18_JV31_29_05\src\test\resources
2025-09-11 16:27:30,533 [Worker-6: Maven プロジェクトの更新中] INFO  o.e.m.c.i.p.ProjectConfigurationManager - Update started
2025-09-11 16:27:30,661 [Worker-6: Maven プロジェクトの更新中] INFO  o.e.m.c.i.l.LifecycleMappingFactory - Using org.maven.ide.eclipse.wtp.WarLifecycleMapping lifecycle mapping for MavenProject: com.example:IH13A18_JV31_29_05:1.0-SNAPSHOT @ C:\pleiades\2024-12\workspace\IH13A18_JV31_29_05\pom.xml.
2025-09-11 16:27:31,116 [Worker-6: Maven プロジェクトの更新中] INFO  o.e.m.j.i.AbstractJavaProjectConfigurator - Adding source folder /IH13A18_JV31_29_05/src/main/java
2025-09-11 16:27:31,118 [Worker-6: Maven プロジェクトの更新中] INFO  o.e.m.j.i.AbstractJavaProjectConfigurator - Adding resource folder /IH13A18_JV31_29_05/src/main/resources
2025-09-11 16:27:31,118 [Worker-6: Maven プロジェクトの更新中] INFO  o.e.m.j.i.AbstractJavaProjectConfigurator - Adding source folder /IH13A18_JV31_29_05/src/test/java
2025-09-11 16:27:31,119 [Worker-6: Maven プロジェクトの更新中] INFO  o.e.m.j.i.AbstractJavaProjectConfigurator - Adding resource folder /IH13A18_JV31_29_05/src/test/resources
2025-09-11 16:27:31,361 [Worker-6: Maven プロジェクトの更新中] INFO  o.e.m.w.i.f.ResourceFilteringBuildParticipant - Cleaning filtered folder for IH13A18_JV31_29_05
2025-09-11 16:27:31,365 [Worker-6: Maven プロジェクトの更新中] INFO  o.e.m.c.i.p.ProjectConfigurationManager - Update completed for 1 poms: local refresh takes 0.00 sec, refresh facades takes 0.00 sec, update config takes 0.00 sec 
2025-09-11 16:27:31,498 [Worker-6: ビルド] WARN  o.a.m.s.f.DefaultMavenResourcesFiltering - Using platform encoding (UTF-8 actually) to copy filtered resources, i.e. build is platform dependent!
2025-09-11 16:27:31,499 [Worker-6: ビルド] INFO  o.a.m.s.f.DefaultMavenResourcesFiltering - Copying 1 resource from src\main\resources to target\classes
2025-09-11 16:27:31,505 [Worker-6: ビルド] WARN  o.a.m.s.f.DefaultMavenResourcesFiltering - Using platform encoding (UTF-8 actually) to copy filtered resources, i.e. build is platform dependent!
2025-09-11 16:27:31,505 [Worker-6: ビルド] INFO  o.a.m.s.f.DefaultMavenResourcesFiltering - skip non existing resourceDirectory C:\pleiades\2024-12\workspace\IH13A18_JV31_29_05\src\test\resources
2025-09-11 16:27:31,505 [Worker-6: ビルド] INFO  o.e.m.w.i.f.ResourceFilteringBuildParticipant - Changed resources require a complete clean of filtered resources of IH13A18_JV31_29_05
2025-09-11 16:27:31,506 [Worker-6: ビルド] INFO  o.e.m.w.i.f.ResourceFilteringBuildParticipant - Executing resource filtering for IH13A18_JV31_29_05
2025-09-11 16:27:32,346 [Worker-6: ソースおよび Javadoc のダウンロード] INFO  o.e.m.c.i.e.AbstractTransferListenerAdapter - Downloaded https://repo.maven.apache.org/maven2/mysql/mysql-connector-java/5.1.49/mysql-connector-java-5.1.49-javadoc.jar
2025-09-11 16:27:32,348 [Worker-6: ソースおよび Javadoc のダウンロード] ERROR o.e.m.j.internal.DownloadSourcesJob - Could not download javadoc for mysql:mysql-connector-java:5.1.49
org.eclipse.core.runtime.CoreException: Could not resolve artifact mysql:mysql-connector-java:jar:javadoc:5.1.49
	at org.eclipse.m2e.core.internal.embedder.MavenImpl.lambda$7(MavenImpl.java:540)
	at org.eclipse.m2e.core.internal.embedder.MavenExecutionContext.executeBare(MavenExecutionContext.java:458)
	at org.eclipse.m2e.core.internal.embedder.MavenExecutionContext.execute(MavenExecutionContext.java:292)
	at org.eclipse.m2e.core.internal.embedder.MavenExecutionContext.execute(MavenExecutionContext.java:278)
	at org.eclipse.m2e.core.internal.embedder.MavenImpl.resolve(MavenImpl.java:509)
	at org.eclipse.m2e.core.internal.embedder.MavenImpl.resolve(MavenImpl.java:494)
	at org.eclipse.m2e.jdt.internal.DownloadSourcesJob.download(DownloadSourcesJob.java:308)
	at org.eclipse.m2e.jdt.internal.DownloadSourcesJob.downloadAttachments(DownloadSourcesJob.java:294)
	at org.eclipse.m2e.jdt.internal.DownloadSourcesJob.downloadMaven(DownloadSourcesJob.java:252)
	at org.eclipse.m2e.jdt.internal.DownloadSourcesJob.downloadFilesAndPopulateToUpdate(DownloadSourcesJob.java:220)
	at org.eclipse.m2e.jdt.internal.DownloadSourcesJob.lambda$0(DownloadSourcesJob.java:149)
	at org.eclipse.m2e.core.internal.embedder.MavenExecutionContext.executeBare(MavenExecutionContext.java:458)
	at org.eclipse.m2e.core.internal.embedder.MavenExecutionContext.execute(MavenExecutionContext.java:339)
	at org.eclipse.m2e.core.internal.embedder.MavenExecutionContext.execute(MavenExecutionContext.java:278)
	at org.eclipse.m2e.core.embedder.IMaven.execute(IMaven.java:300)
	at org.eclipse.m2e.jdt.internal.DownloadSourcesJob.run(DownloadSourcesJob.java:149)
	at org.eclipse.core.internal.jobs.Worker.run(Worker.java:63)
2025-09-11 16:29:57,830 [Worker-13: ビルド] WARN  o.a.m.s.f.DefaultMavenResourcesFiltering - Using platform encoding (UTF-8 actually) to copy filtered resources, i.e. build is platform dependent!
2025-09-11 16:29:57,832 [Worker-13: ビルド] INFO  o.a.m.s.f.DefaultMavenResourcesFiltering - Copying 0 resource from src\main\resources to target\classes
2025-09-11 16:29:57,834 [Worker-13: ビルド] WARN  o.a.m.s.f.DefaultMavenResourcesFiltering - Using platform encoding (UTF-8 actually) to copy filtered resources, i.e. build is platform dependent!
2025-09-11 16:29:57,834 [Worker-13: ビルド] INFO  o.a.m.s.f.DefaultMavenResourcesFiltering - skip non existing resourceDirectory C:\pleiades\2024-12\workspace\IH13A18_JV31_29_05\src\test\resources
2025-09-11 16:30:06,302 [Worker-21: ビルド] WARN  o.a.m.s.f.DefaultMavenResourcesFiltering - Using platform encoding (UTF-8 actually) to copy filtered resources, i.e. build is platform dependent!
2025-09-11 16:30:06,303 [Worker-21: ビルド] INFO  o.a.m.s.f.DefaultMavenResourcesFiltering - Copying 0 resource from src\main\resources to target\classes
2025-09-11 16:30:06,304 [Worker-21: ビルド] WARN  o.a.m.s.f.DefaultMavenResourcesFiltering - Using platform encoding (UTF-8 actually) to copy filtered resources, i.e. build is platform dependent!
2025-09-11 16:30:06,305 [Worker-21: ビルド] INFO  o.a.m.s.f.DefaultMavenResourcesFiltering - skip non existing resourceDirectory C:\pleiades\2024-12\workspace\IH13A18_JV31_29_05\src\test\resources
2025-09-11 16:30:51,987 [Worker-13: ビルド] INFO  o.e.m.c.i.l.LifecycleMappingFactory - Using org.maven.ide.eclipse.wtp.WarLifecycleMapping lifecycle mapping for MavenProject: com.example:IH13A18_JV31_29_05:1.0-SNAPSHOT @ C:\pleiades\2024-12\workspace\IH13A18_JV31_29_05\pom.xml.
2025-09-11 16:30:52,389 [Worker-13: ビルド] WARN  o.a.m.s.f.DefaultMavenResourcesFiltering - Using platform encoding (UTF-8 actually) to copy filtered resources, i.e. build is platform dependent!
2025-09-11 16:30:52,391 [Worker-13: ビルド] INFO  o.a.m.s.f.DefaultMavenResourcesFiltering - Copying 0 resource from src\main\resources to target\classes
2025-09-11 16:30:52,393 [Worker-13: ビルド] WARN  o.a.m.s.f.DefaultMavenResourcesFiltering - Using platform encoding (UTF-8 actually) to copy filtered resources, i.e. build is platform dependent!
2025-09-11 16:30:52,394 [Worker-13: ビルド] INFO  o.a.m.s.f.DefaultMavenResourcesFiltering - skip non existing resourceDirectory C:\pleiades\2024-12\workspace\IH13A18_JV31_29_05\src\test\resources
2025-09-11 16:30:52,394 [Worker-13: ビルド] INFO  o.e.m.w.i.f.ResourceFilteringBuildParticipant - Changed resources require a complete clean of filtered resources of IH13A18_JV31_29_05
2025-09-11 16:30:52,394 [Worker-13: ビルド] INFO  o.e.m.w.i.f.ResourceFilteringBuildParticipant - Executing resource filtering for IH13A18_JV31_29_05
2025-09-11 16:30:53,493 [Worker-13: ビルド] WARN  o.a.m.s.f.DefaultMavenResourcesFiltering - Using platform encoding (UTF-8 actually) to copy filtered resources, i.e. build is platform dependent!
2025-09-11 16:30:53,494 [Worker-13: ビルド] INFO  o.a.m.s.f.DefaultMavenResourcesFiltering - Copying 1 resource from src\main\resources to target\classes
2025-09-11 16:30:53,499 [Worker-13: ビルド] WARN  o.a.m.s.f.DefaultMavenResourcesFiltering - Using platform encoding (UTF-8 actually) to copy filtered resources, i.e. build is platform dependent!
2025-09-11 16:30:53,499 [Worker-13: ビルド] INFO  o.a.m.s.f.DefaultMavenResourcesFiltering - skip non existing resourceDirectory C:\pleiades\2024-12\workspace\IH13A18_JV31_29_05\src\test\resources
2025-09-11 16:35:29,244 [Worker-22: ビルド] WARN  o.a.m.s.f.DefaultMavenResourcesFiltering - Using platform encoding (UTF-8 actually) to copy filtered resources, i.e. build is platform dependent!
2025-09-11 16:35:29,245 [Worker-22: ビルド] INFO  o.a.m.s.f.DefaultMavenResourcesFiltering - Copying 0 resource from src\main\resources to target\classes
2025-09-11 16:35:29,246 [Worker-22: ビルド] WARN  o.a.m.s.f.DefaultMavenResourcesFiltering - Using platform encoding (UTF-8 actually) to copy filtered resources, i.e. build is platform dependent!
2025-09-11 16:35:29,247 [Worker-22: ビルド] INFO  o.a.m.s.f.DefaultMavenResourcesFiltering - skip non existing resourceDirectory C:\pleiades\2024-12\workspace\IH13A18_JV31_29_05\src\test\resources
2025-09-11 16:35:45,416 [Worker-20: ビルド] WARN  o.a.m.s.f.DefaultMavenResourcesFiltering - Using platform encoding (UTF-8 actually) to copy filtered resources, i.e. build is platform dependent!
2025-09-11 16:35:45,417 [Worker-20: ビルド] INFO  o.a.m.s.f.DefaultMavenResourcesFiltering - Copying 0 resource from src\main\resources to target\classes
2025-09-11 16:35:45,418 [Worker-20: ビルド] WARN  o.a.m.s.f.DefaultMavenResourcesFiltering - Using platform encoding (UTF-8 actually) to copy filtered resources, i.e. build is platform dependent!
2025-09-11 16:35:45,419 [Worker-20: ビルド] INFO  o.a.m.s.f.DefaultMavenResourcesFiltering - skip non existing resourceDirectory C:\pleiades\2024-12\workspace\IH13A18_JV31_29_05\src\test\resources
2025-09-11 16:35:54,695 [Worker-22: ビルド] WARN  o.a.m.s.f.DefaultMavenResourcesFiltering - Using platform encoding (UTF-8 actually) to copy filtered resources, i.e. build is platform dependent!
2025-09-11 16:35:54,696 [Worker-22: ビルド] INFO  o.a.m.s.f.DefaultMavenResourcesFiltering - Copying 0 resource from src\main\resources to target\classes
2025-09-11 16:35:54,697 [Worker-22: ビルド] WARN  o.a.m.s.f.DefaultMavenResourcesFiltering - Using platform encoding (UTF-8 actually) to copy filtered resources, i.e. build is platform dependent!
2025-09-11 16:35:54,698 [Worker-22: ビルド] INFO  o.a.m.s.f.DefaultMavenResourcesFiltering - skip non existing resourceDirectory C:\pleiades\2024-12\workspace\IH13A18_JV31_29_05\src\test\resources
2025-09-11 16:35:58,515 [Worker-20: ビルド] WARN  o.a.m.s.f.DefaultMavenResourcesFiltering - Using platform encoding (UTF-8 actually) to copy filtered resources, i.e. build is platform dependent!
2025-09-11 16:35:58,516 [Worker-20: ビルド] INFO  o.a.m.s.f.DefaultMavenResourcesFiltering - Copying 0 resource from src\main\resources to target\classes
2025-09-11 16:35:58,518 [Worker-20: ビルド] WARN  o.a.m.s.f.DefaultMavenResourcesFiltering - Using platform encoding (UTF-8 actually) to copy filtered resources, i.e. build is platform dependent!
2025-09-11 16:35:58,518 [Worker-20: ビルド] INFO  o.a.m.s.f.DefaultMavenResourcesFiltering - skip non existing resourceDirectory C:\pleiades\2024-12\workspace\IH13A18_JV31_29_05\src\test\resources
2025-09-11 16:39:02,304 [Worker-6: ビルド] WARN  o.a.m.s.f.DefaultMavenResourcesFiltering - Using platform encoding (UTF-8 actually) to copy filtered resources, i.e. build is platform dependent!
2025-09-11 16:39:02,305 [Worker-6: ビルド] INFO  o.a.m.s.f.DefaultMavenResourcesFiltering - Copying 1 resource from src\main\resources to target\classes
2025-09-11 16:39:02,306 [Worker-6: ビルド] WARN  o.a.m.s.f.DefaultMavenResourcesFiltering - Using platform encoding (UTF-8 actually) to copy filtered resources, i.e. build is platform dependent!
2025-09-11 16:39:02,306 [Worker-6: ビルド] INFO  o.a.m.s.f.DefaultMavenResourcesFiltering - skip non existing resourceDirectory C:\pleiades\2024-12\workspace\IH13A18_JV31_29_05\src\test\resources
2025-09-11 16:40:33,573 [Worker-24: ビルド] WARN  o.a.m.s.f.DefaultMavenResourcesFiltering - Using platform encoding (UTF-8 actually) to copy filtered resources, i.e. build is platform dependent!
2025-09-11 16:40:33,574 [Worker-24: ビルド] INFO  o.a.m.s.f.DefaultMavenResourcesFiltering - Copying 1 resource from src\main\resources to target\classes
2025-09-11 16:40:33,576 [Worker-24: ビルド] WARN  o.a.m.s.f.DefaultMavenResourcesFiltering - Using platform encoding (UTF-8 actually) to copy filtered resources, i.e. build is platform dependent!
2025-09-11 16:40:33,576 [Worker-24: ビルド] INFO  o.a.m.s.f.DefaultMavenResourcesFiltering - skip non existing resourceDirectory C:\pleiades\2024-12\workspace\IH13A18_JV31_29_05\src\test\resources
2025-09-11 16:41:28,305 [Worker-20: ビルド] WARN  o.a.m.s.f.DefaultMavenResourcesFiltering - Using platform encoding (UTF-8 actually) to copy filtered resources, i.e. build is platform dependent!
2025-09-11 16:41:28,306 [Worker-20: ビルド] INFO  o.a.m.s.f.DefaultMavenResourcesFiltering - Copying 1 resource from src\main\resources to target\classes
2025-09-11 16:41:28,307 [Worker-20: ビルド] WARN  o.a.m.s.f.DefaultMavenResourcesFiltering - Using platform encoding (UTF-8 actually) to copy filtered resources, i.e. build is platform dependent!
2025-09-11 16:41:28,307 [Worker-20: ビルド] INFO  o.a.m.s.f.DefaultMavenResourcesFiltering - skip non existing resourceDirectory C:\pleiades\2024-12\workspace\IH13A18_JV31_29_05\src\test\resources
2025-09-11 16:41:37,009 [Worker-20: ビルド] WARN  o.a.m.s.f.DefaultMavenResourcesFiltering - Using platform encoding (UTF-8 actually) to copy filtered resources, i.e. build is platform dependent!
2025-09-11 16:41:37,010 [Worker-20: ビルド] INFO  o.a.m.s.f.DefaultMavenResourcesFiltering - Copying 1 resource from src\main\resources to target\classes
2025-09-11 16:41:37,011 [Worker-20: ビルド] WARN  o.a.m.s.f.DefaultMavenResourcesFiltering - Using platform encoding (UTF-8 actually) to copy filtered resources, i.e. build is platform dependent!
2025-09-11 16:41:37,012 [Worker-20: ビルド] INFO  o.a.m.s.f.DefaultMavenResourcesFiltering - skip non existing resourceDirectory C:\pleiades\2024-12\workspace\IH13A18_JV31_29_05\src\test\resources
2025-09-11 16:42:03,407 [Worker-13: ビルド] WARN  o.a.m.s.f.DefaultMavenResourcesFiltering - Using platform encoding (UTF-8 actually) to copy filtered resources, i.e. build is platform dependent!
2025-09-11 16:42:03,408 [Worker-13: ビルド] INFO  o.a.m.s.f.DefaultMavenResourcesFiltering - Copying 1 resource from src\main\resources to target\classes
2025-09-11 16:42:03,409 [Worker-13: ビルド] WARN  o.a.m.s.f.DefaultMavenResourcesFiltering - Using platform encoding (UTF-8 actually) to copy filtered resources, i.e. build is platform dependent!
2025-09-11 16:42:03,410 [Worker-13: ビルド] INFO  o.a.m.s.f.DefaultMavenResourcesFiltering - skip non existing resourceDirectory C:\pleiades\2024-12\workspace\IH13A18_JV31_29_05\src\test\resources
2025-09-11 16:42:23,176 [Worker-24: ビルド] WARN  o.a.m.s.f.DefaultMavenResourcesFiltering - Using platform encoding (UTF-8 actually) to copy filtered resources, i.e. build is platform dependent!
2025-09-11 16:42:23,176 [Worker-24: ビルド] INFO  o.a.m.s.f.DefaultMavenResourcesFiltering - Copying 1 resource from src\main\resources to target\classes
2025-09-11 16:42:23,178 [Worker-24: ビルド] WARN  o.a.m.s.f.DefaultMavenResourcesFiltering - Using platform encoding (UTF-8 actually) to copy filtered resources, i.e. build is platform dependent!
2025-09-11 16:42:23,178 [Worker-24: ビルド] INFO  o.a.m.s.f.DefaultMavenResourcesFiltering - skip non existing resourceDirectory C:\pleiades\2024-12\workspace\IH13A18_JV31_29_05\src\test\resources
2025-09-11 16:42:51,735 [Worker-22: ビルド] WARN  o.a.m.s.f.DefaultMavenResourcesFiltering - Using platform encoding (UTF-8 actually) to copy filtered resources, i.e. build is platform dependent!
2025-09-11 16:42:51,736 [Worker-22: ビルド] INFO  o.a.m.s.f.DefaultMavenResourcesFiltering - Copying 1 resource from src\main\resources to target\classes
2025-09-11 16:42:51,737 [Worker-22: ビルド] WARN  o.a.m.s.f.DefaultMavenResourcesFiltering - Using platform encoding (UTF-8 actually) to copy filtered resources, i.e. build is platform dependent!
2025-09-11 16:42:51,737 [Worker-22: ビルド] INFO  o.a.m.s.f.DefaultMavenResourcesFiltering - skip non existing resourceDirectory C:\pleiades\2024-12\workspace\IH13A18_JV31_29_05\src\test\resources
2025-09-11 16:42:54,318 [Worker-25: ビルド] WARN  o.a.m.s.f.DefaultMavenResourcesFiltering - Using platform encoding (UTF-8 actually) to copy filtered resources, i.e. build is platform dependent!
2025-09-11 16:42:54,318 [Worker-25: ビルド] INFO  o.a.m.s.f.DefaultMavenResourcesFiltering - Copying 1 resource from src\main\resources to target\classes
2025-09-11 16:42:54,320 [Worker-25: ビルド] WARN  o.a.m.s.f.DefaultMavenResourcesFiltering - Using platform encoding (UTF-8 actually) to copy filtered resources, i.e. build is platform dependent!
2025-09-11 16:42:54,320 [Worker-25: ビルド] INFO  o.a.m.s.f.DefaultMavenResourcesFiltering - skip non existing resourceDirectory C:\pleiades\2024-12\workspace\IH13A18_JV31_29_05\src\test\resources
2025-09-11 16:43:04,033 [Worker-25: ビルド] WARN  o.a.m.s.f.DefaultMavenResourcesFiltering - Using platform encoding (UTF-8 actually) to copy filtered resources, i.e. build is platform dependent!
2025-09-11 16:43:04,034 [Worker-25: ビルド] INFO  o.a.m.s.f.DefaultMavenResourcesFiltering - Copying 1 resource from src\main\resources to target\classes
2025-09-11 16:43:04,035 [Worker-25: ビルド] WARN  o.a.m.s.f.DefaultMavenResourcesFiltering - Using platform encoding (UTF-8 actually) to copy filtered resources, i.e. build is platform dependent!
2025-09-11 16:43:04,035 [Worker-25: ビルド] INFO  o.a.m.s.f.DefaultMavenResourcesFiltering - skip non existing resourceDirectory C:\pleiades\2024-12\workspace\IH13A18_JV31_29_05\src\test\resources
2025-09-11 16:43:10,363 [Worker-24: ビルド] WARN  o.a.m.s.f.DefaultMavenResourcesFiltering - Using platform encoding (UTF-8 actually) to copy filtered resources, i.e. build is platform dependent!
2025-09-11 16:43:10,364 [Worker-24: ビルド] INFO  o.a.m.s.f.DefaultMavenResourcesFiltering - Copying 1 resource from src\main\resources to target\classes
2025-09-11 16:43:10,366 [Worker-24: ビルド] WARN  o.a.m.s.f.DefaultMavenResourcesFiltering - Using platform encoding (UTF-8 actually) to copy filtered resources, i.e. build is platform dependent!
2025-09-11 16:43:10,366 [Worker-24: ビルド] INFO  o.a.m.s.f.DefaultMavenResourcesFiltering - skip non existing resourceDirectory C:\pleiades\2024-12\workspace\IH13A18_JV31_29_05\src\test\resources
2025-09-11 16:43:20,968 [Worker-21: ビルド] WARN  o.a.m.s.f.DefaultMavenResourcesFiltering - Using platform encoding (UTF-8 actually) to copy filtered resources, i.e. build is platform dependent!
2025-09-11 16:43:20,969 [Worker-21: ビルド] INFO  o.a.m.s.f.DefaultMavenResourcesFiltering - Copying 1 resource from src\main\resources to target\classes
2025-09-11 16:43:20,970 [Worker-21: ビルド] WARN  o.a.m.s.f.DefaultMavenResourcesFiltering - Using platform encoding (UTF-8 actually) to copy filtered resources, i.e. build is platform dependent!
2025-09-11 16:43:20,971 [Worker-21: ビルド] INFO  o.a.m.s.f.DefaultMavenResourcesFiltering - skip non existing resourceDirectory C:\pleiades\2024-12\workspace\IH13A18_JV31_29_05\src\test\resources
2025-09-11 16:43:48,752 [Worker-13: ビルド] WARN  o.a.m.s.f.DefaultMavenResourcesFiltering - Using platform encoding (UTF-8 actually) to copy filtered resources, i.e. build is platform dependent!
2025-09-11 16:43:48,753 [Worker-13: ビルド] INFO  o.a.m.s.f.DefaultMavenResourcesFiltering - Copying 1 resource from src\main\resources to target\classes
2025-09-11 16:43:48,754 [Worker-13: ビルド] WARN  o.a.m.s.f.DefaultMavenResourcesFiltering - Using platform encoding (UTF-8 actually) to copy filtered resources, i.e. build is platform dependent!
2025-09-11 16:43:48,754 [Worker-13: ビルド] INFO  o.a.m.s.f.DefaultMavenResourcesFiltering - skip non existing resourceDirectory C:\pleiades\2024-12\workspace\IH13A18_JV31_29_05\src\test\resources
2025-09-11 16:44:05,252 [Worker-13: ビルド] WARN  o.a.m.s.f.DefaultMavenResourcesFiltering - Using platform encoding (UTF-8 actually) to copy filtered resources, i.e. build is platform dependent!
2025-09-11 16:44:05,253 [Worker-13: ビルド] INFO  o.a.m.s.f.DefaultMavenResourcesFiltering - Copying 1 resource from src\main\resources to target\classes
2025-09-11 16:44:05,254 [Worker-13: ビルド] WARN  o.a.m.s.f.DefaultMavenResourcesFiltering - Using platform encoding (UTF-8 actually) to copy filtered resources, i.e. build is platform dependent!
2025-09-11 16:44:05,254 [Worker-13: ビルド] INFO  o.a.m.s.f.DefaultMavenResourcesFiltering - skip non existing resourceDirectory C:\pleiades\2024-12\workspace\IH13A18_JV31_29_05\src\test\resources
2025-09-11 16:44:13,433 [Worker-22: ビルド] WARN  o.a.m.s.f.DefaultMavenResourcesFiltering - Using platform encoding (UTF-8 actually) to copy filtered resources, i.e. build is platform dependent!
2025-09-11 16:44:13,434 [Worker-22: ビルド] INFO  o.a.m.s.f.DefaultMavenResourcesFiltering - Copying 1 resource from src\main\resources to target\classes
2025-09-11 16:44:13,436 [Worker-22: ビルド] WARN  o.a.m.s.f.DefaultMavenResourcesFiltering - Using platform encoding (UTF-8 actually) to copy filtered resources, i.e. build is platform dependent!
2025-09-11 16:44:13,436 [Worker-22: ビルド] INFO  o.a.m.s.f.DefaultMavenResourcesFiltering - skip non existing resourceDirectory C:\pleiades\2024-12\workspace\IH13A18_JV31_29_05\src\test\resources
2025-09-11 16:46:34,930 [Worker-20: ビルド] WARN  o.a.m.s.f.DefaultMavenResourcesFiltering - Using platform encoding (UTF-8 actually) to copy filtered resources, i.e. build is platform dependent!
2025-09-11 16:46:34,932 [Worker-20: ビルド] INFO  o.a.m.s.f.DefaultMavenResourcesFiltering - Copying 0 resource from src\main\resources to target\classes
2025-09-11 16:46:34,933 [Worker-20: ビルド] WARN  o.a.m.s.f.DefaultMavenResourcesFiltering - Using platform encoding (UTF-8 actually) to copy filtered resources, i.e. build is platform dependent!
2025-09-11 16:46:34,933 [Worker-20: ビルド] INFO  o.a.m.s.f.DefaultMavenResourcesFiltering - skip non existing resourceDirectory C:\pleiades\2024-12\workspace\IH13A18_JV31_29_05\src\test\resources
2025-09-11 16:47:34,563 [Worker-25: ビルド] WARN  o.a.m.s.f.DefaultMavenResourcesFiltering - Using platform encoding (UTF-8 actually) to copy filtered resources, i.e. build is platform dependent!
2025-09-11 16:47:34,564 [Worker-25: ビルド] INFO  o.a.m.s.f.DefaultMavenResourcesFiltering - Copying 1 resource from src\main\resources to target\classes
2025-09-11 16:47:34,565 [Worker-25: ビルド] WARN  o.a.m.s.f.DefaultMavenResourcesFiltering - Using platform encoding (UTF-8 actually) to copy filtered resources, i.e. build is platform dependent!
2025-09-11 16:47:34,565 [Worker-25: ビルド] INFO  o.a.m.s.f.DefaultMavenResourcesFiltering - skip non existing resourceDirectory C:\pleiades\2024-12\workspace\IH13A18_JV31_29_05\src\test\resources
2025-09-11 16:47:37,241 [Worker-26: ビルド] WARN  o.a.m.s.f.DefaultMavenResourcesFiltering - Using platform encoding (UTF-8 actually) to copy filtered resources, i.e. build is platform dependent!
2025-09-11 16:47:37,242 [Worker-26: ビルド] INFO  o.a.m.s.f.DefaultMavenResourcesFiltering - Copying 1 resource from src\main\resources to target\classes
2025-09-11 16:47:37,243 [Worker-26: ビルド] WARN  o.a.m.s.f.DefaultMavenResourcesFiltering - Using platform encoding (UTF-8 actually) to copy filtered resources, i.e. build is platform dependent!
2025-09-11 16:47:37,244 [Worker-26: ビルド] INFO  o.a.m.s.f.DefaultMavenResourcesFiltering - skip non existing resourceDirectory C:\pleiades\2024-12\workspace\IH13A18_JV31_29_05\src\test\resources
2025-09-11 16:47:41,615 [Worker-20: ビルド] WARN  o.a.m.s.f.DefaultMavenResourcesFiltering - Using platform encoding (UTF-8 actually) to copy filtered resources, i.e. build is platform dependent!
2025-09-11 16:47:41,616 [Worker-20: ビルド] INFO  o.a.m.s.f.DefaultMavenResourcesFiltering - Copying 0 resource from src\main\resources to target\classes
2025-09-11 16:47:41,617 [Worker-20: ビルド] WARN  o.a.m.s.f.DefaultMavenResourcesFiltering - Using platform encoding (UTF-8 actually) to copy filtered resources, i.e. build is platform dependent!
2025-09-11 16:47:41,618 [Worker-20: ビルド] INFO  o.a.m.s.f.DefaultMavenResourcesFiltering - skip non existing resourceDirectory C:\pleiades\2024-12\workspace\IH13A18_JV31_29_05\src\test\resources
2025-09-11 16:49:01,373 [Worker-22: ビルド] WARN  o.a.m.s.f.DefaultMavenResourcesFiltering - Using platform encoding (UTF-8 actually) to copy filtered resources, i.e. build is platform dependent!
2025-09-11 16:49:01,374 [Worker-22: ビルド] INFO  o.a.m.s.f.DefaultMavenResourcesFiltering - Copying 0 resource from src\main\resources to target\classes
2025-09-11 16:49:01,375 [Worker-22: ビルド] WARN  o.a.m.s.f.DefaultMavenResourcesFiltering - Using platform encoding (UTF-8 actually) to copy filtered resources, i.e. build is platform dependent!
2025-09-11 16:49:01,375 [Worker-22: ビルド] INFO  o.a.m.s.f.DefaultMavenResourcesFiltering - skip non existing resourceDirectory C:\pleiades\2024-12\workspace\IH13A18_JV31_29_05\src\test\resources
2025-09-11 16:51:56,237 [Worker-26: ビルド] WARN  o.a.m.s.f.DefaultMavenResourcesFiltering - Using platform encoding (UTF-8 actually) to copy filtered resources, i.e. build is platform dependent!
2025-09-11 16:51:56,238 [Worker-26: ビルド] INFO  o.a.m.s.f.DefaultMavenResourcesFiltering - Copying 1 resource from src\main\resources to target\classes
2025-09-11 16:51:56,239 [Worker-26: ビルド] WARN  o.a.m.s.f.DefaultMavenResourcesFiltering - Using platform encoding (UTF-8 actually) to copy filtered resources, i.e. build is platform dependent!
2025-09-11 16:51:56,240 [Worker-26: ビルド] INFO  o.a.m.s.f.DefaultMavenResourcesFiltering - skip non existing resourceDirectory C:\pleiades\2024-12\workspace\IH13A18_JV31_29_05\src\test\resources
2025-09-11 16:52:18,866 [Worker-6: ビルド] WARN  o.a.m.s.f.DefaultMavenResourcesFiltering - Using platform encoding (UTF-8 actually) to copy filtered resources, i.e. build is platform dependent!
2025-09-11 16:52:18,867 [Worker-6: ビルド] INFO  o.a.m.s.f.DefaultMavenResourcesFiltering - Copying 1 resource from src\main\resources to target\classes
2025-09-11 16:52:18,868 [Worker-6: ビルド] WARN  o.a.m.s.f.DefaultMavenResourcesFiltering - Using platform encoding (UTF-8 actually) to copy filtered resources, i.e. build is platform dependent!
2025-09-11 16:52:18,869 [Worker-6: ビルド] INFO  o.a.m.s.f.DefaultMavenResourcesFiltering - skip non existing resourceDirectory C:\pleiades\2024-12\workspace\IH13A18_JV31_29_05\src\test\resources
2025-09-11 16:52:37,349 [Worker-21: ビルド] WARN  o.a.m.s.f.DefaultMavenResourcesFiltering - Using platform encoding (UTF-8 actually) to copy filtered resources, i.e. build is platform dependent!
2025-09-11 16:52:37,350 [Worker-21: ビルド] INFO  o.a.m.s.f.DefaultMavenResourcesFiltering - Copying 1 resource from src\main\resources to target\classes
2025-09-11 16:52:37,352 [Worker-21: ビルド] WARN  o.a.m.s.f.DefaultMavenResourcesFiltering - Using platform encoding (UTF-8 actually) to copy filtered resources, i.e. build is platform dependent!
2025-09-11 16:52:37,352 [Worker-21: ビルド] INFO  o.a.m.s.f.DefaultMavenResourcesFiltering - skip non existing resourceDirectory C:\pleiades\2024-12\workspace\IH13A18_JV31_29_05\src\test\resources
2025-09-11 17:07:00,993 [Worker-27: ビルド] WARN  o.a.m.s.f.DefaultMavenResourcesFiltering - Using platform encoding (UTF-8 actually) to copy filtered resources, i.e. build is platform dependent!
2025-09-11 17:07:00,994 [Worker-27: ビルド] INFO  o.a.m.s.f.DefaultMavenResourcesFiltering - Copying 0 resource from src\main\resources to target\classes
2025-09-11 17:07:00,996 [Worker-27: ビルド] WARN  o.a.m.s.f.DefaultMavenResourcesFiltering - Using platform encoding (UTF-8 actually) to copy filtered resources, i.e. build is platform dependent!
2025-09-11 17:07:00,996 [Worker-27: ビルド] INFO  o.a.m.s.f.DefaultMavenResourcesFiltering - skip non existing resourceDirectory C:\pleiades\2024-12\workspace\IH13A18_JV31_29_05\src\test\resources
2025-09-11 17:08:28,809 [Worker-27: ビルド] WARN  o.a.m.s.f.DefaultMavenResourcesFiltering - Using platform encoding (UTF-8 actually) to copy filtered resources, i.e. build is platform dependent!
2025-09-11 17:08:28,810 [Worker-27: ビルド] INFO  o.a.m.s.f.DefaultMavenResourcesFiltering - Copying 0 resource from src\main\resources to target\classes
2025-09-11 17:08:28,811 [Worker-27: ビルド] WARN  o.a.m.s.f.DefaultMavenResourcesFiltering - Using platform encoding (UTF-8 actually) to copy filtered resources, i.e. build is platform dependent!
2025-09-11 17:08:28,812 [Worker-27: ビルド] INFO  o.a.m.s.f.DefaultMavenResourcesFiltering - skip non existing resourceDirectory C:\pleiades\2024-12\workspace\IH13A18_JV31_29_05\src\test\resources
2025-09-11 17:12:11,963 [Worker-6: ビルド] WARN  o.a.m.s.f.DefaultMavenResourcesFiltering - Using platform encoding (UTF-8 actually) to copy filtered resources, i.e. build is platform dependent!
2025-09-11 17:12:11,964 [Worker-6: ビルド] INFO  o.a.m.s.f.DefaultMavenResourcesFiltering - Copying 0 resource from src\main\resources to target\classes
2025-09-11 17:12:11,965 [Worker-6: ビルド] WARN  o.a.m.s.f.DefaultMavenResourcesFiltering - Using platform encoding (UTF-8 actually) to copy filtered resources, i.e. build is platform dependent!
2025-09-11 17:12:11,966 [Worker-6: ビルド] INFO  o.a.m.s.f.DefaultMavenResourcesFiltering - skip non existing resourceDirectory C:\pleiades\2024-12\workspace\IH13A18_JV31_29_05\src\test\resources
2025-09-11 17:12:53,739 [Worker-30: ビルド] WARN  o.a.m.s.f.DefaultMavenResourcesFiltering - Using platform encoding (UTF-8 actually) to copy filtered resources, i.e. build is platform dependent!
2025-09-11 17:12:53,740 [Worker-30: ビルド] INFO  o.a.m.s.f.DefaultMavenResourcesFiltering - Copying 1 resource from src\main\resources to target\classes
2025-09-11 17:12:53,741 [Worker-30: ビルド] WARN  o.a.m.s.f.DefaultMavenResourcesFiltering - Using platform encoding (UTF-8 actually) to copy filtered resources, i.e. build is platform dependent!
2025-09-11 17:12:53,741 [Worker-30: ビルド] INFO  o.a.m.s.f.DefaultMavenResourcesFiltering - skip non existing resourceDirectory C:\pleiades\2024-12\workspace\IH13A18_JV31_29_05\src\test\resources
2025-09-11 17:13:45,347 [Worker-24: ビルド] WARN  o.a.m.s.f.DefaultMavenResourcesFiltering - Using platform encoding (UTF-8 actually) to copy filtered resources, i.e. build is platform dependent!
2025-09-11 17:13:45,348 [Worker-24: ビルド] INFO  o.a.m.s.f.DefaultMavenResourcesFiltering - Copying 0 resource from src\main\resources to target\classes
2025-09-11 17:13:45,350 [Worker-24: ビルド] WARN  o.a.m.s.f.DefaultMavenResourcesFiltering - Using platform encoding (UTF-8 actually) to copy filtered resources, i.e. build is platform dependent!
2025-09-11 17:13:45,350 [Worker-24: ビルド] INFO  o.a.m.s.f.DefaultMavenResourcesFiltering - skip non existing resourceDirectory C:\pleiades\2024-12\workspace\IH13A18_JV31_29_05\src\test\resources
2025-09-11 17:15:10,605 [Worker-24: ビルド] WARN  o.a.m.s.f.DefaultMavenResourcesFiltering - Using platform encoding (UTF-8 actually) to copy filtered resources, i.e. build is platform dependent!
2025-09-11 17:15:10,606 [Worker-24: ビルド] INFO  o.a.m.s.f.DefaultMavenResourcesFiltering - Copying 0 resource from src\main\resources to target\classes
2025-09-11 17:15:10,607 [Worker-24: ビルド] WARN  o.a.m.s.f.DefaultMavenResourcesFiltering - Using platform encoding (UTF-8 actually) to copy filtered resources, i.e. build is platform dependent!
2025-09-11 17:15:10,608 [Worker-24: ビルド] INFO  o.a.m.s.f.DefaultMavenResourcesFiltering - skip non existing resourceDirectory C:\pleiades\2024-12\workspace\IH13A18_JV31_29_05\src\test\resources
2025-09-11 17:17:07,380 [Worker-30: ビルド] WARN  o.a.m.s.f.DefaultMavenResourcesFiltering - Using platform encoding (UTF-8 actually) to copy filtered resources, i.e. build is platform dependent!
2025-09-11 17:17:07,381 [Worker-30: ビルド] INFO  o.a.m.s.f.DefaultMavenResourcesFiltering - Copying 1 resource from src\main\resources to target\classes
2025-09-11 17:17:07,383 [Worker-30: ビルド] WARN  o.a.m.s.f.DefaultMavenResourcesFiltering - Using platform encoding (UTF-8 actually) to copy filtered resources, i.e. build is platform dependent!
2025-09-11 17:17:07,383 [Worker-30: ビルド] INFO  o.a.m.s.f.DefaultMavenResourcesFiltering - skip non existing resourceDirectory C:\pleiades\2024-12\workspace\IH13A18_JV31_29_05\src\test\resources
2025-09-11 17:18:40,813 [Worker-25: ビルド] WARN  o.a.m.s.f.DefaultMavenResourcesFiltering - Using platform encoding (UTF-8 actually) to copy filtered resources, i.e. build is platform dependent!
2025-09-11 17:18:40,815 [Worker-25: ビルド] INFO  o.a.m.s.f.DefaultMavenResourcesFiltering - Copying 1 resource from src\main\resources to target\classes
2025-09-11 17:18:40,816 [Worker-25: ビルド] WARN  o.a.m.s.f.DefaultMavenResourcesFiltering - Using platform encoding (UTF-8 actually) to copy filtered resources, i.e. build is platform dependent!
2025-09-11 17:18:40,816 [Worker-25: ビルド] INFO  o.a.m.s.f.DefaultMavenResourcesFiltering - skip non existing resourceDirectory C:\pleiades\2024-12\workspace\IH13A18_JV31_29_05\src\test\resources
2025-09-11 17:18:43,087 [Worker-25: ビルド] WARN  o.a.m.s.f.DefaultMavenResourcesFiltering - Using platform encoding (UTF-8 actually) to copy filtered resources, i.e. build is platform dependent!
2025-09-11 17:18:43,088 [Worker-25: ビルド] INFO  o.a.m.s.f.DefaultMavenResourcesFiltering - Copying 1 resource from src\main\resources to target\classes
2025-09-11 17:18:43,089 [Worker-25: ビルド] WARN  o.a.m.s.f.DefaultMavenResourcesFiltering - Using platform encoding (UTF-8 actually) to copy filtered resources, i.e. build is platform dependent!
2025-09-11 17:18:43,090 [Worker-25: ビルド] INFO  o.a.m.s.f.DefaultMavenResourcesFiltering - skip non existing resourceDirectory C:\pleiades\2024-12\workspace\IH13A18_JV31_29_05\src\test\resources
2025-09-11 17:18:45,198 [Worker-25: ビルド] WARN  o.a.m.s.f.DefaultMavenResourcesFiltering - Using platform encoding (UTF-8 actually) to copy filtered resources, i.e. build is platform dependent!
2025-09-11 17:18:45,199 [Worker-25: ビルド] INFO  o.a.m.s.f.DefaultMavenResourcesFiltering - Copying 1 resource from src\main\resources to target\classes
2025-09-11 17:18:45,200 [Worker-25: ビルド] WARN  o.a.m.s.f.DefaultMavenResourcesFiltering - Using platform encoding (UTF-8 actually) to copy filtered resources, i.e. build is platform dependent!
2025-09-11 17:18:45,201 [Worker-25: ビルド] INFO  o.a.m.s.f.DefaultMavenResourcesFiltering - skip non existing resourceDirectory C:\pleiades\2024-12\workspace\IH13A18_JV31_29_05\src\test\resources
2025-09-11 17:18:46,279 [Worker-24: ビルド] WARN  o.a.m.s.f.DefaultMavenResourcesFiltering - Using platform encoding (UTF-8 actually) to copy filtered resources, i.e. build is platform dependent!
2025-09-11 17:18:46,280 [Worker-24: ビルド] INFO  o.a.m.s.f.DefaultMavenResourcesFiltering - Copying 1 resource from src\main\resources to target\classes
2025-09-11 17:18:46,281 [Worker-24: ビルド] WARN  o.a.m.s.f.DefaultMavenResourcesFiltering - Using platform encoding (UTF-8 actually) to copy filtered resources, i.e. build is platform dependent!
2025-09-11 17:18:46,281 [Worker-24: ビルド] INFO  o.a.m.s.f.DefaultMavenResourcesFiltering - skip non existing resourceDirectory C:\pleiades\2024-12\workspace\IH13A18_JV31_29_05\src\test\resources
2025-09-11 17:18:47,450 [Worker-25: ビルド] WARN  o.a.m.s.f.DefaultMavenResourcesFiltering - Using platform encoding (UTF-8 actually) to copy filtered resources, i.e. build is platform dependent!
2025-09-11 17:18:47,451 [Worker-25: ビルド] INFO  o.a.m.s.f.DefaultMavenResourcesFiltering - Copying 1 resource from src\main\resources to target\classes
2025-09-11 17:18:47,452 [Worker-25: ビルド] WARN  o.a.m.s.f.DefaultMavenResourcesFiltering - Using platform encoding (UTF-8 actually) to copy filtered resources, i.e. build is platform dependent!
2025-09-11 17:18:47,452 [Worker-25: ビルド] INFO  o.a.m.s.f.DefaultMavenResourcesFiltering - skip non existing resourceDirectory C:\pleiades\2024-12\workspace\IH13A18_JV31_29_05\src\test\resources
2025-09-11 17:19:22,684 [Worker-22: ビルド] WARN  o.a.m.s.f.DefaultMavenResourcesFiltering - Using platform encoding (UTF-8 actually) to copy filtered resources, i.e. build is platform dependent!
2025-09-11 17:19:22,685 [Worker-22: ビルド] INFO  o.a.m.s.f.DefaultMavenResourcesFiltering - Copying 1 resource from src\main\resources to target\classes
2025-09-11 17:19:22,686 [Worker-22: ビルド] WARN  o.a.m.s.f.DefaultMavenResourcesFiltering - Using platform encoding (UTF-8 actually) to copy filtered resources, i.e. build is platform dependent!
2025-09-11 17:19:22,686 [Worker-22: ビルド] INFO  o.a.m.s.f.DefaultMavenResourcesFiltering - skip non existing resourceDirectory C:\pleiades\2024-12\workspace\IH13A18_JV31_29_05\src\test\resources
2025-09-11 17:21:30,337 [Worker-24: ビルド] WARN  o.a.m.s.f.DefaultMavenResourcesFiltering - Using platform encoding (UTF-8 actually) to copy filtered resources, i.e. build is platform dependent!
2025-09-11 17:21:30,338 [Worker-24: ビルド] INFO  o.a.m.s.f.DefaultMavenResourcesFiltering - Copying 1 resource from src\main\resources to target\classes
2025-09-11 17:21:30,340 [Worker-24: ビルド] WARN  o.a.m.s.f.DefaultMavenResourcesFiltering - Using platform encoding (UTF-8 actually) to copy filtered resources, i.e. build is platform dependent!
2025-09-11 17:21:30,340 [Worker-24: ビルド] INFO  o.a.m.s.f.DefaultMavenResourcesFiltering - skip non existing resourceDirectory C:\pleiades\2024-12\workspace\IH13A18_JV31_29_05\src\test\resources
2025-09-11 17:21:40,189 [Worker-24: ビルド] WARN  o.a.m.s.f.DefaultMavenResourcesFiltering - Using platform encoding (UTF-8 actually) to copy filtered resources, i.e. build is platform dependent!
2025-09-11 17:21:40,190 [Worker-24: ビルド] INFO  o.a.m.s.f.DefaultMavenResourcesFiltering - Copying 1 resource from src\main\resources to target\classes
2025-09-11 17:21:40,191 [Worker-24: ビルド] WARN  o.a.m.s.f.DefaultMavenResourcesFiltering - Using platform encoding (UTF-8 actually) to copy filtered resources, i.e. build is platform dependent!
2025-09-11 17:21:40,192 [Worker-24: ビルド] INFO  o.a.m.s.f.DefaultMavenResourcesFiltering - skip non existing resourceDirectory C:\pleiades\2024-12\workspace\IH13A18_JV31_29_05\src\test\resources
2025-09-11 17:21:42,925 [Worker-25: ビルド] WARN  o.a.m.s.f.DefaultMavenResourcesFiltering - Using platform encoding (UTF-8 actually) to copy filtered resources, i.e. build is platform dependent!
2025-09-11 17:21:42,926 [Worker-25: ビルド] INFO  o.a.m.s.f.DefaultMavenResourcesFiltering - Copying 1 resource from src\main\resources to target\classes
2025-09-11 17:21:42,927 [Worker-25: ビルド] WARN  o.a.m.s.f.DefaultMavenResourcesFiltering - Using platform encoding (UTF-8 actually) to copy filtered resources, i.e. build is platform dependent!
2025-09-11 17:21:42,928 [Worker-25: ビルド] INFO  o.a.m.s.f.DefaultMavenResourcesFiltering - skip non existing resourceDirectory C:\pleiades\2024-12\workspace\IH13A18_JV31_29_05\src\test\resources
2025-09-11 17:21:46,715 [Worker-24: ビルド] WARN  o.a.m.s.f.DefaultMavenResourcesFiltering - Using platform encoding (UTF-8 actually) to copy filtered resources, i.e. build is platform dependent!
2025-09-11 17:21:46,716 [Worker-24: ビルド] INFO  o.a.m.s.f.DefaultMavenResourcesFiltering - Copying 1 resource from src\main\resources to target\classes
2025-09-11 17:21:46,718 [Worker-24: ビルド] WARN  o.a.m.s.f.DefaultMavenResourcesFiltering - Using platform encoding (UTF-8 actually) to copy filtered resources, i.e. build is platform dependent!
2025-09-11 17:21:46,718 [Worker-24: ビルド] INFO  o.a.m.s.f.DefaultMavenResourcesFiltering - skip non existing resourceDirectory C:\pleiades\2024-12\workspace\IH13A18_JV31_29_05\src\test\resources
2025-09-11 17:24:11,758 [Worker-32: ビルド] WARN  o.a.m.s.f.DefaultMavenResourcesFiltering - Using platform encoding (UTF-8 actually) to copy filtered resources, i.e. build is platform dependent!
2025-09-11 17:24:11,759 [Worker-32: ビルド] INFO  o.a.m.s.f.DefaultMavenResourcesFiltering - Copying 1 resource from src\main\resources to target\classes
2025-09-11 17:24:11,760 [Worker-32: ビルド] WARN  o.a.m.s.f.DefaultMavenResourcesFiltering - Using platform encoding (UTF-8 actually) to copy filtered resources, i.e. build is platform dependent!
2025-09-11 17:24:11,761 [Worker-32: ビルド] INFO  o.a.m.s.f.DefaultMavenResourcesFiltering - skip non existing resourceDirectory C:\pleiades\2024-12\workspace\IH13A18_JV31_29_05\src\test\resources
2025-09-11 17:25:09,448 [Worker-30: ビルド] WARN  o.a.m.s.f.DefaultMavenResourcesFiltering - Using platform encoding (UTF-8 actually) to copy filtered resources, i.e. build is platform dependent!
2025-09-11 17:25:09,449 [Worker-30: ビルド] INFO  o.a.m.s.f.DefaultMavenResourcesFiltering - Copying 1 resource from src\main\resources to target\classes
2025-09-11 17:25:09,450 [Worker-30: ビルド] WARN  o.a.m.s.f.DefaultMavenResourcesFiltering - Using platform encoding (UTF-8 actually) to copy filtered resources, i.e. build is platform dependent!
2025-09-11 17:25:09,451 [Worker-30: ビルド] INFO  o.a.m.s.f.DefaultMavenResourcesFiltering - skip non existing resourceDirectory C:\pleiades\2024-12\workspace\IH13A18_JV31_29_05\src\test\resources
2025-09-11 17:25:12,488 [Worker-24: ビルド] WARN  o.a.m.s.f.DefaultMavenResourcesFiltering - Using platform encoding (UTF-8 actually) to copy filtered resources, i.e. build is platform dependent!
2025-09-11 17:25:12,489 [Worker-24: ビルド] INFO  o.a.m.s.f.DefaultMavenResourcesFiltering - Copying 1 resource from src\main\resources to target\classes
2025-09-11 17:25:12,491 [Worker-24: ビルド] WARN  o.a.m.s.f.DefaultMavenResourcesFiltering - Using platform encoding (UTF-8 actually) to copy filtered resources, i.e. build is platform dependent!
2025-09-11 17:25:12,491 [Worker-24: ビルド] INFO  o.a.m.s.f.DefaultMavenResourcesFiltering - skip non existing resourceDirectory C:\pleiades\2024-12\workspace\IH13A18_JV31_29_05\src\test\resources
2025-09-11 17:27:14,797 [Worker-32: ビルド] WARN  o.a.m.s.f.DefaultMavenResourcesFiltering - Using platform encoding (UTF-8 actually) to copy filtered resources, i.e. build is platform dependent!
2025-09-11 17:27:14,798 [Worker-32: ビルド] INFO  o.a.m.s.f.DefaultMavenResourcesFiltering - Copying 0 resource from src\main\resources to target\classes
2025-09-11 17:27:14,799 [Worker-32: ビルド] WARN  o.a.m.s.f.DefaultMavenResourcesFiltering - Using platform encoding (UTF-8 actually) to copy filtered resources, i.e. build is platform dependent!
2025-09-11 17:27:14,799 [Worker-32: ビルド] INFO  o.a.m.s.f.DefaultMavenResourcesFiltering - skip non existing resourceDirectory C:\pleiades\2024-12\workspace\IH13A18_JV31_29_05\src\test\resources
2025-09-11 17:32:17,834 [Worker-34: ビルド] WARN  o.a.m.s.f.DefaultMavenResourcesFiltering - Using platform encoding (UTF-8 actually) to copy filtered resources, i.e. build is platform dependent!
2025-09-11 17:32:17,835 [Worker-34: ビルド] INFO  o.a.m.s.f.DefaultMavenResourcesFiltering - Copying 1 resource from src\main\resources to target\classes
2025-09-11 17:32:17,838 [Worker-34: ビルド] WARN  o.a.m.s.f.DefaultMavenResourcesFiltering - Using platform encoding (UTF-8 actually) to copy filtered resources, i.e. build is platform dependent!
2025-09-11 17:32:17,838 [Worker-34: ビルド] INFO  o.a.m.s.f.DefaultMavenResourcesFiltering - skip non existing resourceDirectory C:\pleiades\2024-12\workspace\IH13A18_JV31_29_05\src\test\resources
2025-09-11 17:33:04,750 [Worker-33: ビルド] WARN  o.a.m.s.f.DefaultMavenResourcesFiltering - Using platform encoding (UTF-8 actually) to copy filtered resources, i.e. build is platform dependent!
2025-09-11 17:33:04,751 [Worker-33: ビルド] INFO  o.a.m.s.f.DefaultMavenResourcesFiltering - Copying 1 resource from src\main\resources to target\classes
2025-09-11 17:33:04,752 [Worker-33: ビルド] WARN  o.a.m.s.f.DefaultMavenResourcesFiltering - Using platform encoding (UTF-8 actually) to copy filtered resources, i.e. build is platform dependent!
2025-09-11 17:33:04,752 [Worker-33: ビルド] INFO  o.a.m.s.f.DefaultMavenResourcesFiltering - skip non existing resourceDirectory C:\pleiades\2024-12\workspace\IH13A18_JV31_29_05\src\test\resources
2025-09-11 17:33:14,356 [Worker-6: ビルド] WARN  o.a.m.s.f.DefaultMavenResourcesFiltering - Using platform encoding (UTF-8 actually) to copy filtered resources, i.e. build is platform dependent!
2025-09-11 17:33:14,357 [Worker-6: ビルド] INFO  o.a.m.s.f.DefaultMavenResourcesFiltering - Copying 1 resource from src\main\resources to target\classes
2025-09-11 17:33:14,359 [Worker-6: ビルド] WARN  o.a.m.s.f.DefaultMavenResourcesFiltering - Using platform encoding (UTF-8 actually) to copy filtered resources, i.e. build is platform dependent!
2025-09-11 17:33:14,359 [Worker-6: ビルド] INFO  o.a.m.s.f.DefaultMavenResourcesFiltering - skip non existing resourceDirectory C:\pleiades\2024-12\workspace\IH13A18_JV31_29_05\src\test\resources
2025-09-11 17:33:20,722 [Worker-33: ビルド] WARN  o.a.m.s.f.DefaultMavenResourcesFiltering - Using platform encoding (UTF-8 actually) to copy filtered resources, i.e. build is platform dependent!
2025-09-11 17:33:20,723 [Worker-33: ビルド] INFO  o.a.m.s.f.DefaultMavenResourcesFiltering - Copying 1 resource from src\main\resources to target\classes
2025-09-11 17:33:20,724 [Worker-33: ビルド] WARN  o.a.m.s.f.DefaultMavenResourcesFiltering - Using platform encoding (UTF-8 actually) to copy filtered resources, i.e. build is platform dependent!
2025-09-11 17:33:20,725 [Worker-33: ビルド] INFO  o.a.m.s.f.DefaultMavenResourcesFiltering - skip non existing resourceDirectory C:\pleiades\2024-12\workspace\IH13A18_JV31_29_05\src\test\resources
2025-09-11 17:33:36,059 [Worker-33: ビルド] WARN  o.a.m.s.f.DefaultMavenResourcesFiltering - Using platform encoding (UTF-8 actually) to copy filtered resources, i.e. build is platform dependent!
2025-09-11 17:33:36,060 [Worker-33: ビルド] INFO  o.a.m.s.f.DefaultMavenResourcesFiltering - Copying 1 resource from src\main\resources to target\classes
2025-09-11 17:33:36,061 [Worker-33: ビルド] WARN  o.a.m.s.f.DefaultMavenResourcesFiltering - Using platform encoding (UTF-8 actually) to copy filtered resources, i.e. build is platform dependent!
2025-09-11 17:33:36,062 [Worker-33: ビルド] INFO  o.a.m.s.f.DefaultMavenResourcesFiltering - skip non existing resourceDirectory C:\pleiades\2024-12\workspace\IH13A18_JV31_29_05\src\test\resources
2025-09-11 17:33:48,226 [Worker-34: ビルド] WARN  o.a.m.s.f.DefaultMavenResourcesFiltering - Using platform encoding (UTF-8 actually) to copy filtered resources, i.e. build is platform dependent!
2025-09-11 17:33:48,227 [Worker-34: ビルド] INFO  o.a.m.s.f.DefaultMavenResourcesFiltering - Copying 1 resource from src\main\resources to target\classes
2025-09-11 17:33:48,229 [Worker-34: ビルド] WARN  o.a.m.s.f.DefaultMavenResourcesFiltering - Using platform encoding (UTF-8 actually) to copy filtered resources, i.e. build is platform dependent!
2025-09-11 17:33:48,229 [Worker-34: ビルド] INFO  o.a.m.s.f.DefaultMavenResourcesFiltering - skip non existing resourceDirectory C:\pleiades\2024-12\workspace\IH13A18_JV31_29_05\src\test\resources
2025-09-11 17:33:56,324 [Worker-35: ビルド] WARN  o.a.m.s.f.DefaultMavenResourcesFiltering - Using platform encoding (UTF-8 actually) to copy filtered resources, i.e. build is platform dependent!
2025-09-11 17:33:56,325 [Worker-35: ビルド] INFO  o.a.m.s.f.DefaultMavenResourcesFiltering - Copying 1 resource from src\main\resources to target\classes
2025-09-11 17:33:56,326 [Worker-35: ビルド] WARN  o.a.m.s.f.DefaultMavenResourcesFiltering - Using platform encoding (UTF-8 actually) to copy filtered resources, i.e. build is platform dependent!
2025-09-11 17:33:56,326 [Worker-35: ビルド] INFO  o.a.m.s.f.DefaultMavenResourcesFiltering - skip non existing resourceDirectory C:\pleiades\2024-12\workspace\IH13A18_JV31_29_05\src\test\resources
2025-09-11 17:34:01,516 [Worker-33: ビルド] WARN  o.a.m.s.f.DefaultMavenResourcesFiltering - Using platform encoding (UTF-8 actually) to copy filtered resources, i.e. build is platform dependent!
2025-09-11 17:34:01,517 [Worker-33: ビルド] INFO  o.a.m.s.f.DefaultMavenResourcesFiltering - Copying 1 resource from src\main\resources to target\classes
2025-09-11 17:34:01,519 [Worker-33: ビルド] WARN  o.a.m.s.f.DefaultMavenResourcesFiltering - Using platform encoding (UTF-8 actually) to copy filtered resources, i.e. build is platform dependent!
2025-09-11 17:34:01,519 [Worker-33: ビルド] INFO  o.a.m.s.f.DefaultMavenResourcesFiltering - skip non existing resourceDirectory C:\pleiades\2024-12\workspace\IH13A18_JV31_29_05\src\test\resources
2025-09-12 04:22:41,987 [Worker-6: Loading available Gradle versions] INFO  o.e.b.c.i.u.g.PublishedGradleVersions - Gradle version information cache is up-to-date. Trying to read.
2025-09-12 04:26:52,638 [Worker-7: ビルド] WARN  o.a.m.s.f.DefaultMavenResourcesFiltering - Using platform encoding (UTF-8 actually) to copy filtered resources, i.e. build is platform dependent!
2025-09-12 04:26:52,642 [Worker-7: ビルド] INFO  o.a.m.s.f.DefaultMavenResourcesFiltering - Copying 1 resource from src\main\resources to target\classes
2025-09-12 04:26:52,647 [Worker-7: ビルド] WARN  o.a.m.s.f.DefaultMavenResourcesFiltering - Using platform encoding (UTF-8 actually) to copy filtered resources, i.e. build is platform dependent!
2025-09-12 04:26:52,647 [Worker-7: ビルド] INFO  o.a.m.s.f.DefaultMavenResourcesFiltering - skip non existing resourceDirectory C:\pleiades\2024-12\workspace\IH13A18_JV31_29_05\src\test\resources
2025-09-12 04:27:29,754 [Worker-11: ビルド] INFO  o.e.m.c.i.l.LifecycleMappingFactory - Using org.maven.ide.eclipse.wtp.WarLifecycleMapping lifecycle mapping for MavenProject: com.example:IH13A18_JV31_29_05:1.0-SNAPSHOT @ C:\pleiades\2024-12\workspace\IH13AXX_JV31_29_05\pom.xml.
2025-09-12 04:27:29,934 [Worker-11: ビルド] WARN  o.a.m.s.f.DefaultMavenResourcesFiltering - Using platform encoding (UTF-8 actually) to copy filtered resources, i.e. build is platform dependent!
2025-09-12 04:27:29,935 [Worker-11: ビルド] INFO  o.a.m.s.f.DefaultMavenResourcesFiltering - Copying 1 resource from src\main\resources to target\classes
2025-09-12 04:27:29,939 [Worker-11: ビルド] WARN  o.a.m.s.f.DefaultMavenResourcesFiltering - Using platform encoding (UTF-8 actually) to copy filtered resources, i.e. build is platform dependent!
2025-09-12 04:27:29,939 [Worker-11: ビルド] INFO  o.a.m.s.f.DefaultMavenResourcesFiltering - skip non existing resourceDirectory C:\pleiades\2024-12\workspace\IH13AXX_JV31_29_05\src\test\resources
2025-09-12 04:28:24,199 [Worker-8: ビルド] INFO  o.e.m.c.i.l.LifecycleMappingFactory - Using org.maven.ide.eclipse.wtp.WarLifecycleMapping lifecycle mapping for MavenProject: com.example:IH13A18_JV31_29_05:1.0-SNAPSHOT @ C:\pleiades\2024-12\workspace\IH13A18_JV31_29_05\pom.xml.
2025-09-12 04:28:24,406 [Worker-8: ビルド] INFO  o.e.m.c.i.e.AbstractTransferListenerAdapter - Downloading https://repo.maven.apache.org/maven2/mysql/mysql-connector-java/5.1.49/mysql-connector-java-5.1.49.pom
2025-09-12 04:28:24,412 [Worker-8: ビルド] INFO  o.e.m.c.i.e.AbstractTransferListenerAdapter - Downloaded https://repo.maven.apache.org/maven2/mysql/mysql-connector-java/5.1.49/mysql-connector-java-5.1.49.pom
2025-09-12 04:28:24,498 [Worker-8: ビルド] INFO  o.e.m.c.i.e.AbstractTransferListenerAdapter - Downloading https://repo.maven.apache.org/maven2/mysql/mysql-connector-java/5.1.49/mysql-connector-java-5.1.49.jar
2025-09-12 04:28:24,999 [Worker-8: ビルド] INFO  o.e.m.c.i.e.AbstractTransferListenerAdapter - Downloaded https://repo.maven.apache.org/maven2/mysql/mysql-connector-java/5.1.49/mysql-connector-java-5.1.49.jar
2025-09-12 04:28:25,045 [Worker-8: ビルド] WARN  o.a.m.s.f.DefaultMavenResourcesFiltering - Using platform encoding (UTF-8 actually) to copy filtered resources, i.e. build is platform dependent!
2025-09-12 04:28:25,046 [Worker-8: ビルド] INFO  o.a.m.s.f.DefaultMavenResourcesFiltering - Copying 0 resource from src\main\resources to target\classes
2025-09-12 04:28:25,047 [Worker-8: ビルド] WARN  o.a.m.s.f.DefaultMavenResourcesFiltering - Using platform encoding (UTF-8 actually) to copy filtered resources, i.e. build is platform dependent!
2025-09-12 04:28:25,047 [Worker-8: ビルド] INFO  o.a.m.s.f.DefaultMavenResourcesFiltering - skip non existing resourceDirectory C:\pleiades\2024-12\workspace\IH13A18_JV31_29_05\src\test\resources
2025-09-12 04:28:25,303 [Worker-7: ビルド] INFO  o.e.m.c.i.l.LifecycleMappingFactory - Using org.maven.ide.eclipse.wtp.WarLifecycleMapping lifecycle mapping for MavenProject: com.example:IH13A18_JV31_29_05:1.0-SNAPSHOT @ C:\pleiades\2024-12\workspace\IH13A18_JV31_29_05\pom.xml.
2025-09-12 04:28:25,410 [Worker-7: ビルド] WARN  o.a.m.s.f.DefaultMavenResourcesFiltering - Using platform encoding (UTF-8 actually) to copy filtered resources, i.e. build is platform dependent!
2025-09-12 04:28:25,412 [Worker-7: ビルド] INFO  o.a.m.s.f.DefaultMavenResourcesFiltering - Copying 1 resource from src\main\resources to target\classes
2025-09-12 04:28:25,415 [Worker-7: ビルド] WARN  o.a.m.s.f.DefaultMavenResourcesFiltering - Using platform encoding (UTF-8 actually) to copy filtered resources, i.e. build is platform dependent!
2025-09-12 04:28:25,415 [Worker-7: ビルド] INFO  o.a.m.s.f.DefaultMavenResourcesFiltering - skip non existing resourceDirectory C:\pleiades\2024-12\workspace\IH13A18_JV31_29_05\src\test\resources
2025-09-12 04:29:26,790 [Worker-0: ビルド] WARN  o.a.m.s.f.DefaultMavenResourcesFiltering - Using platform encoding (UTF-8 actually) to copy filtered resources, i.e. build is platform dependent!
2025-09-12 04:29:26,791 [Worker-0: ビルド] INFO  o.a.m.s.f.DefaultMavenResourcesFiltering - Copying 0 resource from src\main\resources to target\classes
2025-09-12 04:29:26,793 [Worker-0: ビルド] WARN  o.a.m.s.f.DefaultMavenResourcesFiltering - Using platform encoding (UTF-8 actually) to copy filtered resources, i.e. build is platform dependent!
2025-09-12 04:29:26,793 [Worker-0: ビルド] INFO  o.a.m.s.f.DefaultMavenResourcesFiltering - skip non existing resourceDirectory C:\pleiades\2024-12\workspace\IH13A18_JV31_29_05\src\test\resources
2025-09-12 04:29:41,522 [Worker-8: ビルド] WARN  o.a.m.s.f.DefaultMavenResourcesFiltering - Using platform encoding (UTF-8 actually) to copy filtered resources, i.e. build is platform dependent!
2025-09-12 04:29:41,523 [Worker-8: ビルド] INFO  o.a.m.s.f.DefaultMavenResourcesFiltering - Copying 1 resource from src\main\resources to target\classes
2025-09-12 04:29:41,525 [Worker-8: ビルド] WARN  o.a.m.s.f.DefaultMavenResourcesFiltering - Using platform encoding (UTF-8 actually) to copy filtered resources, i.e. build is platform dependent!
2025-09-12 04:29:41,525 [Worker-8: ビルド] INFO  o.a.m.s.f.DefaultMavenResourcesFiltering - skip non existing resourceDirectory C:\pleiades\2024-12\workspace\IH13A18_JV31_29_05\src\test\resources
2025-09-12 04:31:00,828 [Worker-0: ビルド] INFO  o.e.m.c.i.l.LifecycleMappingFactory - Using org.maven.ide.eclipse.wtp.WarLifecycleMapping lifecycle mapping for MavenProject: com.example:IH13A18_JV31_29_05:1.0-SNAPSHOT @ C:\pleiades\2024-12\workspace\IH13A18_JV31_29_05\pom.xml.
2025-09-12 04:31:00,912 [Worker-0: ビルド] WARN  o.a.m.s.f.DefaultMavenResourcesFiltering - Using platform encoding (UTF-8 actually) to copy filtered resources, i.e. build is platform dependent!
2025-09-12 04:31:00,913 [Worker-0: ビルド] INFO  o.a.m.s.f.DefaultMavenResourcesFiltering - Copying 0 resource from src\main\resources to target\classes
2025-09-12 04:31:00,914 [Worker-0: ビルド] WARN  o.a.m.s.f.DefaultMavenResourcesFiltering - Using platform encoding (UTF-8 actually) to copy filtered resources, i.e. build is platform dependent!
2025-09-12 04:31:00,915 [Worker-0: ビルド] INFO  o.a.m.s.f.DefaultMavenResourcesFiltering - skip non existing resourceDirectory C:\pleiades\2024-12\workspace\IH13A18_JV31_29_05\src\test\resources
2025-09-12 04:31:00,916 [Worker-0: ビルド] INFO  o.e.m.w.i.f.ResourceFilteringBuildParticipant - Changed resources require a complete clean of filtered resources of IH13A18_JV31_29_05
2025-09-12 04:31:00,916 [Worker-0: ビルド] INFO  o.e.m.w.i.f.ResourceFilteringBuildParticipant - Executing resource filtering for IH13A18_JV31_29_05
2025-09-12 04:32:11,306 [Worker-6: ビルド] WARN  o.a.m.s.f.DefaultMavenResourcesFiltering - Using platform encoding (UTF-8 actually) to copy filtered resources, i.e. build is platform dependent!
2025-09-12 04:32:11,307 [Worker-6: ビルド] INFO  o.a.m.s.f.DefaultMavenResourcesFiltering - Copying 1 resource from src\main\resources to target\classes
2025-09-12 04:32:11,308 [Worker-6: ビルド] WARN  o.a.m.s.f.DefaultMavenResourcesFiltering - Using platform encoding (UTF-8 actually) to copy filtered resources, i.e. build is platform dependent!
2025-09-12 04:32:11,309 [Worker-6: ビルド] INFO  o.a.m.s.f.DefaultMavenResourcesFiltering - skip non existing resourceDirectory C:\pleiades\2024-12\workspace\IH13A18_JV31_29_05\src\test\resources
2025-09-12 04:32:15,396 [Worker-9: ビルド] WARN  o.a.m.s.f.DefaultMavenResourcesFiltering - Using platform encoding (UTF-8 actually) to copy filtered resources, i.e. build is platform dependent!
2025-09-12 04:32:15,397 [Worker-9: ビルド] INFO  o.a.m.s.f.DefaultMavenResourcesFiltering - Copying 1 resource from src\main\resources to target\classes
2025-09-12 04:32:15,398 [Worker-9: ビルド] WARN  o.a.m.s.f.DefaultMavenResourcesFiltering - Using platform encoding (UTF-8 actually) to copy filtered resources, i.e. build is platform dependent!
2025-09-12 04:32:15,398 [Worker-9: ビルド] INFO  o.a.m.s.f.DefaultMavenResourcesFiltering - skip non existing resourceDirectory C:\pleiades\2024-12\workspace\IH13A18_JV31_29_05\src\test\resources
2025-09-12 04:43:44,529 [Worker-12: ビルド] WARN  o.a.m.s.f.DefaultMavenResourcesFiltering - Using platform encoding (UTF-8 actually) to copy filtered resources, i.e. build is platform dependent!
2025-09-12 04:43:44,530 [Worker-12: ビルド] INFO  o.a.m.s.f.DefaultMavenResourcesFiltering - Copying 1 resource from src\main\resources to target\classes
2025-09-12 04:43:44,531 [Worker-12: ビルド] WARN  o.a.m.s.f.DefaultMavenResourcesFiltering - Using platform encoding (UTF-8 actually) to copy filtered resources, i.e. build is platform dependent!
2025-09-12 04:43:44,531 [Worker-12: ビルド] INFO  o.a.m.s.f.DefaultMavenResourcesFiltering - skip non existing resourceDirectory C:\pleiades\2024-12\workspace\IH13A18_JV31_29_05\src\test\resources
2025-09-12 04:44:07,198 [Worker-14: ビルド] WARN  o.a.m.s.f.DefaultMavenResourcesFiltering - Using platform encoding (UTF-8 actually) to copy filtered resources, i.e. build is platform dependent!
2025-09-12 04:44:07,199 [Worker-14: ビルド] INFO  o.a.m.s.f.DefaultMavenResourcesFiltering - Copying 1 resource from src\main\resources to target\classes
2025-09-12 04:44:07,200 [Worker-14: ビルド] WARN  o.a.m.s.f.DefaultMavenResourcesFiltering - Using platform encoding (UTF-8 actually) to copy filtered resources, i.e. build is platform dependent!
2025-09-12 04:44:07,200 [Worker-14: ビルド] INFO  o.a.m.s.f.DefaultMavenResourcesFiltering - skip non existing resourceDirectory C:\pleiades\2024-12\workspace\IH13A18_JV31_29_05\src\test\resources
2025-09-12 04:44:54,340 [Worker-11: ビルド] WARN  o.a.m.s.f.DefaultMavenResourcesFiltering - Using platform encoding (UTF-8 actually) to copy filtered resources, i.e. build is platform dependent!
2025-09-12 04:44:54,341 [Worker-11: ビルド] INFO  o.a.m.s.f.DefaultMavenResourcesFiltering - Copying 1 resource from src\main\resources to target\classes
2025-09-12 04:44:54,344 [Worker-11: ビルド] WARN  o.a.m.s.f.DefaultMavenResourcesFiltering - Using platform encoding (UTF-8 actually) to copy filtered resources, i.e. build is platform dependent!
2025-09-12 04:44:54,345 [Worker-11: ビルド] INFO  o.a.m.s.f.DefaultMavenResourcesFiltering - skip non existing resourceDirectory C:\pleiades\2024-12\workspace\IH13A18_JV31_29_05\src\test\resources
2025-09-12 04:45:32,131 [Worker-4: ビルド] WARN  o.a.m.s.f.DefaultMavenResourcesFiltering - Using platform encoding (UTF-8 actually) to copy filtered resources, i.e. build is platform dependent!
2025-09-12 04:45:32,132 [Worker-4: ビルド] INFO  o.a.m.s.f.DefaultMavenResourcesFiltering - Copying 1 resource from src\main\resources to target\classes
2025-09-12 04:45:32,134 [Worker-4: ビルド] WARN  o.a.m.s.f.DefaultMavenResourcesFiltering - Using platform encoding (UTF-8 actually) to copy filtered resources, i.e. build is platform dependent!
2025-09-12 04:45:32,134 [Worker-4: ビルド] INFO  o.a.m.s.f.DefaultMavenResourcesFiltering - skip non existing resourceDirectory C:\pleiades\2024-12\workspace\IH13A18_JV31_29_05\src\test\resources
2025-09-12 04:45:51,260 [Worker-12: ビルド] WARN  o.a.m.s.f.DefaultMavenResourcesFiltering - Using platform encoding (UTF-8 actually) to copy filtered resources, i.e. build is platform dependent!
2025-09-12 04:45:51,261 [Worker-12: ビルド] INFO  o.a.m.s.f.DefaultMavenResourcesFiltering - Copying 1 resource from src\main\resources to target\classes
2025-09-12 04:45:51,263 [Worker-12: ビルド] WARN  o.a.m.s.f.DefaultMavenResourcesFiltering - Using platform encoding (UTF-8 actually) to copy filtered resources, i.e. build is platform dependent!
2025-09-12 04:45:51,264 [Worker-12: ビルド] INFO  o.a.m.s.f.DefaultMavenResourcesFiltering - skip non existing resourceDirectory C:\pleiades\2024-12\workspace\IH13A18_JV31_29_05\src\test\resources
2025-09-12 04:50:41,879 [Worker-13: Maven プロジェクトの更新中] INFO  o.e.m.c.i.p.ProjectConfigurationManager - Update started
2025-09-12 04:50:41,907 [Worker-13: Maven プロジェクトの更新中] INFO  o.e.m.c.i.l.LifecycleMappingFactory - Using org.maven.ide.eclipse.wtp.WarLifecycleMapping lifecycle mapping for MavenProject: com.example:IH13A18_JV31_29_05:1.0-SNAPSHOT @ C:\pleiades\2024-12\workspace\IH13A18_JV31_29_05\pom.xml.
2025-09-12 04:50:42,298 [Worker-13: Maven プロジェクトの更新中] INFO  o.e.m.j.i.AbstractJavaProjectConfigurator - Adding source folder /IH13A18_JV31_29_05/src/main/java
2025-09-12 04:50:42,299 [Worker-13: Maven プロジェクトの更新中] INFO  o.e.m.j.i.AbstractJavaProjectConfigurator - Adding resource folder /IH13A18_JV31_29_05/src/main/resources
2025-09-12 04:50:42,300 [Worker-13: Maven プロジェクトの更新中] INFO  o.e.m.j.i.AbstractJavaProjectConfigurator - Adding source folder /IH13A18_JV31_29_05/src/test/java
2025-09-12 04:50:42,300 [Worker-13: Maven プロジェクトの更新中] INFO  o.e.m.j.i.AbstractJavaProjectConfigurator - Adding resource folder /IH13A18_JV31_29_05/src/test/resources
2025-09-12 04:50:42,454 [Worker-13: Maven プロジェクトの更新中] INFO  o.e.m.w.i.f.ResourceFilteringBuildParticipant - Cleaning filtered folder for IH13A18_JV31_29_05
2025-09-12 04:50:42,458 [Worker-13: Maven プロジェクトの更新中] INFO  o.e.m.c.i.p.ProjectConfigurationManager - Update completed for 1 poms: local refresh takes 0.00 sec, refresh facades takes 0.00 sec, update config takes 0.00 sec 
2025-09-12 04:50:42,599 [Worker-6: ビルド] WARN  o.a.m.s.f.DefaultMavenResourcesFiltering - Using platform encoding (UTF-8 actually) to copy filtered resources, i.e. build is platform dependent!
2025-09-12 04:50:42,600 [Worker-6: ビルド] INFO  o.a.m.s.f.DefaultMavenResourcesFiltering - Copying 1 resource from src\main\resources to target\classes
2025-09-12 04:50:42,602 [Worker-6: ビルド] WARN  o.a.m.s.f.DefaultMavenResourcesFiltering - Using platform encoding (UTF-8 actually) to copy filtered resources, i.e. build is platform dependent!
2025-09-12 04:50:42,603 [Worker-6: ビルド] INFO  o.a.m.s.f.DefaultMavenResourcesFiltering - skip non existing resourceDirectory C:\pleiades\2024-12\workspace\IH13A18_JV31_29_05\src\test\resources
2025-09-12 04:50:42,603 [Worker-6: ビルド] INFO  o.e.m.w.i.f.ResourceFilteringBuildParticipant - Changed resources require a complete clean of filtered resources of IH13A18_JV31_29_05
2025-09-12 04:50:42,603 [Worker-6: ビルド] INFO  o.e.m.w.i.f.ResourceFilteringBuildParticipant - Executing resource filtering for IH13A18_JV31_29_05
2025-09-12 04:58:53,414 [Worker-12: ビルド] WARN  o.a.m.s.f.DefaultMavenResourcesFiltering - Using platform encoding (UTF-8 actually) to copy filtered resources, i.e. build is platform dependent!
2025-09-12 04:58:53,415 [Worker-12: ビルド] INFO  o.a.m.s.f.DefaultMavenResourcesFiltering - Copying 0 resource from src\main\resources to target\classes
2025-09-12 04:58:53,417 [Worker-12: ビルド] WARN  o.a.m.s.f.DefaultMavenResourcesFiltering - Using platform encoding (UTF-8 actually) to copy filtered resources, i.e. build is platform dependent!
2025-09-12 04:58:53,417 [Worker-12: ビルド] INFO  o.a.m.s.f.DefaultMavenResourcesFiltering - skip non existing resourceDirectory C:\pleiades\2024-12\workspace\IH13A18_JV31_29_05\src\test\resources
2025-09-12 04:58:54,426 [Worker-7: ビルド] WARN  o.a.m.s.f.DefaultMavenResourcesFiltering - Using platform encoding (UTF-8 actually) to copy filtered resources, i.e. build is platform dependent!
2025-09-12 04:58:54,428 [Worker-7: ビルド] INFO  o.a.m.s.f.DefaultMavenResourcesFiltering - Copying 1 resource from src\main\resources to target\classes
2025-09-12 04:58:54,429 [Worker-7: ビルド] WARN  o.a.m.s.f.DefaultMavenResourcesFiltering - Using platform encoding (UTF-8 actually) to copy filtered resources, i.e. build is platform dependent!
2025-09-12 04:58:54,429 [Worker-7: ビルド] INFO  o.a.m.s.f.DefaultMavenResourcesFiltering - skip non existing resourceDirectory C:\pleiades\2024-12\workspace\IH13A18_JV31_29_05\src\test\resources
2025-09-12 05:01:39,975 [Worker-12: ビルド] WARN  o.a.m.s.f.DefaultMavenResourcesFiltering - Using platform encoding (UTF-8 actually) to copy filtered resources, i.e. build is platform dependent!
2025-09-12 05:01:39,976 [Worker-12: ビルド] INFO  o.a.m.s.f.DefaultMavenResourcesFiltering - Copying 1 resource from src\main\resources to target\classes
2025-09-12 05:01:39,977 [Worker-12: ビルド] WARN  o.a.m.s.f.DefaultMavenResourcesFiltering - Using platform encoding (UTF-8 actually) to copy filtered resources, i.e. build is platform dependent!
2025-09-12 05:01:39,977 [Worker-12: ビルド] INFO  o.a.m.s.f.DefaultMavenResourcesFiltering - skip non existing resourceDirectory C:\pleiades\2024-12\workspace\IH13A18_JV31_29_05\src\test\resources
2025-09-12 05:01:53,349 [Worker-12: ビルド] INFO  o.e.m.c.i.l.LifecycleMappingFactory - Using org.maven.ide.eclipse.wtp.WarLifecycleMapping lifecycle mapping for MavenProject: com.example:IH13A18_JV31_29_05:1.0-SNAPSHOT @ C:\pleiades\2024-12\workspace\IH13A18_JV31_29_05\pom.xml.
2025-09-12 05:01:53,464 [Worker-12: ビルド] WARN  o.a.m.s.f.DefaultMavenResourcesFiltering - Using platform encoding (UTF-8 actually) to copy filtered resources, i.e. build is platform dependent!
2025-09-12 05:01:53,466 [Worker-12: ビルド] INFO  o.a.m.s.f.DefaultMavenResourcesFiltering - Copying 1 resource from src\main\resources to target\classes
2025-09-12 05:01:53,468 [Worker-12: ビルド] WARN  o.a.m.s.f.DefaultMavenResourcesFiltering - Using platform encoding (UTF-8 actually) to copy filtered resources, i.e. build is platform dependent!
2025-09-12 05:01:53,468 [Worker-12: ビルド] INFO  o.a.m.s.f.DefaultMavenResourcesFiltering - skip non existing resourceDirectory C:\pleiades\2024-12\workspace\IH13A18_JV31_29_05\src\test\resources
2025-09-12 05:01:53,468 [Worker-12: ビルド] INFO  o.e.m.w.i.f.ResourceFilteringBuildParticipant - Changed resources require a complete clean of filtered resources of IH13A18_JV31_29_05
2025-09-12 05:01:53,468 [Worker-12: ビルド] INFO  o.e.m.w.i.f.ResourceFilteringBuildParticipant - Executing resource filtering for IH13A18_JV31_29_05
2025-09-12 05:02:36,686 [Worker-11: ビルド] WARN  o.a.m.s.f.DefaultMavenResourcesFiltering - Using platform encoding (UTF-8 actually) to copy filtered resources, i.e. build is platform dependent!
2025-09-12 05:02:36,687 [Worker-11: ビルド] INFO  o.a.m.s.f.DefaultMavenResourcesFiltering - Copying 1 resource from src\main\resources to target\classes
2025-09-12 05:02:36,688 [Worker-11: ビルド] WARN  o.a.m.s.f.DefaultMavenResourcesFiltering - Using platform encoding (UTF-8 actually) to copy filtered resources, i.e. build is platform dependent!
2025-09-12 05:02:36,689 [Worker-11: ビルド] INFO  o.a.m.s.f.DefaultMavenResourcesFiltering - skip non existing resourceDirectory C:\pleiades\2024-12\workspace\IH13A18_JV31_29_05\src\test\resources
2025-09-12 05:03:52,198 [Worker-7: ビルド] WARN  o.a.m.s.f.DefaultMavenResourcesFiltering - Using platform encoding (UTF-8 actually) to copy filtered resources, i.e. build is platform dependent!
2025-09-12 05:03:52,199 [Worker-7: ビルド] INFO  o.a.m.s.f.DefaultMavenResourcesFiltering - Copying 1 resource from src\main\resources to target\classes
2025-09-12 05:03:52,201 [Worker-7: ビルド] WARN  o.a.m.s.f.DefaultMavenResourcesFiltering - Using platform encoding (UTF-8 actually) to copy filtered resources, i.e. build is platform dependent!
2025-09-12 05:03:52,201 [Worker-7: ビルド] INFO  o.a.m.s.f.DefaultMavenResourcesFiltering - skip non existing resourceDirectory C:\pleiades\2024-12\workspace\IH13A18_JV31_29_05\src\test\resources
2025-09-12 05:04:04,830 [Worker-11: ビルド] WARN  o.a.m.s.f.DefaultMavenResourcesFiltering - Using platform encoding (UTF-8 actually) to copy filtered resources, i.e. build is platform dependent!
2025-09-12 05:04:04,831 [Worker-11: ビルド] INFO  o.a.m.s.f.DefaultMavenResourcesFiltering - Copying 1 resource from src\main\resources to target\classes
2025-09-12 05:04:04,832 [Worker-11: ビルド] WARN  o.a.m.s.f.DefaultMavenResourcesFiltering - Using platform encoding (UTF-8 actually) to copy filtered resources, i.e. build is platform dependent!
2025-09-12 05:04:04,833 [Worker-11: ビルド] INFO  o.a.m.s.f.DefaultMavenResourcesFiltering - skip non existing resourceDirectory C:\pleiades\2024-12\workspace\IH13A18_JV31_29_05\src\test\resources
2025-09-12 05:04:13,080 [Worker-6: ビルド] WARN  o.a.m.s.f.DefaultMavenResourcesFiltering - Using platform encoding (UTF-8 actually) to copy filtered resources, i.e. build is platform dependent!
2025-09-12 05:04:13,081 [Worker-6: ビルド] INFO  o.a.m.s.f.DefaultMavenResourcesFiltering - Copying 1 resource from src\main\resources to target\classes
2025-09-12 05:04:13,082 [Worker-6: ビルド] WARN  o.a.m.s.f.DefaultMavenResourcesFiltering - Using platform encoding (UTF-8 actually) to copy filtered resources, i.e. build is platform dependent!
2025-09-12 05:04:13,083 [Worker-6: ビルド] INFO  o.a.m.s.f.DefaultMavenResourcesFiltering - skip non existing resourceDirectory C:\pleiades\2024-12\workspace\IH13A18_JV31_29_05\src\test\resources
2025-09-12 05:04:15,965 [Worker-0: ビルド] WARN  o.a.m.s.f.DefaultMavenResourcesFiltering - Using platform encoding (UTF-8 actually) to copy filtered resources, i.e. build is platform dependent!
2025-09-12 05:04:15,966 [Worker-0: ビルド] INFO  o.a.m.s.f.DefaultMavenResourcesFiltering - Copying 1 resource from src\main\resources to target\classes
2025-09-12 05:04:15,967 [Worker-0: ビルド] WARN  o.a.m.s.f.DefaultMavenResourcesFiltering - Using platform encoding (UTF-8 actually) to copy filtered resources, i.e. build is platform dependent!
2025-09-12 05:04:15,968 [Worker-0: ビルド] INFO  o.a.m.s.f.DefaultMavenResourcesFiltering - skip non existing resourceDirectory C:\pleiades\2024-12\workspace\IH13A18_JV31_29_05\src\test\resources
2025-09-12 05:04:18,438 [Worker-2: ビルド] WARN  o.a.m.s.f.DefaultMavenResourcesFiltering - Using platform encoding (UTF-8 actually) to copy filtered resources, i.e. build is platform dependent!
2025-09-12 05:04:18,439 [Worker-2: ビルド] INFO  o.a.m.s.f.DefaultMavenResourcesFiltering - Copying 1 resource from src\main\resources to target\classes
2025-09-12 05:04:18,441 [Worker-2: ビルド] WARN  o.a.m.s.f.DefaultMavenResourcesFiltering - Using platform encoding (UTF-8 actually) to copy filtered resources, i.e. build is platform dependent!
2025-09-12 05:04:18,441 [Worker-2: ビルド] INFO  o.a.m.s.f.DefaultMavenResourcesFiltering - skip non existing resourceDirectory C:\pleiades\2024-12\workspace\IH13A18_JV31_29_05\src\test\resources
2025-09-12 05:07:39,080 [Worker-6: ビルド] WARN  o.a.m.s.f.DefaultMavenResourcesFiltering - Using platform encoding (UTF-8 actually) to copy filtered resources, i.e. build is platform dependent!
2025-09-12 05:07:39,081 [Worker-6: ビルド] INFO  o.a.m.s.f.DefaultMavenResourcesFiltering - Copying 1 resource from src\main\resources to target\classes
2025-09-12 05:07:39,082 [Worker-6: ビルド] WARN  o.a.m.s.f.DefaultMavenResourcesFiltering - Using platform encoding (UTF-8 actually) to copy filtered resources, i.e. build is platform dependent!
2025-09-12 05:07:39,082 [Worker-6: ビルド] INFO  o.a.m.s.f.DefaultMavenResourcesFiltering - skip non existing resourceDirectory C:\pleiades\2024-12\workspace\IH13A18_JV31_29_05\src\test\resources
2025-09-12 05:09:19,631 [Worker-6: ビルド] WARN  o.a.m.s.f.DefaultMavenResourcesFiltering - Using platform encoding (UTF-8 actually) to copy filtered resources, i.e. build is platform dependent!
2025-09-12 05:09:19,632 [Worker-6: ビルド] INFO  o.a.m.s.f.DefaultMavenResourcesFiltering - Copying 1 resource from src\main\resources to target\classes
2025-09-12 05:09:19,634 [Worker-6: ビルド] WARN  o.a.m.s.f.DefaultMavenResourcesFiltering - Using platform encoding (UTF-8 actually) to copy filtered resources, i.e. build is platform dependent!
2025-09-12 05:09:19,634 [Worker-6: ビルド] INFO  o.a.m.s.f.DefaultMavenResourcesFiltering - skip non existing resourceDirectory C:\pleiades\2024-12\workspace\IH13A18_JV31_29_05\src\test\resources
2025-09-12 05:09:27,673 [Worker-6: ビルド] WARN  o.a.m.s.f.DefaultMavenResourcesFiltering - Using platform encoding (UTF-8 actually) to copy filtered resources, i.e. build is platform dependent!
2025-09-12 05:09:27,674 [Worker-6: ビルド] INFO  o.a.m.s.f.DefaultMavenResourcesFiltering - Copying 1 resource from src\main\resources to target\classes
2025-09-12 05:09:27,676 [Worker-6: ビルド] WARN  o.a.m.s.f.DefaultMavenResourcesFiltering - Using platform encoding (UTF-8 actually) to copy filtered resources, i.e. build is platform dependent!
2025-09-12 05:09:27,676 [Worker-6: ビルド] INFO  o.a.m.s.f.DefaultMavenResourcesFiltering - skip non existing resourceDirectory C:\pleiades\2024-12\workspace\IH13A18_JV31_29_05\src\test\resources
2025-09-12 05:09:29,707 [Worker-12: ビルド] WARN  o.a.m.s.f.DefaultMavenResourcesFiltering - Using platform encoding (UTF-8 actually) to copy filtered resources, i.e. build is platform dependent!
2025-09-12 05:09:29,708 [Worker-12: ビルド] INFO  o.a.m.s.f.DefaultMavenResourcesFiltering - Copying 1 resource from src\main\resources to target\classes
2025-09-12 05:09:29,709 [Worker-12: ビルド] WARN  o.a.m.s.f.DefaultMavenResourcesFiltering - Using platform encoding (UTF-8 actually) to copy filtered resources, i.e. build is platform dependent!
2025-09-12 05:09:29,710 [Worker-12: ビルド] INFO  o.a.m.s.f.DefaultMavenResourcesFiltering - skip non existing resourceDirectory C:\pleiades\2024-12\workspace\IH13A18_JV31_29_05\src\test\resources
2025-09-12 05:09:30,894 [Worker-11: ビルド] WARN  o.a.m.s.f.DefaultMavenResourcesFiltering - Using platform encoding (UTF-8 actually) to copy filtered resources, i.e. build is platform dependent!
2025-09-12 05:09:30,895 [Worker-11: ビルド] INFO  o.a.m.s.f.DefaultMavenResourcesFiltering - Copying 1 resource from src\main\resources to target\classes
2025-09-12 05:09:30,896 [Worker-11: ビルド] WARN  o.a.m.s.f.DefaultMavenResourcesFiltering - Using platform encoding (UTF-8 actually) to copy filtered resources, i.e. build is platform dependent!
2025-09-12 05:09:30,896 [Worker-11: ビルド] INFO  o.a.m.s.f.DefaultMavenResourcesFiltering - skip non existing resourceDirectory C:\pleiades\2024-12\workspace\IH13A18_JV31_29_05\src\test\resources
2025-09-12 05:09:31,921 [Worker-2: ビルド] WARN  o.a.m.s.f.DefaultMavenResourcesFiltering - Using platform encoding (UTF-8 actually) to copy filtered resources, i.e. build is platform dependent!
2025-09-12 05:09:31,922 [Worker-2: ビルド] INFO  o.a.m.s.f.DefaultMavenResourcesFiltering - Copying 1 resource from src\main\resources to target\classes
2025-09-12 05:09:31,923 [Worker-2: ビルド] WARN  o.a.m.s.f.DefaultMavenResourcesFiltering - Using platform encoding (UTF-8 actually) to copy filtered resources, i.e. build is platform dependent!
2025-09-12 05:09:31,923 [Worker-2: ビルド] INFO  o.a.m.s.f.DefaultMavenResourcesFiltering - skip non existing resourceDirectory C:\pleiades\2024-12\workspace\IH13A18_JV31_29_05\src\test\resources
2025-09-12 05:09:57,340 [Worker-13: ビルド] WARN  o.a.m.s.f.DefaultMavenResourcesFiltering - Using platform encoding (UTF-8 actually) to copy filtered resources, i.e. build is platform dependent!
2025-09-12 05:09:57,340 [Worker-13: ビルド] INFO  o.a.m.s.f.DefaultMavenResourcesFiltering - Copying 1 resource from src\main\resources to target\classes
2025-09-12 05:09:57,342 [Worker-13: ビルド] WARN  o.a.m.s.f.DefaultMavenResourcesFiltering - Using platform encoding (UTF-8 actually) to copy filtered resources, i.e. build is platform dependent!
2025-09-12 05:09:57,342 [Worker-13: ビルド] INFO  o.a.m.s.f.DefaultMavenResourcesFiltering - skip non existing resourceDirectory C:\pleiades\2024-12\workspace\IH13A18_JV31_29_05\src\test\resources
2025-09-12 05:09:59,422 [Worker-7: ビルド] WARN  o.a.m.s.f.DefaultMavenResourcesFiltering - Using platform encoding (UTF-8 actually) to copy filtered resources, i.e. build is platform dependent!
2025-09-12 05:09:59,423 [Worker-7: ビルド] INFO  o.a.m.s.f.DefaultMavenResourcesFiltering - Copying 1 resource from src\main\resources to target\classes
2025-09-12 05:09:59,425 [Worker-7: ビルド] WARN  o.a.m.s.f.DefaultMavenResourcesFiltering - Using platform encoding (UTF-8 actually) to copy filtered resources, i.e. build is platform dependent!
2025-09-12 05:09:59,425 [Worker-7: ビルド] INFO  o.a.m.s.f.DefaultMavenResourcesFiltering - skip non existing resourceDirectory C:\pleiades\2024-12\workspace\IH13A18_JV31_29_05\src\test\resources
2025-09-12 05:10:25,037 [Worker-11: ビルド] WARN  o.a.m.s.f.DefaultMavenResourcesFiltering - Using platform encoding (UTF-8 actually) to copy filtered resources, i.e. build is platform dependent!
2025-09-12 05:10:25,038 [Worker-11: ビルド] INFO  o.a.m.s.f.DefaultMavenResourcesFiltering - Copying 1 resource from src\main\resources to target\classes
2025-09-12 05:10:25,040 [Worker-11: ビルド] WARN  o.a.m.s.f.DefaultMavenResourcesFiltering - Using platform encoding (UTF-8 actually) to copy filtered resources, i.e. build is platform dependent!
2025-09-12 05:10:25,040 [Worker-11: ビルド] INFO  o.a.m.s.f.DefaultMavenResourcesFiltering - skip non existing resourceDirectory C:\pleiades\2024-12\workspace\IH13A18_JV31_29_05\src\test\resources
2025-09-12 05:10:48,898 [Worker-2: ビルド] WARN  o.a.m.s.f.DefaultMavenResourcesFiltering - Using platform encoding (UTF-8 actually) to copy filtered resources, i.e. build is platform dependent!
2025-09-12 05:10:48,899 [Worker-2: ビルド] INFO  o.a.m.s.f.DefaultMavenResourcesFiltering - Copying 1 resource from src\main\resources to target\classes
2025-09-12 05:10:48,900 [Worker-2: ビルド] WARN  o.a.m.s.f.DefaultMavenResourcesFiltering - Using platform encoding (UTF-8 actually) to copy filtered resources, i.e. build is platform dependent!
2025-09-12 05:10:48,901 [Worker-2: ビルド] INFO  o.a.m.s.f.DefaultMavenResourcesFiltering - skip non existing resourceDirectory C:\pleiades\2024-12\workspace\IH13A18_JV31_29_05\src\test\resources
2025-09-12 05:11:05,788 [Worker-4: ビルド] WARN  o.a.m.s.f.DefaultMavenResourcesFiltering - Using platform encoding (UTF-8 actually) to copy filtered resources, i.e. build is platform dependent!
2025-09-12 05:11:05,789 [Worker-4: ビルド] INFO  o.a.m.s.f.DefaultMavenResourcesFiltering - Copying 1 resource from src\main\resources to target\classes
2025-09-12 05:11:05,790 [Worker-4: ビルド] WARN  o.a.m.s.f.DefaultMavenResourcesFiltering - Using platform encoding (UTF-8 actually) to copy filtered resources, i.e. build is platform dependent!
2025-09-12 05:11:05,791 [Worker-4: ビルド] INFO  o.a.m.s.f.DefaultMavenResourcesFiltering - skip non existing resourceDirectory C:\pleiades\2024-12\workspace\IH13A18_JV31_29_05\src\test\resources
2025-09-12 05:11:25,622 [Worker-12: ビルド] WARN  o.a.m.s.f.DefaultMavenResourcesFiltering - Using platform encoding (UTF-8 actually) to copy filtered resources, i.e. build is platform dependent!
2025-09-12 05:11:25,623 [Worker-12: ビルド] INFO  o.a.m.s.f.DefaultMavenResourcesFiltering - Copying 1 resource from src\main\resources to target\classes
2025-09-12 05:11:25,624 [Worker-12: ビルド] WARN  o.a.m.s.f.DefaultMavenResourcesFiltering - Using platform encoding (UTF-8 actually) to copy filtered resources, i.e. build is platform dependent!
2025-09-12 05:11:25,624 [Worker-12: ビルド] INFO  o.a.m.s.f.DefaultMavenResourcesFiltering - skip non existing resourceDirectory C:\pleiades\2024-12\workspace\IH13A18_JV31_29_05\src\test\resources
2025-09-12 05:11:26,655 [Worker-6: ビルド] WARN  o.a.m.s.f.DefaultMavenResourcesFiltering - Using platform encoding (UTF-8 actually) to copy filtered resources, i.e. build is platform dependent!
2025-09-12 05:11:26,655 [Worker-6: ビルド] INFO  o.a.m.s.f.DefaultMavenResourcesFiltering - Copying 1 resource from src\main\resources to target\classes
2025-09-12 05:11:26,657 [Worker-6: ビルド] WARN  o.a.m.s.f.DefaultMavenResourcesFiltering - Using platform encoding (UTF-8 actually) to copy filtered resources, i.e. build is platform dependent!
2025-09-12 05:11:26,657 [Worker-6: ビルド] INFO  o.a.m.s.f.DefaultMavenResourcesFiltering - skip non existing resourceDirectory C:\pleiades\2024-12\workspace\IH13A18_JV31_29_05\src\test\resources
2025-09-12 05:11:49,490 [Worker-7: ビルド] WARN  o.a.m.s.f.DefaultMavenResourcesFiltering - Using platform encoding (UTF-8 actually) to copy filtered resources, i.e. build is platform dependent!
2025-09-12 05:11:49,491 [Worker-7: ビルド] INFO  o.a.m.s.f.DefaultMavenResourcesFiltering - Copying 1 resource from src\main\resources to target\classes
2025-09-12 05:11:49,492 [Worker-7: ビルド] WARN  o.a.m.s.f.DefaultMavenResourcesFiltering - Using platform encoding (UTF-8 actually) to copy filtered resources, i.e. build is platform dependent!
2025-09-12 05:11:49,492 [Worker-7: ビルド] INFO  o.a.m.s.f.DefaultMavenResourcesFiltering - skip non existing resourceDirectory C:\pleiades\2024-12\workspace\IH13A18_JV31_29_05\src\test\resources
2025-09-12 05:12:36,931 [Worker-15: ビルド] WARN  o.a.m.s.f.DefaultMavenResourcesFiltering - Using platform encoding (UTF-8 actually) to copy filtered resources, i.e. build is platform dependent!
2025-09-12 05:12:36,932 [Worker-15: ビルド] INFO  o.a.m.s.f.DefaultMavenResourcesFiltering - Copying 0 resource from src\main\resources to target\classes
2025-09-12 05:12:36,933 [Worker-15: ビルド] WARN  o.a.m.s.f.DefaultMavenResourcesFiltering - Using platform encoding (UTF-8 actually) to copy filtered resources, i.e. build is platform dependent!
2025-09-12 05:12:36,933 [Worker-15: ビルド] INFO  o.a.m.s.f.DefaultMavenResourcesFiltering - skip non existing resourceDirectory C:\pleiades\2024-12\workspace\IH13A18_JV31_29_05\src\test\resources
2025-09-12 05:13:41,715 [Worker-6: ビルド] WARN  o.a.m.s.f.DefaultMavenResourcesFiltering - Using platform encoding (UTF-8 actually) to copy filtered resources, i.e. build is platform dependent!
2025-09-12 05:13:41,716 [Worker-6: ビルド] INFO  o.a.m.s.f.DefaultMavenResourcesFiltering - Copying 0 resource from src\main\resources to target\classes
2025-09-12 05:13:41,717 [Worker-6: ビルド] WARN  o.a.m.s.f.DefaultMavenResourcesFiltering - Using platform encoding (UTF-8 actually) to copy filtered resources, i.e. build is platform dependent!
2025-09-12 05:13:41,717 [Worker-6: ビルド] INFO  o.a.m.s.f.DefaultMavenResourcesFiltering - skip non existing resourceDirectory C:\pleiades\2024-12\workspace\IH13A18_JV31_29_05\src\test\resources
2025-09-12 05:14:09,152 [Worker-12: ビルド] WARN  o.a.m.s.f.DefaultMavenResourcesFiltering - Using platform encoding (UTF-8 actually) to copy filtered resources, i.e. build is platform dependent!
2025-09-12 05:14:09,153 [Worker-12: ビルド] INFO  o.a.m.s.f.DefaultMavenResourcesFiltering - Copying 0 resource from src\main\resources to target\classes
2025-09-12 05:14:09,154 [Worker-12: ビルド] WARN  o.a.m.s.f.DefaultMavenResourcesFiltering - Using platform encoding (UTF-8 actually) to copy filtered resources, i.e. build is platform dependent!
2025-09-12 05:14:09,154 [Worker-12: ビルド] INFO  o.a.m.s.f.DefaultMavenResourcesFiltering - skip non existing resourceDirectory C:\pleiades\2024-12\workspace\IH13A18_JV31_29_05\src\test\resources
2025-09-12 05:14:34,804 [Worker-13: ビルド] WARN  o.a.m.s.f.DefaultMavenResourcesFiltering - Using platform encoding (UTF-8 actually) to copy filtered resources, i.e. build is platform dependent!
2025-09-12 05:14:34,805 [Worker-13: ビルド] INFO  o.a.m.s.f.DefaultMavenResourcesFiltering - Copying 0 resource from src\main\resources to target\classes
2025-09-12 05:14:34,806 [Worker-13: ビルド] WARN  o.a.m.s.f.DefaultMavenResourcesFiltering - Using platform encoding (UTF-8 actually) to copy filtered resources, i.e. build is platform dependent!
2025-09-12 05:14:34,806 [Worker-13: ビルド] INFO  o.a.m.s.f.DefaultMavenResourcesFiltering - skip non existing resourceDirectory C:\pleiades\2024-12\workspace\IH13A18_JV31_29_05\src\test\resources
2025-09-12 05:14:55,187 [Worker-4: ビルド] WARN  o.a.m.s.f.DefaultMavenResourcesFiltering - Using platform encoding (UTF-8 actually) to copy filtered resources, i.e. build is platform dependent!
2025-09-12 05:14:55,189 [Worker-4: ビルド] INFO  o.a.m.s.f.DefaultMavenResourcesFiltering - Copying 0 resource from src\main\resources to target\classes
2025-09-12 05:14:55,190 [Worker-4: ビルド] WARN  o.a.m.s.f.DefaultMavenResourcesFiltering - Using platform encoding (UTF-8 actually) to copy filtered resources, i.e. build is platform dependent!
2025-09-12 05:14:55,190 [Worker-4: ビルド] INFO  o.a.m.s.f.DefaultMavenResourcesFiltering - skip non existing resourceDirectory C:\pleiades\2024-12\workspace\IH13A18_JV31_29_05\src\test\resources
2025-09-12 05:18:32,241 [Worker-0: Maven プロジェクトの更新中] INFO  o.e.m.c.i.p.ProjectConfigurationManager - Update started
2025-09-12 05:18:32,269 [Worker-0: Maven プロジェクトの更新中] INFO  o.e.m.c.i.l.LifecycleMappingFactory - Using org.maven.ide.eclipse.wtp.WarLifecycleMapping lifecycle mapping for MavenProject: com.example:IH13A18_JV31_29_05:1.0-SNAPSHOT @ C:\pleiades\2024-12\workspace\IH13A18_JV31_29_05\pom.xml.
2025-09-12 05:18:32,642 [Worker-0: Maven プロジェクトの更新中] INFO  o.e.m.j.i.AbstractJavaProjectConfigurator - Adding source folder /IH13A18_JV31_29_05/src/main/java
2025-09-12 05:18:32,642 [Worker-0: Maven プロジェクトの更新中] INFO  o.e.m.j.i.AbstractJavaProjectConfigurator - Adding resource folder /IH13A18_JV31_29_05/src/main/resources
2025-09-12 05:18:32,643 [Worker-0: Maven プロジェクトの更新中] INFO  o.e.m.j.i.AbstractJavaProjectConfigurator - Adding source folder /IH13A18_JV31_29_05/src/test/java
2025-09-12 05:18:32,643 [Worker-0: Maven プロジェクトの更新中] INFO  o.e.m.j.i.AbstractJavaProjectConfigurator - Adding resource folder /IH13A18_JV31_29_05/src/test/resources
2025-09-12 05:18:32,740 [Worker-0: Maven プロジェクトの更新中] INFO  o.e.m.w.i.f.ResourceFilteringBuildParticipant - Cleaning filtered folder for IH13A18_JV31_29_05
2025-09-12 05:18:32,743 [Worker-0: Maven プロジェクトの更新中] INFO  o.e.m.c.i.p.ProjectConfigurationManager - Update completed for 1 poms: local refresh takes 0.00 sec, refresh facades takes 0.00 sec, update config takes 0.00 sec 
2025-09-12 05:18:32,893 [Worker-6: ビルド] WARN  o.a.m.s.f.DefaultMavenResourcesFiltering - Using platform encoding (UTF-8 actually) to copy filtered resources, i.e. build is platform dependent!
2025-09-12 05:18:32,894 [Worker-6: ビルド] INFO  o.a.m.s.f.DefaultMavenResourcesFiltering - Copying 1 resource from src\main\resources to target\classes
2025-09-12 05:18:32,896 [Worker-6: ビルド] WARN  o.a.m.s.f.DefaultMavenResourcesFiltering - Using platform encoding (UTF-8 actually) to copy filtered resources, i.e. build is platform dependent!
2025-09-12 05:18:32,896 [Worker-6: ビルド] INFO  o.a.m.s.f.DefaultMavenResourcesFiltering - skip non existing resourceDirectory C:\pleiades\2024-12\workspace\IH13A18_JV31_29_05\src\test\resources
2025-09-12 05:18:32,897 [Worker-6: ビルド] INFO  o.e.m.w.i.f.ResourceFilteringBuildParticipant - Changed resources require a complete clean of filtered resources of IH13A18_JV31_29_05
2025-09-12 05:18:32,897 [Worker-6: ビルド] INFO  o.e.m.w.i.f.ResourceFilteringBuildParticipant - Executing resource filtering for IH13A18_JV31_29_05
2025-09-12 05:18:49,551 [Worker-6: ビルド] WARN  o.a.m.s.f.DefaultMavenResourcesFiltering - Using platform encoding (UTF-8 actually) to copy filtered resources, i.e. build is platform dependent!
2025-09-12 05:18:49,553 [Worker-6: ビルド] INFO  o.a.m.s.f.DefaultMavenResourcesFiltering - Copying 0 resource from src\main\resources to target\classes
2025-09-12 05:18:49,554 [Worker-6: ビルド] WARN  o.a.m.s.f.DefaultMavenResourcesFiltering - Using platform encoding (UTF-8 actually) to copy filtered resources, i.e. build is platform dependent!
2025-09-12 05:18:49,554 [Worker-6: ビルド] INFO  o.a.m.s.f.DefaultMavenResourcesFiltering - skip non existing resourceDirectory C:\pleiades\2024-12\workspace\IH13A18_JV31_29_05\src\test\resources
2025-09-12 05:20:09,822 [Worker-12: ビルド] WARN  o.a.m.s.f.DefaultMavenResourcesFiltering - Using platform encoding (UTF-8 actually) to copy filtered resources, i.e. build is platform dependent!
2025-09-12 05:20:09,823 [Worker-12: ビルド] INFO  o.a.m.s.f.DefaultMavenResourcesFiltering - Copying 1 resource from src\main\resources to target\classes
2025-09-12 05:20:09,825 [Worker-12: ビルド] WARN  o.a.m.s.f.DefaultMavenResourcesFiltering - Using platform encoding (UTF-8 actually) to copy filtered resources, i.e. build is platform dependent!
2025-09-12 05:20:09,825 [Worker-12: ビルド] INFO  o.a.m.s.f.DefaultMavenResourcesFiltering - skip non existing resourceDirectory C:\pleiades\2024-12\workspace\IH13A18_JV31_29_05\src\test\resources
2025-09-12 05:20:11,908 [Worker-15: ビルド] WARN  o.a.m.s.f.DefaultMavenResourcesFiltering - Using platform encoding (UTF-8 actually) to copy filtered resources, i.e. build is platform dependent!
2025-09-12 05:20:11,909 [Worker-15: ビルド] INFO  o.a.m.s.f.DefaultMavenResourcesFiltering - Copying 1 resource from src\main\resources to target\classes
2025-09-12 05:20:11,910 [Worker-15: ビルド] WARN  o.a.m.s.f.DefaultMavenResourcesFiltering - Using platform encoding (UTF-8 actually) to copy filtered resources, i.e. build is platform dependent!
2025-09-12 05:20:11,911 [Worker-15: ビルド] INFO  o.a.m.s.f.DefaultMavenResourcesFiltering - skip non existing resourceDirectory C:\pleiades\2024-12\workspace\IH13A18_JV31_29_05\src\test\resources
2025-09-12 05:24:00,313 [Worker-12: ビルド] WARN  o.a.m.s.f.DefaultMavenResourcesFiltering - Using platform encoding (UTF-8 actually) to copy filtered resources, i.e. build is platform dependent!
2025-09-12 05:24:00,314 [Worker-12: ビルド] INFO  o.a.m.s.f.DefaultMavenResourcesFiltering - Copying 1 resource from src\main\resources to target\classes
2025-09-12 05:24:00,315 [Worker-12: ビルド] WARN  o.a.m.s.f.DefaultMavenResourcesFiltering - Using platform encoding (UTF-8 actually) to copy filtered resources, i.e. build is platform dependent!
2025-09-12 05:24:00,316 [Worker-12: ビルド] INFO  o.a.m.s.f.DefaultMavenResourcesFiltering - skip non existing resourceDirectory C:\pleiades\2024-12\workspace\IH13A18_JV31_29_05\src\test\resources
2025-09-12 05:24:39,193 [Worker-12: ビルド] WARN  o.a.m.s.f.DefaultMavenResourcesFiltering - Using platform encoding (UTF-8 actually) to copy filtered resources, i.e. build is platform dependent!
2025-09-12 05:24:39,195 [Worker-12: ビルド] INFO  o.a.m.s.f.DefaultMavenResourcesFiltering - Copying 0 resource from src\main\resources to target\classes
2025-09-12 05:24:39,196 [Worker-12: ビルド] WARN  o.a.m.s.f.DefaultMavenResourcesFiltering - Using platform encoding (UTF-8 actually) to copy filtered resources, i.e. build is platform dependent!
2025-09-12 05:24:39,196 [Worker-12: ビルド] INFO  o.a.m.s.f.DefaultMavenResourcesFiltering - skip non existing resourceDirectory C:\pleiades\2024-12\workspace\IH13A18_JV31_29_05\src\test\resources
2025-09-12 05:25:08,534 [Worker-12: ビルド] WARN  o.a.m.s.f.DefaultMavenResourcesFiltering - Using platform encoding (UTF-8 actually) to copy filtered resources, i.e. build is platform dependent!
2025-09-12 05:25:08,535 [Worker-12: ビルド] INFO  o.a.m.s.f.DefaultMavenResourcesFiltering - Copying 1 resource from src\main\resources to target\classes
2025-09-12 05:25:08,536 [Worker-12: ビルド] WARN  o.a.m.s.f.DefaultMavenResourcesFiltering - Using platform encoding (UTF-8 actually) to copy filtered resources, i.e. build is platform dependent!
2025-09-12 05:25:08,537 [Worker-12: ビルド] INFO  o.a.m.s.f.DefaultMavenResourcesFiltering - skip non existing resourceDirectory C:\pleiades\2024-12\workspace\IH13A18_JV31_29_05\src\test\resources
2025-09-12 05:25:12,289 [Worker-12: ビルド] WARN  o.a.m.s.f.DefaultMavenResourcesFiltering - Using platform encoding (UTF-8 actually) to copy filtered resources, i.e. build is platform dependent!
2025-09-12 05:25:12,290 [Worker-12: ビルド] INFO  o.a.m.s.f.DefaultMavenResourcesFiltering - Copying 1 resource from src\main\resources to target\classes
2025-09-12 05:25:12,291 [Worker-12: ビルド] WARN  o.a.m.s.f.DefaultMavenResourcesFiltering - Using platform encoding (UTF-8 actually) to copy filtered resources, i.e. build is platform dependent!
2025-09-12 05:25:12,292 [Worker-12: ビルド] INFO  o.a.m.s.f.DefaultMavenResourcesFiltering - skip non existing resourceDirectory C:\pleiades\2024-12\workspace\IH13A18_JV31_29_05\src\test\resources
2025-09-12 05:28:12,105 [Worker-15: Maven プロジェクトの更新中] INFO  o.e.m.c.i.p.ProjectConfigurationManager - Update started
2025-09-12 05:28:12,136 [Worker-15: Maven プロジェクトの更新中] INFO  o.e.m.c.i.l.LifecycleMappingFactory - Using org.maven.ide.eclipse.wtp.WarLifecycleMapping lifecycle mapping for MavenProject: com.example:IH13A18_JV31_29_05:1.0-SNAPSHOT @ C:\pleiades\2024-12\workspace\IH13A18_JV31_29_05\pom.xml.
2025-09-12 05:28:12,541 [Worker-15: Maven プロジェクトの更新中] INFO  o.e.m.j.i.AbstractJavaProjectConfigurator - Adding source folder /IH13A18_JV31_29_05/src/main/java
2025-09-12 05:28:12,542 [Worker-15: Maven プロジェクトの更新中] INFO  o.e.m.j.i.AbstractJavaProjectConfigurator - Adding resource folder /IH13A18_JV31_29_05/src/main/resources
2025-09-12 05:28:12,542 [Worker-15: Maven プロジェクトの更新中] INFO  o.e.m.j.i.AbstractJavaProjectConfigurator - Adding source folder /IH13A18_JV31_29_05/src/test/java
2025-09-12 05:28:12,542 [Worker-15: Maven プロジェクトの更新中] INFO  o.e.m.j.i.AbstractJavaProjectConfigurator - Adding resource folder /IH13A18_JV31_29_05/src/test/resources
2025-09-12 05:28:12,641 [Worker-15: Maven プロジェクトの更新中] INFO  o.e.m.w.i.f.ResourceFilteringBuildParticipant - Cleaning filtered folder for IH13A18_JV31_29_05
2025-09-12 05:28:12,645 [Worker-15: Maven プロジェクトの更新中] INFO  o.e.m.c.i.p.ProjectConfigurationManager - Update completed for 1 poms: local refresh takes 0.00 sec, refresh facades takes 0.00 sec, update config takes 0.00 sec 
2025-09-12 05:28:12,790 [Worker-6: ビルド] WARN  o.a.m.s.f.DefaultMavenResourcesFiltering - Using platform encoding (UTF-8 actually) to copy filtered resources, i.e. build is platform dependent!
2025-09-12 05:28:12,790 [Worker-6: ビルド] INFO  o.a.m.s.f.DefaultMavenResourcesFiltering - Copying 1 resource from src\main\resources to target\classes
2025-09-12 05:28:12,793 [Worker-6: ビルド] WARN  o.a.m.s.f.DefaultMavenResourcesFiltering - Using platform encoding (UTF-8 actually) to copy filtered resources, i.e. build is platform dependent!
2025-09-12 05:28:12,793 [Worker-6: ビルド] INFO  o.a.m.s.f.DefaultMavenResourcesFiltering - skip non existing resourceDirectory C:\pleiades\2024-12\workspace\IH13A18_JV31_29_05\src\test\resources
2025-09-12 05:28:12,794 [Worker-6: ビルド] INFO  o.e.m.w.i.f.ResourceFilteringBuildParticipant - Changed resources require a complete clean of filtered resources of IH13A18_JV31_29_05
2025-09-12 05:28:12,794 [Worker-6: ビルド] INFO  o.e.m.w.i.f.ResourceFilteringBuildParticipant - Executing resource filtering for IH13A18_JV31_29_05
2025-09-12 05:38:18,515 [Worker-2: ビルド] WARN  o.a.m.s.f.DefaultMavenResourcesFiltering - Using platform encoding (UTF-8 actually) to copy filtered resources, i.e. build is platform dependent!
2025-09-12 05:38:18,516 [Worker-2: ビルド] INFO  o.a.m.s.f.DefaultMavenResourcesFiltering - Copying 1 resource from src\main\resources to target\classes
2025-09-12 05:38:18,518 [Worker-2: ビルド] WARN  o.a.m.s.f.DefaultMavenResourcesFiltering - Using platform encoding (UTF-8 actually) to copy filtered resources, i.e. build is platform dependent!
2025-09-12 05:38:18,518 [Worker-2: ビルド] INFO  o.a.m.s.f.DefaultMavenResourcesFiltering - skip non existing resourceDirectory C:\pleiades\2024-12\workspace\IH13A18_JV31_29_05\src\test\resources
2025-09-12 05:42:22,002 [Worker-13: 選択したプロジェクトのクリーニング] INFO  o.e.m.w.i.f.ResourceFilteringBuildParticipant - Cleaning filtered folder for IH13A18_JV31_29_05
2025-09-12 05:42:22,151 [Worker-6: ビルド] WARN  o.a.m.s.f.DefaultMavenResourcesFiltering - Using platform encoding (UTF-8 actually) to copy filtered resources, i.e. build is platform dependent!
2025-09-12 05:42:22,153 [Worker-6: ビルド] INFO  o.a.m.s.f.DefaultMavenResourcesFiltering - Copying 1 resource from src\main\resources to target\classes
2025-09-12 05:42:22,154 [Worker-6: ビルド] WARN  o.a.m.s.f.DefaultMavenResourcesFiltering - Using platform encoding (UTF-8 actually) to copy filtered resources, i.e. build is platform dependent!
2025-09-12 05:42:22,155 [Worker-6: ビルド] INFO  o.a.m.s.f.DefaultMavenResourcesFiltering - skip non existing resourceDirectory C:\pleiades\2024-12\workspace\IH13A18_JV31_29_05\src\test\resources
2025-09-12 05:42:22,155 [Worker-6: ビルド] INFO  o.e.m.w.i.f.ResourceFilteringBuildParticipant - Changed resources require a complete clean of filtered resources of IH13A18_JV31_29_05
2025-09-12 05:42:22,155 [Worker-6: ビルド] INFO  o.e.m.w.i.f.ResourceFilteringBuildParticipant - Executing resource filtering for IH13A18_JV31_29_05
2025-09-12 05:43:50,406 [Worker-6: ビルド] WARN  o.a.m.s.f.DefaultMavenResourcesFiltering - Using platform encoding (UTF-8 actually) to copy filtered resources, i.e. build is platform dependent!
2025-09-12 05:43:50,408 [Worker-6: ビルド] INFO  o.a.m.s.f.DefaultMavenResourcesFiltering - Copying 1 resource from src\main\resources to target\classes
2025-09-12 05:43:50,410 [Worker-6: ビルド] WARN  o.a.m.s.f.DefaultMavenResourcesFiltering - Using platform encoding (UTF-8 actually) to copy filtered resources, i.e. build is platform dependent!
2025-09-12 05:43:50,411 [Worker-6: ビルド] INFO  o.a.m.s.f.DefaultMavenResourcesFiltering - skip non existing resourceDirectory C:\pleiades\2024-12\workspace\IH13A18_JV31_29_05\src\test\resources
2025-09-12 05:43:59,012 [Worker-13: ビルド] WARN  o.a.m.s.f.DefaultMavenResourcesFiltering - Using platform encoding (UTF-8 actually) to copy filtered resources, i.e. build is platform dependent!
2025-09-12 05:43:59,013 [Worker-13: ビルド] INFO  o.a.m.s.f.DefaultMavenResourcesFiltering - Copying 0 resource from src\main\resources to target\classes
2025-09-12 05:43:59,014 [Worker-13: ビルド] WARN  o.a.m.s.f.DefaultMavenResourcesFiltering - Using platform encoding (UTF-8 actually) to copy filtered resources, i.e. build is platform dependent!
2025-09-12 05:43:59,015 [Worker-13: ビルド] INFO  o.a.m.s.f.DefaultMavenResourcesFiltering - skip non existing resourceDirectory C:\pleiades\2024-12\workspace\IH13A18_JV31_29_05\src\test\resources
2025-09-12 05:45:42,059 [Worker-12: ビルド] WARN  o.a.m.s.f.DefaultMavenResourcesFiltering - Using platform encoding (UTF-8 actually) to copy filtered resources, i.e. build is platform dependent!
2025-09-12 05:45:42,060 [Worker-12: ビルド] INFO  o.a.m.s.f.DefaultMavenResourcesFiltering - Copying 1 resource from src\main\resources to target\classes
2025-09-12 05:45:42,062 [Worker-12: ビルド] WARN  o.a.m.s.f.DefaultMavenResourcesFiltering - Using platform encoding (UTF-8 actually) to copy filtered resources, i.e. build is platform dependent!
2025-09-12 05:45:42,063 [Worker-12: ビルド] INFO  o.a.m.s.f.DefaultMavenResourcesFiltering - Copying 0 resource from src\test\resources to target\test-classes
2025-09-12 05:46:49,331 [Worker-17: ビルド] WARN  o.a.m.s.f.DefaultMavenResourcesFiltering - Using platform encoding (UTF-8 actually) to copy filtered resources, i.e. build is platform dependent!
2025-09-12 05:46:49,332 [Worker-17: ビルド] INFO  o.a.m.s.f.DefaultMavenResourcesFiltering - Copying 1 resource from src\main\resources to target\classes
2025-09-12 05:46:49,334 [Worker-17: ビルド] WARN  o.a.m.s.f.DefaultMavenResourcesFiltering - Using platform encoding (UTF-8 actually) to copy filtered resources, i.e. build is platform dependent!
2025-09-12 05:46:49,334 [Worker-17: ビルド] INFO  o.a.m.s.f.DefaultMavenResourcesFiltering - Copying 0 resource from src\test\resources to target\test-classes
2025-09-12 06:07:28,106 [Worker-12: ビルド] WARN  o.a.m.s.f.DefaultMavenResourcesFiltering - Using platform encoding (UTF-8 actually) to copy filtered resources, i.e. build is platform dependent!
2025-09-12 06:07:28,108 [Worker-12: ビルド] INFO  o.a.m.s.f.DefaultMavenResourcesFiltering - Copying 1 resource from src\main\resources to target\classes
2025-09-12 06:07:28,110 [Worker-12: ビルド] WARN  o.a.m.s.f.DefaultMavenResourcesFiltering - Using platform encoding (UTF-8 actually) to copy filtered resources, i.e. build is platform dependent!
2025-09-12 06:07:28,111 [Worker-12: ビルド] INFO  o.a.m.s.f.DefaultMavenResourcesFiltering - Copying 0 resource from src\test\resources to target\test-classes
2025-09-12 06:08:05,853 [Worker-7: ビルド] WARN  o.a.m.s.f.DefaultMavenResourcesFiltering - Using platform encoding (UTF-8 actually) to copy filtered resources, i.e. build is platform dependent!
2025-09-12 06:08:05,854 [Worker-7: ビルド] INFO  o.a.m.s.f.DefaultMavenResourcesFiltering - Copying 0 resource from src\main\resources to target\classes
2025-09-12 06:08:05,856 [Worker-7: ビルド] WARN  o.a.m.s.f.DefaultMavenResourcesFiltering - Using platform encoding (UTF-8 actually) to copy filtered resources, i.e. build is platform dependent!
2025-09-12 06:08:05,857 [Worker-7: ビルド] INFO  o.a.m.s.f.DefaultMavenResourcesFiltering - Copying 0 resource from src\test\resources to target\test-classes
2025-09-12 06:09:36,568 [Worker-15: Maven プロジェクトの更新中] INFO  o.e.m.c.i.p.ProjectConfigurationManager - Update started
2025-09-12 06:09:36,606 [Worker-15: Maven プロジェクトの更新中] INFO  o.e.m.c.i.l.LifecycleMappingFactory - Using org.maven.ide.eclipse.wtp.WarLifecycleMapping lifecycle mapping for MavenProject: com.example:IH13A18_JV31_29_05:1.0-SNAPSHOT @ C:\pleiades\2024-12\workspace\IH13A18_JV31_29_05\pom.xml.
2025-09-12 06:09:36,987 [Worker-15: Maven プロジェクトの更新中] INFO  o.e.m.j.i.AbstractJavaProjectConfigurator - Adding source folder /IH13A18_JV31_29_05/src/main/java
2025-09-12 06:09:36,987 [Worker-15: Maven プロジェクトの更新中] INFO  o.e.m.j.i.AbstractJavaProjectConfigurator - Adding resource folder /IH13A18_JV31_29_05/src/main/resources
2025-09-12 06:09:36,988 [Worker-15: Maven プロジェクトの更新中] INFO  o.e.m.j.i.AbstractJavaProjectConfigurator - Adding source folder /IH13A18_JV31_29_05/src/test/java
2025-09-12 06:09:36,988 [Worker-15: Maven プロジェクトの更新中] INFO  o.e.m.j.i.AbstractJavaProjectConfigurator - Adding resource folder /IH13A18_JV31_29_05/src/test/resources
2025-09-12 06:09:37,101 [Worker-15: Maven プロジェクトの更新中] INFO  o.e.m.w.i.f.ResourceFilteringBuildParticipant - Cleaning filtered folder for IH13A18_JV31_29_05
2025-09-12 06:09:37,106 [Worker-15: Maven プロジェクトの更新中] INFO  o.e.m.c.i.p.ProjectConfigurationManager - Update completed for 1 poms: local refresh takes 0.00 sec, refresh facades takes 0.00 sec, update config takes 0.00 sec 
2025-09-12 06:09:37,252 [Worker-17: ビルド] WARN  o.a.m.s.f.DefaultMavenResourcesFiltering - Using platform encoding (UTF-8 actually) to copy filtered resources, i.e. build is platform dependent!
2025-09-12 06:09:37,253 [Worker-17: ビルド] INFO  o.a.m.s.f.DefaultMavenResourcesFiltering - Copying 1 resource from src\main\resources to target\classes
2025-09-12 06:09:37,255 [Worker-17: ビルド] WARN  o.a.m.s.f.DefaultMavenResourcesFiltering - Using platform encoding (UTF-8 actually) to copy filtered resources, i.e. build is platform dependent!
2025-09-12 06:09:37,255 [Worker-17: ビルド] INFO  o.a.m.s.f.DefaultMavenResourcesFiltering - Copying 0 resource from src\test\resources to target\test-classes
2025-09-12 06:09:37,256 [Worker-17: ビルド] INFO  o.e.m.w.i.f.ResourceFilteringBuildParticipant - Changed resources require a complete clean of filtered resources of IH13A18_JV31_29_05
2025-09-12 06:09:37,256 [Worker-17: ビルド] INFO  o.e.m.w.i.f.ResourceFilteringBuildParticipant - Executing resource filtering for IH13A18_JV31_29_05
2025-09-12 06:12:22,887 [Worker-12: ビルド] ERROR o.e.m.c.i.p.r.ProjectRegistryManager - Could not read pom.xml
org.eclipse.core.runtime.CoreException: Could not read pom.xml
	at org.eclipse.m2e.core.internal.IMavenToolbox.readModel(IMavenToolbox.java:245)
	at org.eclipse.m2e.core.internal.project.registry.ProjectRegistryManager.refreshPhase2(ProjectRegistryManager.java:591)
	at org.eclipse.m2e.core.internal.project.registry.ProjectRegistryManager.refresh(ProjectRegistryManager.java:491)
	at org.eclipse.m2e.core.internal.project.registry.ProjectRegistryManager.refresh(ProjectRegistryManager.java:370)
	at org.eclipse.m2e.core.internal.project.registry.ProjectRegistryManager.refresh(ProjectRegistryManager.java:322)
	at org.eclipse.m2e.core.internal.builder.MavenBuilder$BuildMethod.getProjectFacade(MavenBuilder.java:146)
	at org.eclipse.m2e.core.internal.builder.MavenBuilder$BuildMethod.lambda$0(MavenBuilder.java:84)
	at org.eclipse.m2e.core.internal.embedder.MavenExecutionContext.executeBare(MavenExecutionContext.java:458)
	at org.eclipse.m2e.core.internal.embedder.MavenExecutionContext.execute(MavenExecutionContext.java:339)
	at org.eclipse.m2e.core.internal.embedder.MavenExecutionContext.execute(MavenExecutionContext.java:278)
	at org.eclipse.m2e.core.internal.builder.MavenBuilder$BuildMethod.execute(MavenBuilder.java:83)
	at org.eclipse.m2e.core.internal.builder.MavenBuilder.build(MavenBuilder.java:192)
	at org.eclipse.core.internal.events.BuildManager$2.run(BuildManager.java:1077)
	at org.eclipse.core.runtime.SafeRunner.run(SafeRunner.java:47)
	at org.eclipse.core.internal.events.BuildManager.basicBuild(BuildManager.java:296)
	at org.eclipse.core.internal.events.BuildManager.basicBuild(BuildManager.java:352)
	at org.eclipse.core.internal.events.BuildManager$1.run(BuildManager.java:441)
	at org.eclipse.core.runtime.SafeRunner.run(SafeRunner.java:47)
	at org.eclipse.core.internal.events.BuildManager.basicBuild(BuildManager.java:444)
	at org.eclipse.core.internal.events.BuildManager.basicBuildLoop(BuildManager.java:555)
	at org.eclipse.core.internal.events.BuildManager.basicBuildLoop(BuildManager.java:503)
	at org.eclipse.core.internal.events.BuildManager.build(BuildManager.java:585)
	at org.eclipse.core.internal.events.AutoBuildJob.doBuild(AutoBuildJob.java:207)
	at org.eclipse.core.internal.events.AutoBuildJob.run(AutoBuildJob.java:300)
	at org.eclipse.core.internal.jobs.Worker.run(Worker.java:63)
Caused by: org.apache.maven.model.io.ModelParseException: Duplicated tag: 'build' (position: START_TAG seen ...</build>\n\t\n\t\t<build>... @27:10) 
	at org.apache.maven.model.io.DefaultModelReader.read(DefaultModelReader.java:96)
	at org.apache.maven.model.io.DefaultModelReader.read(DefaultModelReader.java:74)
	at org.eclipse.m2e.core.internal.IMavenToolbox.readModel(IMavenToolbox.java:243)
	... 24 common frames omitted
Caused by: org.codehaus.plexus.util.xml.pull.XmlPullParserException: Duplicated tag: 'build' (position: START_TAG seen ...</build>\n\t\n\t\t<build>... @27:10) 
	at org.apache.maven.model.io.xpp3.MavenXpp3Reader.checkFieldWithDuplicate(MavenXpp3Reader.java:141)
	at org.apache.maven.model.io.xpp3.MavenXpp3Reader.parseModel(MavenXpp3Reader.java:2362)
	at org.apache.maven.model.io.xpp3.MavenXpp3Reader.read(MavenXpp3Reader.java:623)
	at org.apache.maven.model.io.xpp3.MavenXpp3Reader.read(MavenXpp3Reader.java:654)
	at org.apache.maven.model.io.DefaultModelReader.read(DefaultModelReader.java:93)
	... 26 common frames omitted
2025-09-12 06:12:24,042 [Worker-7: ビルド] ERROR o.e.m.c.i.p.r.ProjectRegistryManager - Could not read pom.xml
org.eclipse.core.runtime.CoreException: Could not read pom.xml
	at org.eclipse.m2e.core.internal.IMavenToolbox.readModel(IMavenToolbox.java:245)
	at org.eclipse.m2e.core.internal.project.registry.ProjectRegistryManager.refreshPhase2(ProjectRegistryManager.java:591)
	at org.eclipse.m2e.core.internal.project.registry.ProjectRegistryManager.refresh(ProjectRegistryManager.java:491)
	at org.eclipse.m2e.core.internal.project.registry.ProjectRegistryManager.refresh(ProjectRegistryManager.java:370)
	at org.eclipse.m2e.core.internal.project.registry.ProjectRegistryManager.refresh(ProjectRegistryManager.java:322)
	at org.eclipse.m2e.core.internal.builder.MavenBuilder$BuildMethod.getProjectFacade(MavenBuilder.java:146)
	at org.eclipse.m2e.core.internal.builder.MavenBuilder$BuildMethod.lambda$0(MavenBuilder.java:84)
	at org.eclipse.m2e.core.internal.embedder.MavenExecutionContext.executeBare(MavenExecutionContext.java:458)
	at org.eclipse.m2e.core.internal.embedder.MavenExecutionContext.execute(MavenExecutionContext.java:339)
	at org.eclipse.m2e.core.internal.embedder.MavenExecutionContext.execute(MavenExecutionContext.java:278)
	at org.eclipse.m2e.core.internal.builder.MavenBuilder$BuildMethod.execute(MavenBuilder.java:83)
	at org.eclipse.m2e.core.internal.builder.MavenBuilder.build(MavenBuilder.java:192)
	at org.eclipse.core.internal.events.BuildManager$2.run(BuildManager.java:1077)
	at org.eclipse.core.runtime.SafeRunner.run(SafeRunner.java:47)
	at org.eclipse.core.internal.events.BuildManager.basicBuild(BuildManager.java:296)
	at org.eclipse.core.internal.events.BuildManager.basicBuild(BuildManager.java:352)
	at org.eclipse.core.internal.events.BuildManager$1.run(BuildManager.java:441)
	at org.eclipse.core.runtime.SafeRunner.run(SafeRunner.java:47)
	at org.eclipse.core.internal.events.BuildManager.basicBuild(BuildManager.java:444)
	at org.eclipse.core.internal.events.BuildManager.basicBuildLoop(BuildManager.java:555)
	at org.eclipse.core.internal.events.BuildManager.basicBuildLoop(BuildManager.java:503)
	at org.eclipse.core.internal.events.BuildManager.build(BuildManager.java:585)
	at org.eclipse.core.internal.events.AutoBuildJob.doBuild(AutoBuildJob.java:207)
	at org.eclipse.core.internal.events.AutoBuildJob.run(AutoBuildJob.java:300)
	at org.eclipse.core.internal.jobs.Worker.run(Worker.java:63)
Caused by: org.apache.maven.model.io.ModelParseException: Duplicated tag: 'build' (position: START_TAG seen ...</build>\n\t\n\t\t<build>... @27:10) 
	at org.apache.maven.model.io.DefaultModelReader.read(DefaultModelReader.java:96)
	at org.apache.maven.model.io.DefaultModelReader.read(DefaultModelReader.java:74)
	at org.eclipse.m2e.core.internal.IMavenToolbox.readModel(IMavenToolbox.java:243)
	... 24 common frames omitted
Caused by: org.codehaus.plexus.util.xml.pull.XmlPullParserException: Duplicated tag: 'build' (position: START_TAG seen ...</build>\n\t\n\t\t<build>... @27:10) 
	at org.apache.maven.model.io.xpp3.MavenXpp3Reader.checkFieldWithDuplicate(MavenXpp3Reader.java:141)
	at org.apache.maven.model.io.xpp3.MavenXpp3Reader.parseModel(MavenXpp3Reader.java:2362)
	at org.apache.maven.model.io.xpp3.MavenXpp3Reader.read(MavenXpp3Reader.java:623)
	at org.apache.maven.model.io.xpp3.MavenXpp3Reader.read(MavenXpp3Reader.java:654)
	at org.apache.maven.model.io.DefaultModelReader.read(DefaultModelReader.java:93)
	... 26 common frames omitted
2025-09-12 06:12:28,132 [Worker-15: reload maven project] ERROR o.e.m.c.i.p.r.ProjectRegistryManager - Failed to read Maven project: Some problems were encountered while processing the POMs:
[FATAL] Non-parseable POM C:\pleiades\2024-12\workspace\IH13A18_JV31_29_05\pom.xml: Duplicated tag: 'build' (position: START_TAG seen ...</build>\n\t\n\t<build>... @27:9)  @ line 27, column 9

org.apache.maven.project.ProjectBuildingException: Some problems were encountered while processing the POMs:
[FATAL] Non-parseable POM C:\pleiades\2024-12\workspace\IH13A18_JV31_29_05\pom.xml: Duplicated tag: 'build' (position: START_TAG seen ...</build>\n\t\n\t<build>... @27:9)  @ line 27, column 9

	at org.eclipse.m2e.core.internal.IMavenToolbox.readMavenProjects(IMavenToolbox.java:140)
	at org.eclipse.m2e.core.internal.project.registry.ProjectRegistryManager.lambda$22(ProjectRegistryManager.java:943)
	at org.eclipse.m2e.core.internal.embedder.MavenExecutionContext.executeBare(MavenExecutionContext.java:458)
	at org.eclipse.m2e.core.internal.embedder.MavenExecutionContext.execute(MavenExecutionContext.java:339)
	at org.eclipse.m2e.core.internal.embedder.MavenExecutionContext.execute(MavenExecutionContext.java:278)
	at org.eclipse.m2e.core.internal.project.registry.ProjectRegistryManager.readProjectsWithDependencies(ProjectRegistryManager.java:939)
	at org.eclipse.m2e.core.internal.project.registry.ProjectRegistryManager.create(ProjectRegistryManager.java:219)
	at org.eclipse.m2e.core.internal.project.registry.MavenProjectManager.create(MavenProjectManager.java:105)
	at org.eclipse.m2e.core.ui.internal.actions.SelectionUtil.getMavenProject(SelectionUtil.java:239)
	at org.eclipse.m2e.editor.pom.MavenPomEditor.readMavenProject(MavenPomEditor.java:709)
	at org.eclipse.m2e.editor.pom.MavenPomEditor$4.run(MavenPomEditor.java:1029)
	at org.eclipse.core.internal.jobs.Worker.run(Worker.java:63)
2025-09-12 06:12:28,244 [Worker-12: ビルド] ERROR o.e.m.c.i.p.r.ProjectRegistryManager - Could not read pom.xml
org.eclipse.core.runtime.CoreException: Could not read pom.xml
	at org.eclipse.m2e.core.internal.IMavenToolbox.readModel(IMavenToolbox.java:245)
	at org.eclipse.m2e.core.internal.project.registry.ProjectRegistryManager.refreshPhase2(ProjectRegistryManager.java:591)
	at org.eclipse.m2e.core.internal.project.registry.ProjectRegistryManager.refresh(ProjectRegistryManager.java:491)
	at org.eclipse.m2e.core.internal.project.registry.ProjectRegistryManager.refresh(ProjectRegistryManager.java:370)
	at org.eclipse.m2e.core.internal.project.registry.ProjectRegistryManager.refresh(ProjectRegistryManager.java:322)
	at org.eclipse.m2e.core.internal.builder.MavenBuilder$BuildMethod.getProjectFacade(MavenBuilder.java:146)
	at org.eclipse.m2e.core.internal.builder.MavenBuilder$BuildMethod.lambda$0(MavenBuilder.java:84)
	at org.eclipse.m2e.core.internal.embedder.MavenExecutionContext.executeBare(MavenExecutionContext.java:458)
	at org.eclipse.m2e.core.internal.embedder.MavenExecutionContext.execute(MavenExecutionContext.java:339)
	at org.eclipse.m2e.core.internal.embedder.MavenExecutionContext.execute(MavenExecutionContext.java:278)
	at org.eclipse.m2e.core.internal.builder.MavenBuilder$BuildMethod.execute(MavenBuilder.java:83)
	at org.eclipse.m2e.core.internal.builder.MavenBuilder.build(MavenBuilder.java:192)
	at org.eclipse.core.internal.events.BuildManager$2.run(BuildManager.java:1077)
	at org.eclipse.core.runtime.SafeRunner.run(SafeRunner.java:47)
	at org.eclipse.core.internal.events.BuildManager.basicBuild(BuildManager.java:296)
	at org.eclipse.core.internal.events.BuildManager.basicBuild(BuildManager.java:352)
	at org.eclipse.core.internal.events.BuildManager$1.run(BuildManager.java:441)
	at org.eclipse.core.runtime.SafeRunner.run(SafeRunner.java:47)
	at org.eclipse.core.internal.events.BuildManager.basicBuild(BuildManager.java:444)
	at org.eclipse.core.internal.events.BuildManager.basicBuildLoop(BuildManager.java:555)
	at org.eclipse.core.internal.events.BuildManager.basicBuildLoop(BuildManager.java:503)
	at org.eclipse.core.internal.events.BuildManager.build(BuildManager.java:585)
	at org.eclipse.core.internal.events.AutoBuildJob.doBuild(AutoBuildJob.java:207)
	at org.eclipse.core.internal.events.AutoBuildJob.run(AutoBuildJob.java:300)
	at org.eclipse.core.internal.jobs.Worker.run(Worker.java:63)
Caused by: org.apache.maven.model.io.ModelParseException: Duplicated tag: 'build' (position: START_TAG seen ...</build>\n\t\n\t<build>... @27:9) 
	at org.apache.maven.model.io.DefaultModelReader.read(DefaultModelReader.java:96)
	at org.apache.maven.model.io.DefaultModelReader.read(DefaultModelReader.java:74)
	at org.eclipse.m2e.core.internal.IMavenToolbox.readModel(IMavenToolbox.java:243)
	... 24 common frames omitted
Caused by: org.codehaus.plexus.util.xml.pull.XmlPullParserException: Duplicated tag: 'build' (position: START_TAG seen ...</build>\n\t\n\t<build>... @27:9) 
	at org.apache.maven.model.io.xpp3.MavenXpp3Reader.checkFieldWithDuplicate(MavenXpp3Reader.java:141)
	at org.apache.maven.model.io.xpp3.MavenXpp3Reader.parseModel(MavenXpp3Reader.java:2362)
	at org.apache.maven.model.io.xpp3.MavenXpp3Reader.read(MavenXpp3Reader.java:623)
	at org.apache.maven.model.io.xpp3.MavenXpp3Reader.read(MavenXpp3Reader.java:654)
	at org.apache.maven.model.io.DefaultModelReader.read(DefaultModelReader.java:93)
	... 26 common frames omitted
2025-09-12 06:12:48,019 [Worker-16: ビルド] INFO  o.e.m.c.i.l.LifecycleMappingFactory - Using org.maven.ide.eclipse.wtp.WarLifecycleMapping lifecycle mapping for MavenProject: com.example:IH13A18_JV31_29_05:1.0-SNAPSHOT @ C:\pleiades\2024-12\workspace\IH13A18_JV31_29_05\pom.xml.
2025-09-12 06:12:48,127 [Worker-16: ビルド] WARN  o.a.m.s.f.DefaultMavenResourcesFiltering - Using platform encoding (UTF-8 actually) to copy filtered resources, i.e. build is platform dependent!
2025-09-12 06:12:48,128 [Worker-16: ビルド] INFO  o.a.m.s.f.DefaultMavenResourcesFiltering - Copying 0 resource from src\main\resources to target\classes
2025-09-12 06:12:48,129 [Worker-16: ビルド] WARN  o.a.m.s.f.DefaultMavenResourcesFiltering - Using platform encoding (UTF-8 actually) to copy filtered resources, i.e. build is platform dependent!
2025-09-12 06:12:48,130 [Worker-16: ビルド] INFO  o.a.m.s.f.DefaultMavenResourcesFiltering - Copying 0 resource from src\test\resources to target\test-classes
2025-09-12 06:12:48,130 [Worker-16: ビルド] INFO  o.e.m.w.i.f.ResourceFilteringBuildParticipant - Changed resources require a complete clean of filtered resources of IH13A18_JV31_29_05
2025-09-12 06:12:48,130 [Worker-16: ビルド] INFO  o.e.m.w.i.f.ResourceFilteringBuildParticipant - Executing resource filtering for IH13A18_JV31_29_05
2025-09-12 06:13:20,245 [Worker-17: ビルド] INFO  o.e.m.c.i.l.LifecycleMappingFactory - Using org.maven.ide.eclipse.wtp.WarLifecycleMapping lifecycle mapping for MavenProject: com.example:IH13A18_JV31_29_05:1.0-SNAPSHOT @ C:\pleiades\2024-12\workspace\IH13A18_JV31_29_05\pom.xml.
2025-09-12 06:13:20,348 [Worker-17: ビルド] WARN  o.a.m.s.f.DefaultMavenResourcesFiltering - Using platform encoding (UTF-8 actually) to copy filtered resources, i.e. build is platform dependent!
2025-09-12 06:13:20,349 [Worker-17: ビルド] INFO  o.a.m.s.f.DefaultMavenResourcesFiltering - Copying 0 resource from src\main\resources to target\classes
2025-09-12 06:13:20,351 [Worker-17: ビルド] WARN  o.a.m.s.f.DefaultMavenResourcesFiltering - Using platform encoding (UTF-8 actually) to copy filtered resources, i.e. build is platform dependent!
2025-09-12 06:13:20,352 [Worker-17: ビルド] INFO  o.a.m.s.f.DefaultMavenResourcesFiltering - Copying 0 resource from src\test\resources to target\test-classes
2025-09-12 06:13:20,352 [Worker-17: ビルド] INFO  o.e.m.w.i.f.ResourceFilteringBuildParticipant - Changed resources require a complete clean of filtered resources of IH13A18_JV31_29_05
2025-09-12 06:13:20,352 [Worker-17: ビルド] INFO  o.e.m.w.i.f.ResourceFilteringBuildParticipant - Executing resource filtering for IH13A18_JV31_29_05
2025-09-12 06:15:06,366 [Worker-18: ソースおよび Javadoc のダウンロード] INFO  o.e.m.j.internal.DownloadSourcesJob - Downloaded sources for javax.persistence:javax.persistence-api:2.2
2025-09-12 06:15:06,368 [Worker-18: ソースおよび Javadoc のダウンロード] INFO  o.e.m.j.internal.DownloadSourcesJob - Downloaded sources for org.hibernate:hibernate-core:5.6.15.Final
2025-09-12 06:15:06,370 [Worker-18: ソースおよび Javadoc のダウンロード] INFO  o.e.m.j.internal.DownloadSourcesJob - Downloaded sources for org.jboss.logging:jboss-logging:3.4.3.Final
2025-09-12 06:15:06,372 [Worker-18: ソースおよび Javadoc のダウンロード] INFO  o.e.m.j.internal.DownloadSourcesJob - Downloaded sources for net.bytebuddy:byte-buddy:1.12.18
2025-09-12 06:15:06,374 [Worker-18: ソースおよび Javadoc のダウンロード] INFO  o.e.m.j.internal.DownloadSourcesJob - Downloaded sources for org.jboss.spec.javax.transaction:jboss-transaction-api_1.2_spec:1.1.1.Final
2025-09-12 06:15:06,375 [Worker-18: ソースおよび Javadoc のダウンロード] INFO  o.e.m.j.internal.DownloadSourcesJob - Downloaded sources for org.jboss:jandex:2.4.2.Final
2025-09-12 06:15:06,377 [Worker-18: ソースおよび Javadoc のダウンロード] INFO  o.e.m.j.internal.DownloadSourcesJob - Downloaded sources for com.fasterxml:classmate:1.5.1
2025-09-12 06:15:06,379 [Worker-18: ソースおよび Javadoc のダウンロード] INFO  o.e.m.j.internal.DownloadSourcesJob - Downloaded sources for javax.activation:javax.activation-api:1.2.0
2025-09-12 06:15:06,381 [Worker-18: ソースおよび Javadoc のダウンロード] INFO  o.e.m.j.internal.DownloadSourcesJob - Downloaded sources for org.hibernate.common:hibernate-commons-annotations:5.1.2.Final
2025-09-12 06:15:06,382 [Worker-18: ソースおよび Javadoc のダウンロード] INFO  o.e.m.j.internal.DownloadSourcesJob - Downloaded sources for javax.xml.bind:jaxb-api:2.3.1
2025-09-12 06:15:06,384 [Worker-18: ソースおよび Javadoc のダウンロード] INFO  o.e.m.j.internal.DownloadSourcesJob - Downloaded sources for org.glassfish.jaxb:jaxb-runtime:2.3.1
2025-09-12 06:15:06,386 [Worker-18: ソースおよび Javadoc のダウンロード] INFO  o.e.m.j.internal.DownloadSourcesJob - Downloaded sources for org.glassfish.jaxb:txw2:2.3.1
2025-09-12 06:15:06,387 [Worker-18: ソースおよび Javadoc のダウンロード] INFO  o.e.m.j.internal.DownloadSourcesJob - Downloaded sources for com.sun.istack:istack-commons-runtime:3.0.7
2025-09-12 06:15:06,389 [Worker-18: ソースおよび Javadoc のダウンロード] INFO  o.e.m.j.internal.DownloadSourcesJob - Downloaded sources for org.jvnet.staxex:stax-ex:1.8
2025-09-12 06:15:06,390 [Worker-18: ソースおよび Javadoc のダウンロード] INFO  o.e.m.j.internal.DownloadSourcesJob - Downloaded sources for com.sun.xml.fastinfoset:FastInfoset:1.2.15
2025-09-12 06:15:06,392 [Worker-18: ソースおよび Javadoc のダウンロード] INFO  o.e.m.j.internal.DownloadSourcesJob - Downloaded sources for javax.servlet:javax.servlet-api:4.0.1
2025-09-12 06:15:30,702 [Worker-15: Maven プロジェクトの更新中] INFO  o.e.m.c.i.p.ProjectConfigurationManager - Update started
2025-09-12 06:15:30,731 [Worker-15: Maven プロジェクトの更新中] INFO  o.e.m.c.i.l.LifecycleMappingFactory - Using org.maven.ide.eclipse.wtp.WarLifecycleMapping lifecycle mapping for MavenProject: com.example:IH13A18_JV31_29_05:1.0-SNAPSHOT @ C:\pleiades\2024-12\workspace\IH13A18_JV31_29_05\pom.xml.
2025-09-12 06:15:31,099 [Worker-15: Maven プロジェクトの更新中] INFO  o.e.m.j.i.AbstractJavaProjectConfigurator - Adding source folder /IH13A18_JV31_29_05/src/main/java
2025-09-12 06:15:31,100 [Worker-15: Maven プロジェクトの更新中] INFO  o.e.m.j.i.AbstractJavaProjectConfigurator - Adding resource folder /IH13A18_JV31_29_05/src/main/resources
2025-09-12 06:15:31,100 [Worker-15: Maven プロジェクトの更新中] INFO  o.e.m.j.i.AbstractJavaProjectConfigurator - Adding source folder /IH13A18_JV31_29_05/src/test/java
2025-09-12 06:15:31,100 [Worker-15: Maven プロジェクトの更新中] INFO  o.e.m.j.i.AbstractJavaProjectConfigurator - Adding resource folder /IH13A18_JV31_29_05/src/test/resources
2025-09-12 06:15:31,197 [Worker-15: Maven プロジェクトの更新中] INFO  o.e.m.w.i.f.ResourceFilteringBuildParticipant - Cleaning filtered folder for IH13A18_JV31_29_05
2025-09-12 06:15:31,201 [Worker-15: Maven プロジェクトの更新中] INFO  o.e.m.c.i.p.ProjectConfigurationManager - Update completed for 1 poms: local refresh takes 0.00 sec, refresh facades takes 0.00 sec, update config takes 0.00 sec 
2025-09-12 06:15:31,349 [Worker-13: ビルド] WARN  o.a.m.s.f.DefaultMavenResourcesFiltering - Using platform encoding (UTF-8 actually) to copy filtered resources, i.e. build is platform dependent!
2025-09-12 06:15:31,349 [Worker-13: ビルド] INFO  o.a.m.s.f.DefaultMavenResourcesFiltering - Copying 1 resource from src\main\resources to target\classes
2025-09-12 06:15:31,352 [Worker-13: ビルド] WARN  o.a.m.s.f.DefaultMavenResourcesFiltering - Using platform encoding (UTF-8 actually) to copy filtered resources, i.e. build is platform dependent!
2025-09-12 06:15:31,352 [Worker-13: ビルド] INFO  o.a.m.s.f.DefaultMavenResourcesFiltering - Copying 0 resource from src\test\resources to target\test-classes
2025-09-12 06:15:31,352 [Worker-13: ビルド] INFO  o.e.m.w.i.f.ResourceFilteringBuildParticipant - Changed resources require a complete clean of filtered resources of IH13A18_JV31_29_05
2025-09-12 06:15:31,352 [Worker-13: ビルド] INFO  o.e.m.w.i.f.ResourceFilteringBuildParticipant - Executing resource filtering for IH13A18_JV31_29_05
2025-09-12 06:16:45,887 [Worker-15: Maven 依存関係の更新中] INFO  o.e.m.c.i.l.LifecycleMappingFactory - Using org.maven.ide.eclipse.wtp.WarLifecycleMapping lifecycle mapping for MavenProject: com.example:IH13A18_JV31_29_05:1.0-SNAPSHOT @ C:\pleiades\2024-12\workspace\IH13A18_JV31_29_05\pom.xml.
2025-09-12 06:16:45,931 [Worker-15: Maven 依存関係の更新中] ERROR o.e.m.w.WebProjectConfiguratorDelegate - IH13A18_JV31_29_05/.settings/org.eclipse.wst.common.component is missing or invalid. Skipping module dependency configuration. Deployment issues may arise.
2025-09-12 06:16:55,218 [Worker-17: ビルド] INFO  o.e.m.c.i.l.LifecycleMappingFactory - Using org.maven.ide.eclipse.wtp.WarLifecycleMapping lifecycle mapping for MavenProject: com.example:IH13A18_JV31_29_05:1.0-SNAPSHOT @ C:\pleiades\2024-12\workspace\IH13AXXXX_JV31_29_05\pom.xml.
2025-09-12 06:16:55,323 [Worker-17: ビルド] WARN  o.a.m.s.f.DefaultMavenResourcesFiltering - Using platform encoding (UTF-8 actually) to copy filtered resources, i.e. build is platform dependent!
2025-09-12 06:16:55,323 [Worker-17: ビルド] INFO  o.a.m.s.f.DefaultMavenResourcesFiltering - Copying 1 resource from src\main\resources to target\classes
2025-09-12 06:16:55,325 [Worker-17: ビルド] WARN  o.a.m.s.f.DefaultMavenResourcesFiltering - Using platform encoding (UTF-8 actually) to copy filtered resources, i.e. build is platform dependent!
2025-09-12 06:16:55,326 [Worker-17: ビルド] INFO  o.a.m.s.f.DefaultMavenResourcesFiltering - Copying 0 resource from src\test\resources to target\test-classes
2025-09-12 06:17:45,358 [main] ERROR o.e.m2e.editor.pom.MavenPomEditor - '/IH13A18_JV31_29_05/pom.xml' の URI を識別できません。
org.eclipse.ui.PartInitException: '/IH13A18_JV31_29_05/pom.xml' の URI を識別できません。
	at org.eclipse.ui.texteditor.AbstractTextEditor.internalInit(AbstractTextEditor.java:3202)
	at org.eclipse.ui.texteditor.AbstractTextEditor.init(AbstractTextEditor.java:3213)
	at org.eclipse.ui.part.MultiPageEditorPart.addPage(MultiPageEditorPart.java:250)
	at org.eclipse.ui.forms.editor.FormEditor.addPage(FormEditor.java:331)
	at org.eclipse.ui.part.MultiPageEditorPart.addPage(MultiPageEditorPart.java:229)
	at org.eclipse.ui.forms.editor.FormEditor.addPage(FormEditor.java:313)
	at org.eclipse.m2e.editor.pom.MavenPomEditor.addFallbackEditors(MavenPomEditor.java:361)
	at org.eclipse.m2e.editor.pom.MavenPomEditor.addPages(MavenPomEditor.java:337)
	at org.eclipse.ui.forms.editor.FormEditor.createPages(FormEditor.java:143)
	at org.eclipse.ui.part.MultiPageEditorPart.createPartControl(MultiPageEditorPart.java:381)
	at org.eclipse.ui.internal.e4.compatibility.CompatibilityPart.createPartControl(CompatibilityPart.java:158)
	at org.eclipse.ui.internal.e4.compatibility.CompatibilityEditor.createPartControl(CompatibilityEditor.java:96)
	at org.eclipse.ui.internal.e4.compatibility.CompatibilityPart.create(CompatibilityPart.java:365)
	at java.base/jdk.internal.reflect.DirectMethodHandleAccessor.invoke(DirectMethodHandleAccessor.java:103)
	at java.base/java.lang.reflect.Method.invoke(Method.java:580)
	at org.eclipse.e4.core.internal.di.MethodRequestor.execute(MethodRequestor.java:56)
	at org.eclipse.e4.core.internal.di.InjectorImpl.processAnnotated(InjectorImpl.java:977)
	at org.eclipse.e4.core.internal.di.InjectorImpl.processAnnotated(InjectorImpl.java:939)
	at org.eclipse.e4.core.internal.di.InjectorImpl.internalInject(InjectorImpl.java:139)
	at org.eclipse.e4.core.internal.di.InjectorImpl.internalMake(InjectorImpl.java:386)
	at org.eclipse.e4.core.internal.di.InjectorImpl.make(InjectorImpl.java:312)
	at org.eclipse.e4.core.contexts.ContextInjectionFactory.make(ContextInjectionFactory.java:203)
	at org.eclipse.e4.ui.internal.workbench.ReflectionContributionFactory.createFromBundle(ReflectionContributionFactory.java:90)
	at org.eclipse.e4.ui.internal.workbench.ReflectionContributionFactory.doCreate(ReflectionContributionFactory.java:59)
	at org.eclipse.e4.ui.internal.workbench.ReflectionContributionFactory.create(ReflectionContributionFactory.java:42)
	at org.eclipse.e4.ui.workbench.renderers.swt.ContributedPartRenderer.createWidget(ContributedPartRenderer.java:134)
	at org.eclipse.e4.ui.internal.workbench.swt.PartRenderingEngine.createWidget(PartRenderingEngine.java:991)
	at org.eclipse.e4.ui.internal.workbench.swt.PartRenderingEngine.safeCreateGui(PartRenderingEngine.java:658)
	at org.eclipse.e4.ui.internal.workbench.swt.PartRenderingEngine.safeCreateGui(PartRenderingEngine.java:762)
	at org.eclipse.e4.ui.internal.workbench.swt.PartRenderingEngine$2.run(PartRenderingEngine.java:727)
	at org.eclipse.core.runtime.SafeRunner.run(SafeRunner.java:47)
	at org.eclipse.e4.ui.internal.workbench.swt.PartRenderingEngine.createGui(PartRenderingEngine.java:711)
	at org.eclipse.e4.ui.workbench.renderers.swt.StackRenderer.showTab(StackRenderer.java:1389)
	at org.eclipse.e4.ui.workbench.renderers.swt.LazyStackRenderer.postProcess(LazyStackRenderer.java:114)
	at org.eclipse.e4.ui.internal.workbench.swt.PartRenderingEngine.safeCreateGui(PartRenderingEngine.java:676)
	at org.eclipse.e4.ui.internal.workbench.swt.PartRenderingEngine.safeCreateGui(PartRenderingEngine.java:762)
	at org.eclipse.e4.ui.internal.workbench.swt.PartRenderingEngine$2.run(PartRenderingEngine.java:727)
	at org.eclipse.core.runtime.SafeRunner.run(SafeRunner.java:47)
	at org.eclipse.e4.ui.internal.workbench.swt.PartRenderingEngine.createGui(PartRenderingEngine.java:711)
	at org.eclipse.e4.ui.workbench.renderers.swt.SWTPartRenderer.processContents(SWTPartRenderer.java:72)
	at org.eclipse.e4.ui.internal.workbench.swt.PartRenderingEngine.safeCreateGui(PartRenderingEngine.java:672)
	at org.eclipse.e4.ui.internal.workbench.swt.PartRenderingEngine$1.run(PartRenderingEngine.java:543)
	at org.eclipse.core.runtime.SafeRunner.run(SafeRunner.java:47)
	at org.eclipse.e4.ui.internal.workbench.swt.PartRenderingEngine.createGui(PartRenderingEngine.java:527)
	at org.eclipse.e4.ui.workbench.renderers.swt.ElementReferenceRenderer.createWidget(ElementReferenceRenderer.java:73)
	at org.eclipse.e4.ui.internal.workbench.swt.PartRenderingEngine.createWidget(PartRenderingEngine.java:991)
	at org.eclipse.e4.ui.internal.workbench.swt.PartRenderingEngine.safeCreateGui(PartRenderingEngine.java:658)
	at org.eclipse.e4.ui.internal.workbench.swt.PartRenderingEngine.safeCreateGui(PartRenderingEngine.java:762)
	at org.eclipse.e4.ui.internal.workbench.swt.PartRenderingEngine$2.run(PartRenderingEngine.java:727)
	at org.eclipse.core.runtime.SafeRunner.run(SafeRunner.java:47)
	at org.eclipse.e4.ui.internal.workbench.swt.PartRenderingEngine.createGui(PartRenderingEngine.java:711)
	at org.eclipse.e4.ui.workbench.renderers.swt.SWTPartRenderer.processContents(SWTPartRenderer.java:72)
	at org.eclipse.e4.ui.workbench.renderers.swt.SashRenderer.processContents(SashRenderer.java:147)
	at org.eclipse.e4.ui.internal.workbench.swt.PartRenderingEngine.safeCreateGui(PartRenderingEngine.java:672)
	at org.eclipse.e4.ui.internal.workbench.swt.PartRenderingEngine.safeCreateGui(PartRenderingEngine.java:762)
	at org.eclipse.e4.ui.internal.workbench.swt.PartRenderingEngine$2.run(PartRenderingEngine.java:727)
	at org.eclipse.core.runtime.SafeRunner.run(SafeRunner.java:47)
	at org.eclipse.e4.ui.internal.workbench.swt.PartRenderingEngine.createGui(PartRenderingEngine.java:711)
	at org.eclipse.e4.ui.workbench.renderers.swt.SWTPartRenderer.processContents(SWTPartRenderer.java:72)
	at org.eclipse.e4.ui.workbench.renderers.swt.SashRenderer.processContents(SashRenderer.java:147)
	at org.eclipse.e4.ui.internal.workbench.swt.PartRenderingEngine.safeCreateGui(PartRenderingEngine.java:672)
	at org.eclipse.e4.ui.internal.workbench.swt.PartRenderingEngine.safeCreateGui(PartRenderingEngine.java:762)
	at org.eclipse.e4.ui.internal.workbench.swt.PartRenderingEngine$2.run(PartRenderingEngine.java:727)
	at org.eclipse.core.runtime.SafeRunner.run(SafeRunner.java:47)
	at org.eclipse.e4.ui.internal.workbench.swt.PartRenderingEngine.createGui(PartRenderingEngine.java:711)
	at org.eclipse.e4.ui.workbench.renderers.swt.SWTPartRenderer.processContents(SWTPartRenderer.java:72)
	at org.eclipse.e4.ui.workbench.renderers.swt.SashRenderer.processContents(SashRenderer.java:147)
	at org.eclipse.e4.ui.internal.workbench.swt.PartRenderingEngine.safeCreateGui(PartRenderingEngine.java:672)
	at org.eclipse.e4.ui.internal.workbench.swt.PartRenderingEngine.safeCreateGui(PartRenderingEngine.java:762)
	at org.eclipse.e4.ui.internal.workbench.swt.PartRenderingEngine$2.run(PartRenderingEngine.java:727)
	at org.eclipse.core.runtime.SafeRunner.run(SafeRunner.java:47)
	at org.eclipse.e4.ui.internal.workbench.swt.PartRenderingEngine.createGui(PartRenderingEngine.java:711)
	at org.eclipse.e4.ui.workbench.renderers.swt.SWTPartRenderer.processContents(SWTPartRenderer.java:72)
	at org.eclipse.e4.ui.workbench.renderers.swt.PerspectiveRenderer.processContents(PerspectiveRenderer.java:48)
	at org.eclipse.e4.ui.internal.workbench.swt.PartRenderingEngine.safeCreateGui(PartRenderingEngine.java:672)
	at org.eclipse.e4.ui.internal.workbench.swt.PartRenderingEngine.safeCreateGui(PartRenderingEngine.java:762)
	at org.eclipse.e4.ui.internal.workbench.swt.PartRenderingEngine$2.run(PartRenderingEngine.java:727)
	at org.eclipse.core.runtime.SafeRunner.run(SafeRunner.java:47)
	at org.eclipse.e4.ui.internal.workbench.swt.PartRenderingEngine.createGui(PartRenderingEngine.java:711)
	at org.eclipse.e4.ui.workbench.renderers.swt.PerspectiveStackRenderer.showTab(PerspectiveStackRenderer.java:79)
	at org.eclipse.e4.ui.workbench.renderers.swt.LazyStackRenderer.postProcess(LazyStackRenderer.java:114)
	at org.eclipse.e4.ui.workbench.renderers.swt.PerspectiveStackRenderer.postProcess(PerspectiveStackRenderer.java:61)
	at org.eclipse.e4.ui.internal.workbench.swt.PartRenderingEngine.safeCreateGui(PartRenderingEngine.java:676)
	at org.eclipse.e4.ui.internal.workbench.swt.PartRenderingEngine.safeCreateGui(PartRenderingEngine.java:762)
	at org.eclipse.e4.ui.internal.workbench.swt.PartRenderingEngine$2.run(PartRenderingEngine.java:727)
	at org.eclipse.core.runtime.SafeRunner.run(SafeRunner.java:47)
	at org.eclipse.e4.ui.internal.workbench.swt.PartRenderingEngine.createGui(PartRenderingEngine.java:711)
	at org.eclipse.e4.ui.workbench.renderers.swt.SWTPartRenderer.processContents(SWTPartRenderer.java:72)
	at org.eclipse.e4.ui.workbench.renderers.swt.SashRenderer.processContents(SashRenderer.java:147)
	at org.eclipse.e4.ui.internal.workbench.swt.PartRenderingEngine.safeCreateGui(PartRenderingEngine.java:672)
	at org.eclipse.e4.ui.internal.workbench.swt.PartRenderingEngine.safeCreateGui(PartRenderingEngine.java:762)
	at org.eclipse.e4.ui.internal.workbench.swt.PartRenderingEngine$2.run(PartRenderingEngine.java:727)
	at org.eclipse.core.runtime.SafeRunner.run(SafeRunner.java:47)
	at org.eclipse.e4.ui.internal.workbench.swt.PartRenderingEngine.createGui(PartRenderingEngine.java:711)
	at org.eclipse.e4.ui.workbench.renderers.swt.SWTPartRenderer.processContents(SWTPartRenderer.java:72)
	at org.eclipse.e4.ui.workbench.renderers.swt.WBWRenderer.processContents(WBWRenderer.java:662)
	at org.eclipse.e4.ui.internal.workbench.swt.PartRenderingEngine.safeCreateGui(PartRenderingEngine.java:672)
	at org.eclipse.e4.ui.internal.workbench.swt.PartRenderingEngine.safeCreateGui(PartRenderingEngine.java:762)
	at org.eclipse.e4.ui.internal.workbench.swt.PartRenderingEngine$2.run(PartRenderingEngine.java:727)
	at org.eclipse.core.runtime.SafeRunner.run(SafeRunner.java:47)
	at org.eclipse.e4.ui.internal.workbench.swt.PartRenderingEngine.createGui(PartRenderingEngine.java:711)
	at org.eclipse.e4.ui.internal.workbench.swt.PartRenderingEngine$5.run(PartRenderingEngine.java:1079)
	at org.eclipse.core.databinding.observable.Realm.runWithDefault(Realm.java:339)
	at org.eclipse.e4.ui.internal.workbench.swt.PartRenderingEngine.run(PartRenderingEngine.java:1042)
	at org.eclipse.e4.ui.internal.workbench.E4Workbench.createAndRunUI(E4Workbench.java:153)
	at org.eclipse.ui.internal.Workbench.lambda$3(Workbench.java:663)
	at org.eclipse.core.databinding.observable.Realm.runWithDefault(Realm.java:339)
	at org.eclipse.ui.internal.Workbench.createAndRunWorkbench(Workbench.java:570)
	at org.eclipse.ui.PlatformUI.createAndRunWorkbench(PlatformUI.java:173)
	at org.eclipse.ui.internal.ide.application.IDEApplication.start(IDEApplication.java:178)
	at org.eclipse.equinox.internal.app.EclipseAppHandle.run(EclipseAppHandle.java:208)
	at org.eclipse.core.runtime.internal.adaptor.EclipseAppLauncher.runApplication(EclipseAppLauncher.java:143)
	at org.eclipse.core.runtime.internal.adaptor.EclipseAppLauncher.start(EclipseAppLauncher.java:109)
	at org.eclipse.core.runtime.adaptor.EclipseStarter.run(EclipseStarter.java:439)
	at org.eclipse.core.runtime.adaptor.EclipseStarter.run(EclipseStarter.java:271)
	at java.base/jdk.internal.reflect.DirectMethodHandleAccessor.invoke(DirectMethodHandleAccessor.java:103)
	at java.base/java.lang.reflect.Method.invoke(Method.java:580)
	at org.eclipse.equinox.launcher.Main.invokeFramework(Main.java:668)
	at org.eclipse.equinox.launcher.Main.basicRun(Main.java:605)
	at org.eclipse.equinox.launcher.Main.run(Main.java:1481)
Caused by: org.eclipse.core.runtime.CoreException: '/IH13A18_JV31_29_05/pom.xml' の URI を識別できません。
	at org.eclipse.core.internal.filebuffers.ResourceFileBuffer.create(ResourceFileBuffer.java:239)
	at org.eclipse.core.internal.filebuffers.TextFileBufferManager.connect(TextFileBufferManager.java:116)
	at org.eclipse.ui.editors.text.TextFileDocumentProvider.createFileInfo(TextFileDocumentProvider.java:565)
	at org.eclipse.ui.editors.text.TextFileDocumentProvider.connect(TextFileDocumentProvider.java:481)
	at org.eclipse.ui.texteditor.AbstractTextEditor.doSetInput(AbstractTextEditor.java:4187)
	at org.eclipse.ui.texteditor.StatusTextEditor.doSetInput(StatusTextEditor.java:262)
	at org.eclipse.ui.texteditor.AbstractDecoratedTextEditor.doSetInput(AbstractDecoratedTextEditor.java:1526)
	at org.eclipse.ui.editors.text.TextEditor.doSetInput(TextEditor.java:153)
	at org.eclipse.ui.internal.genericeditor.ExtensionBasedTextEditor.doSetInput(ExtensionBasedTextEditor.java:92)
	at org.eclipse.ui.texteditor.AbstractTextEditor.lambda$1(AbstractTextEditor.java:3171)
	at org.eclipse.ui.internal.WorkbenchWindow.run(WorkbenchWindow.java:2285)
	at org.eclipse.ui.texteditor.AbstractTextEditor.internalInit(AbstractTextEditor.java:3188)
	... 119 common frames omitted
2025-09-12 06:17:58,886 [Worker-4: Loading available Gradle versions] INFO  o.e.b.c.i.u.g.PublishedGradleVersions - Gradle version information cache is up-to-date. Trying to read.
2025-09-12 06:18:08,522 [Worker-3: ビルド] INFO  o.e.m.c.i.l.LifecycleMappingFactory - Using org.maven.ide.eclipse.wtp.WarLifecycleMapping lifecycle mapping for MavenProject: com.example:IH13A18_JV31_29_05:1.0-SNAPSHOT @ C:\pleiades\2024-12\workspace\IH13A18_JV31_29_05\pom.xml.
2025-09-12 06:18:09,055 [Worker-3: ビルド] WARN  o.a.m.s.f.DefaultMavenResourcesFiltering - Using platform encoding (UTF-8 actually) to copy filtered resources, i.e. build is platform dependent!
2025-09-12 06:18:09,058 [Worker-3: ビルド] INFO  o.a.m.s.f.DefaultMavenResourcesFiltering - Copying 1 resource from src\main\resources to target\classes
2025-09-12 06:18:09,063 [Worker-3: ビルド] WARN  o.a.m.s.f.DefaultMavenResourcesFiltering - Using platform encoding (UTF-8 actually) to copy filtered resources, i.e. build is platform dependent!
2025-09-12 06:18:09,064 [Worker-3: ビルド] INFO  o.a.m.s.f.DefaultMavenResourcesFiltering - skip non existing resourceDirectory C:\pleiades\2024-12\workspace\IH13A18_JV31_29_05\src\test\resources
2025-09-12 06:18:31,429 [Worker-4: ビルド] WARN  o.a.m.s.f.DefaultMavenResourcesFiltering - Using platform encoding (UTF-8 actually) to copy filtered resources, i.e. build is platform dependent!
2025-09-12 06:18:31,431 [Worker-4: ビルド] INFO  o.a.m.s.f.DefaultMavenResourcesFiltering - Copying 0 resource from src\main\resources to target\classes
2025-09-12 06:18:31,432 [Worker-4: ビルド] WARN  o.a.m.s.f.DefaultMavenResourcesFiltering - Using platform encoding (UTF-8 actually) to copy filtered resources, i.e. build is platform dependent!
2025-09-12 06:18:31,432 [Worker-4: ビルド] INFO  o.a.m.s.f.DefaultMavenResourcesFiltering - skip non existing resourceDirectory C:\pleiades\2024-12\workspace\IH13A18_JV31_29_05\src\test\resources
2025-09-12 06:18:44,738 [Worker-0: ビルド] WARN  o.a.m.s.f.DefaultMavenResourcesFiltering - Using platform encoding (UTF-8 actually) to copy filtered resources, i.e. build is platform dependent!
2025-09-12 06:18:44,739 [Worker-0: ビルド] INFO  o.a.m.s.f.DefaultMavenResourcesFiltering - Copying 1 resource from src\main\resources to target\classes
2025-09-12 06:18:44,743 [Worker-0: ビルド] WARN  o.a.m.s.f.DefaultMavenResourcesFiltering - Using platform encoding (UTF-8 actually) to copy filtered resources, i.e. build is platform dependent!
2025-09-12 06:18:44,744 [Worker-0: ビルド] INFO  o.a.m.s.f.DefaultMavenResourcesFiltering - skip non existing resourceDirectory C:\pleiades\2024-12\workspace\IH13A18_JV31_29_05\src\test\resources
2025-09-12 06:19:10,596 [Worker-4: ビルド] INFO  o.e.m.c.i.l.LifecycleMappingFactory - Using org.maven.ide.eclipse.wtp.WarLifecycleMapping lifecycle mapping for MavenProject: com.example:IH13A18_JV31_29_05:1.0-SNAPSHOT @ C:\pleiades\2024-12\workspace\IH13A18_JV31_29_05\pom.xml.
2025-09-12 06:19:10,978 [Worker-4: ビルド] WARN  o.a.m.s.f.DefaultMavenResourcesFiltering - Using platform encoding (UTF-8 actually) to copy filtered resources, i.e. build is platform dependent!
2025-09-12 06:19:10,980 [Worker-4: ビルド] INFO  o.a.m.s.f.DefaultMavenResourcesFiltering - Copying 0 resource from src\main\resources to target\classes
2025-09-12 06:19:10,982 [Worker-4: ビルド] WARN  o.a.m.s.f.DefaultMavenResourcesFiltering - Using platform encoding (UTF-8 actually) to copy filtered resources, i.e. build is platform dependent!
2025-09-12 06:19:10,983 [Worker-4: ビルド] INFO  o.a.m.s.f.DefaultMavenResourcesFiltering - skip non existing resourceDirectory C:\pleiades\2024-12\workspace\IH13A18_JV31_29_05\src\test\resources
2025-09-12 06:19:10,983 [Worker-4: ビルド] INFO  o.e.m.w.i.f.ResourceFilteringBuildParticipant - Changed resources require a complete clean of filtered resources of IH13A18_JV31_29_05
2025-09-12 06:19:10,984 [Worker-4: ビルド] INFO  o.e.m.w.i.f.ResourceFilteringBuildParticipant - Executing resource filtering for IH13A18_JV31_29_05
2025-09-12 06:19:12,081 [Worker-0: ビルド] WARN  o.a.m.s.f.DefaultMavenResourcesFiltering - Using platform encoding (UTF-8 actually) to copy filtered resources, i.e. build is platform dependent!
2025-09-12 06:19:12,082 [Worker-0: ビルド] INFO  o.a.m.s.f.DefaultMavenResourcesFiltering - Copying 1 resource from src\main\resources to target\classes
2025-09-12 06:19:12,085 [Worker-0: ビルド] WARN  o.a.m.s.f.DefaultMavenResourcesFiltering - Using platform encoding (UTF-8 actually) to copy filtered resources, i.e. build is platform dependent!
2025-09-12 06:19:12,086 [Worker-0: ビルド] INFO  o.a.m.s.f.DefaultMavenResourcesFiltering - skip non existing resourceDirectory C:\pleiades\2024-12\workspace\IH13A18_JV31_29_05\src\test\resources
2025-09-12 06:26:09,179 [Worker-5: ビルド] WARN  o.a.m.s.f.DefaultMavenResourcesFiltering - Using platform encoding (UTF-8 actually) to copy filtered resources, i.e. build is platform dependent!
2025-09-12 06:26:09,180 [Worker-5: ビルド] INFO  o.a.m.s.f.DefaultMavenResourcesFiltering - Copying 1 resource from src\main\resources to target\classes
2025-09-12 06:26:09,181 [Worker-5: ビルド] WARN  o.a.m.s.f.DefaultMavenResourcesFiltering - Using platform encoding (UTF-8 actually) to copy filtered resources, i.e. build is platform dependent!
2025-09-12 06:26:09,182 [Worker-5: ビルド] INFO  o.a.m.s.f.DefaultMavenResourcesFiltering - skip non existing resourceDirectory C:\pleiades\2024-12\workspace\IH13A18_JV31_29_05\src\test\resources
2025-09-12 06:28:07,275 [Worker-6: ビルド] WARN  o.a.m.s.f.DefaultMavenResourcesFiltering - Using platform encoding (UTF-8 actually) to copy filtered resources, i.e. build is platform dependent!
2025-09-12 06:28:07,276 [Worker-6: ビルド] INFO  o.a.m.s.f.DefaultMavenResourcesFiltering - Copying 1 resource from src\main\resources to target\classes
2025-09-12 06:28:07,278 [Worker-6: ビルド] WARN  o.a.m.s.f.DefaultMavenResourcesFiltering - Using platform encoding (UTF-8 actually) to copy filtered resources, i.e. build is platform dependent!
2025-09-12 06:28:07,278 [Worker-6: ビルド] INFO  o.a.m.s.f.DefaultMavenResourcesFiltering - skip non existing resourceDirectory C:\pleiades\2024-12\workspace\IH13A18_JV31_29_05\src\test\resources
2025-09-12 06:28:38,833 [Worker-5: ビルド] WARN  o.a.m.s.f.DefaultMavenResourcesFiltering - Using platform encoding (UTF-8 actually) to copy filtered resources, i.e. build is platform dependent!
2025-09-12 06:28:38,834 [Worker-5: ビルド] INFO  o.a.m.s.f.DefaultMavenResourcesFiltering - Copying 1 resource from src\main\resources to target\classes
2025-09-12 06:28:38,835 [Worker-5: ビルド] WARN  o.a.m.s.f.DefaultMavenResourcesFiltering - Using platform encoding (UTF-8 actually) to copy filtered resources, i.e. build is platform dependent!
2025-09-12 06:28:38,836 [Worker-5: ビルド] INFO  o.a.m.s.f.DefaultMavenResourcesFiltering - skip non existing resourceDirectory C:\pleiades\2024-12\workspace\IH13A18_JV31_29_05\src\test\resources
2025-09-12 06:29:00,777 [Worker-7: ビルド] WARN  o.a.m.s.f.DefaultMavenResourcesFiltering - Using platform encoding (UTF-8 actually) to copy filtered resources, i.e. build is platform dependent!
2025-09-12 06:29:00,778 [Worker-7: ビルド] INFO  o.a.m.s.f.DefaultMavenResourcesFiltering - Copying 1 resource from src\main\resources to target\classes
2025-09-12 06:29:00,779 [Worker-7: ビルド] WARN  o.a.m.s.f.DefaultMavenResourcesFiltering - Using platform encoding (UTF-8 actually) to copy filtered resources, i.e. build is platform dependent!
2025-09-12 06:29:00,780 [Worker-7: ビルド] INFO  o.a.m.s.f.DefaultMavenResourcesFiltering - skip non existing resourceDirectory C:\pleiades\2024-12\workspace\IH13A18_JV31_29_05\src\test\resources
2025-09-12 06:31:28,214 [Worker-2: ビルド] WARN  o.a.m.s.f.DefaultMavenResourcesFiltering - Using platform encoding (UTF-8 actually) to copy filtered resources, i.e. build is platform dependent!
2025-09-12 06:31:28,215 [Worker-2: ビルド] INFO  o.a.m.s.f.DefaultMavenResourcesFiltering - Copying 1 resource from src\main\resources to target\classes
2025-09-12 06:31:28,218 [Worker-2: ビルド] WARN  o.a.m.s.f.DefaultMavenResourcesFiltering - Using platform encoding (UTF-8 actually) to copy filtered resources, i.e. build is platform dependent!
2025-09-12 06:31:28,218 [Worker-2: ビルド] INFO  o.a.m.s.f.DefaultMavenResourcesFiltering - skip non existing resourceDirectory C:\pleiades\2024-12\workspace\IH13A18_JV31_29_05\src\test\resources
2025-09-12 06:31:35,843 [Worker-3: ビルド] WARN  o.a.m.s.f.DefaultMavenResourcesFiltering - Using platform encoding (UTF-8 actually) to copy filtered resources, i.e. build is platform dependent!
2025-09-12 06:31:35,844 [Worker-3: ビルド] INFO  o.a.m.s.f.DefaultMavenResourcesFiltering - Copying 1 resource from src\main\resources to target\classes
2025-09-12 06:31:35,846 [Worker-3: ビルド] WARN  o.a.m.s.f.DefaultMavenResourcesFiltering - Using platform encoding (UTF-8 actually) to copy filtered resources, i.e. build is platform dependent!
2025-09-12 06:31:35,846 [Worker-3: ビルド] INFO  o.a.m.s.f.DefaultMavenResourcesFiltering - skip non existing resourceDirectory C:\pleiades\2024-12\workspace\IH13A18_JV31_29_05\src\test\resources
2025-09-12 06:32:04,396 [Worker-7: ビルド] WARN  o.a.m.s.f.DefaultMavenResourcesFiltering - Using platform encoding (UTF-8 actually) to copy filtered resources, i.e. build is platform dependent!
2025-09-12 06:32:04,396 [Worker-7: ビルド] INFO  o.a.m.s.f.DefaultMavenResourcesFiltering - Copying 1 resource from src\main\resources to target\classes
2025-09-12 06:32:04,398 [Worker-7: ビルド] WARN  o.a.m.s.f.DefaultMavenResourcesFiltering - Using platform encoding (UTF-8 actually) to copy filtered resources, i.e. build is platform dependent!
2025-09-12 06:32:04,398 [Worker-7: ビルド] INFO  o.a.m.s.f.DefaultMavenResourcesFiltering - skip non existing resourceDirectory C:\pleiades\2024-12\workspace\IH13A18_JV31_29_05\src\test\resources
2025-09-12 06:35:58,139 [Worker-3: ビルド] WARN  o.a.m.s.f.DefaultMavenResourcesFiltering - Using platform encoding (UTF-8 actually) to copy filtered resources, i.e. build is platform dependent!
2025-09-12 06:35:58,140 [Worker-3: ビルド] INFO  o.a.m.s.f.DefaultMavenResourcesFiltering - Copying 1 resource from src\main\resources to target\classes
2025-09-12 06:35:58,142 [Worker-3: ビルド] WARN  o.a.m.s.f.DefaultMavenResourcesFiltering - Using platform encoding (UTF-8 actually) to copy filtered resources, i.e. build is platform dependent!
2025-09-12 06:35:58,142 [Worker-3: ビルド] INFO  o.a.m.s.f.DefaultMavenResourcesFiltering - skip non existing resourceDirectory C:\pleiades\2024-12\workspace\IH13A18_JV31_29_05\src\test\resources
2025-09-12 06:36:13,256 [Worker-1: ビルド] WARN  o.a.m.s.f.DefaultMavenResourcesFiltering - Using platform encoding (UTF-8 actually) to copy filtered resources, i.e. build is platform dependent!
2025-09-12 06:36:13,257 [Worker-1: ビルド] INFO  o.a.m.s.f.DefaultMavenResourcesFiltering - Copying 1 resource from src\main\resources to target\classes
2025-09-12 06:36:13,259 [Worker-1: ビルド] WARN  o.a.m.s.f.DefaultMavenResourcesFiltering - Using platform encoding (UTF-8 actually) to copy filtered resources, i.e. build is platform dependent!
2025-09-12 06:36:13,259 [Worker-1: ビルド] INFO  o.a.m.s.f.DefaultMavenResourcesFiltering - skip non existing resourceDirectory C:\pleiades\2024-12\workspace\IH13A18_JV31_29_05\src\test\resources
2025-09-12 06:37:43,446 [Worker-6: ビルド] WARN  o.a.m.s.f.DefaultMavenResourcesFiltering - Using platform encoding (UTF-8 actually) to copy filtered resources, i.e. build is platform dependent!
2025-09-12 06:37:43,447 [Worker-6: ビルド] INFO  o.a.m.s.f.DefaultMavenResourcesFiltering - Copying 1 resource from src\main\resources to target\classes
2025-09-12 06:37:43,448 [Worker-6: ビルド] WARN  o.a.m.s.f.DefaultMavenResourcesFiltering - Using platform encoding (UTF-8 actually) to copy filtered resources, i.e. build is platform dependent!
2025-09-12 06:37:43,449 [Worker-6: ビルド] INFO  o.a.m.s.f.DefaultMavenResourcesFiltering - skip non existing resourceDirectory C:\pleiades\2024-12\workspace\IH13A18_JV31_29_05\src\test\resources
2025-09-12 06:38:25,924 [Worker-7: ビルド] WARN  o.a.m.s.f.DefaultMavenResourcesFiltering - Using platform encoding (UTF-8 actually) to copy filtered resources, i.e. build is platform dependent!
2025-09-12 06:38:25,926 [Worker-7: ビルド] INFO  o.a.m.s.f.DefaultMavenResourcesFiltering - Copying 0 resource from src\main\resources to target\classes
2025-09-12 06:38:25,927 [Worker-7: ビルド] WARN  o.a.m.s.f.DefaultMavenResourcesFiltering - Using platform encoding (UTF-8 actually) to copy filtered resources, i.e. build is platform dependent!
2025-09-12 06:38:25,927 [Worker-7: ビルド] INFO  o.a.m.s.f.DefaultMavenResourcesFiltering - skip non existing resourceDirectory C:\pleiades\2024-12\workspace\IH13A18_JV31_29_05\src\test\resources
2025-09-12 06:43:29,169 [Worker-10: ビルド] WARN  o.a.m.s.f.DefaultMavenResourcesFiltering - Using platform encoding (UTF-8 actually) to copy filtered resources, i.e. build is platform dependent!
2025-09-12 06:43:29,170 [Worker-10: ビルド] INFO  o.a.m.s.f.DefaultMavenResourcesFiltering - Copying 0 resource from src\main\resources to target\classes
2025-09-12 06:43:29,171 [Worker-10: ビルド] WARN  o.a.m.s.f.DefaultMavenResourcesFiltering - Using platform encoding (UTF-8 actually) to copy filtered resources, i.e. build is platform dependent!
2025-09-12 06:43:29,171 [Worker-10: ビルド] INFO  o.a.m.s.f.DefaultMavenResourcesFiltering - skip non existing resourceDirectory C:\pleiades\2024-12\workspace\IH13A18_JV31_29_05\src\test\resources
2025-09-12 12:14:56,971 [Worker-13: Loading available Gradle versions] INFO  o.e.b.c.i.u.g.PublishedGradleVersions - Gradle version information cache is out-of-date. Trying to update.
2025-09-12 12:15:00,429 [Worker-12: ビルド] WARN  o.a.m.s.f.DefaultMavenResourcesFiltering - Using platform encoding (UTF-8 actually) to copy filtered resources, i.e. build is platform dependent!
2025-09-12 12:15:00,432 [Worker-12: ビルド] INFO  o.a.m.s.f.DefaultMavenResourcesFiltering - Copying 1 resource from src\main\resources to target\classes
2025-09-12 12:15:00,439 [Worker-12: ビルド] WARN  o.a.m.s.f.DefaultMavenResourcesFiltering - Using platform encoding (UTF-8 actually) to copy filtered resources, i.e. build is platform dependent!
2025-09-12 12:15:00,439 [Worker-12: ビルド] INFO  o.a.m.s.f.DefaultMavenResourcesFiltering - skip non existing resourceDirectory C:\pleiades\2024-12\workspace\IH13A18_JV31_29_05\src\test\resources
2025-09-12 12:15:01,292 [Worker-12: ビルド] WARN  o.a.m.s.f.DefaultMavenResourcesFiltering - Using platform encoding (UTF-8 actually) to copy filtered resources, i.e. build is platform dependent!
2025-09-12 12:15:01,293 [Worker-12: ビルド] INFO  o.a.m.s.f.DefaultMavenResourcesFiltering - Copying 1 resource from src\main\resources to target\classes
2025-09-12 12:15:01,297 [Worker-12: ビルド] WARN  o.a.m.s.f.DefaultMavenResourcesFiltering - Using platform encoding (UTF-8 actually) to copy filtered resources, i.e. build is platform dependent!
2025-09-12 12:15:01,297 [Worker-12: ビルド] INFO  o.a.m.s.f.DefaultMavenResourcesFiltering - skip non existing resourceDirectory C:\pleiades\2024-12\workspace\IH13AXX_JV31_29_05\src\test\resources
2025-09-12 12:15:04,475 [Worker-10: Maven 依存関係の更新中] INFO  o.e.m.c.i.l.LifecycleMappingFactory - Using org.maven.ide.eclipse.wtp.WarLifecycleMapping lifecycle mapping for MavenProject: com.example:IH13A18_JV31_29_05:1.0-SNAPSHOT @ C:\pleiades\2024-12\workspace\IH13A18_JV31_29_05\pom.xml.
2025-09-12 12:15:12,173 [Worker-3: Maven 依存関係の更新中] INFO  o.e.m.c.i.l.LifecycleMappingFactory - Using org.maven.ide.eclipse.wtp.WarLifecycleMapping lifecycle mapping for MavenProject: com.example:IH13A18_JV31_29_05:1.0-SNAPSHOT @ C:\pleiades\2024-12\workspace\IH13A18_JV31_29_05\pom.xml.
2025-09-12 12:15:22,551 [Worker-11: Maven 依存関係の更新中] INFO  o.e.m.c.i.l.LifecycleMappingFactory - Using org.maven.ide.eclipse.wtp.WarLifecycleMapping lifecycle mapping for MavenProject: com.example:IH13A18_JV31_29_05:1.0-SNAPSHOT @ C:\pleiades\2024-12\workspace\IH13A18_JV31_29_05\pom.xml.
2025-09-12 12:15:38,999 [Worker-2: Maven 依存関係の更新中] INFO  o.e.m.c.i.l.LifecycleMappingFactory - Using org.maven.ide.eclipse.wtp.WarLifecycleMapping lifecycle mapping for MavenProject: com.example:IH13A18_JV31_29_05:1.0-SNAPSHOT @ C:\pleiades\2024-12\workspace\IH13A18_JV31_29_05\pom.xml.
2025-09-12 12:15:50,673 [Worker-7: Maven 依存関係の更新中] INFO  o.e.m.c.i.l.LifecycleMappingFactory - Using org.maven.ide.eclipse.wtp.WarLifecycleMapping lifecycle mapping for MavenProject: com.example:IH13A18_JV31_29_05:1.0-SNAPSHOT @ C:\pleiades\2024-12\workspace\IH13A18_JV31_29_05\pom.xml.
2025-09-12 12:16:02,318 [Worker-3: ビルド] INFO  o.e.m.c.i.l.LifecycleMappingFactory - Using org.maven.ide.eclipse.wtp.WarLifecycleMapping lifecycle mapping for MavenProject: com.example:IH13A06_JV31_29_05:1.0-SNAPSHOT @ C:\pleiades\2024-12\workspace\IH13A18_JV31_29_05\pom.xml.
2025-09-12 12:16:02,376 [Worker-3: ビルド] WARN  o.a.m.s.f.DefaultMavenResourcesFiltering - Using platform encoding (UTF-8 actually) to copy filtered resources, i.e. build is platform dependent!
2025-09-12 12:16:02,378 [Worker-3: ビルド] INFO  o.a.m.s.f.DefaultMavenResourcesFiltering - Copying 0 resource from src\main\resources to target\classes
2025-09-12 12:16:02,379 [Worker-3: ビルド] WARN  o.a.m.s.f.DefaultMavenResourcesFiltering - Using platform encoding (UTF-8 actually) to copy filtered resources, i.e. build is platform dependent!
2025-09-12 12:16:02,379 [Worker-3: ビルド] INFO  o.a.m.s.f.DefaultMavenResourcesFiltering - skip non existing resourceDirectory C:\pleiades\2024-12\workspace\IH13A18_JV31_29_05\src\test\resources
2025-09-12 12:16:02,380 [Worker-3: ビルド] INFO  o.e.m.w.i.f.ResourceFilteringBuildParticipant - Changed resources require a complete clean of filtered resources of IH13A18_JV31_29_05
2025-09-12 12:16:02,380 [Worker-3: ビルド] INFO  o.e.m.w.i.f.ResourceFilteringBuildParticipant - Executing resource filtering for IH13A18_JV31_29_05
2025-09-12 12:16:22,201 [Worker-13: ビルド] WARN  o.a.m.s.f.DefaultMavenResourcesFiltering - Using platform encoding (UTF-8 actually) to copy filtered resources, i.e. build is platform dependent!
2025-09-12 12:16:22,202 [Worker-13: ビルド] INFO  o.a.m.s.f.DefaultMavenResourcesFiltering - Copying 1 resource from src\main\resources to target\classes
2025-09-12 12:16:22,205 [Worker-13: ビルド] WARN  o.a.m.s.f.DefaultMavenResourcesFiltering - Using platform encoding (UTF-8 actually) to copy filtered resources, i.e. build is platform dependent!
2025-09-12 12:16:22,205 [Worker-13: ビルド] INFO  o.a.m.s.f.DefaultMavenResourcesFiltering - skip non existing resourceDirectory C:\pleiades\2024-12\workspace\IH13A18_JV31_29_05\src\test\resources
2025-09-12 12:16:37,076 [Worker-7: Maven 依存関係の更新中] INFO  o.e.m.c.i.l.LifecycleMappingFactory - Using org.maven.ide.eclipse.wtp.WarLifecycleMapping lifecycle mapping for MavenProject: com.example:IH13A06_JV31_29_05:1.0-SNAPSHOT @ C:\pleiades\2024-12\workspace\IH13A18_JV31_29_05\pom.xml.
2025-09-12 12:17:28,037 [Worker-13: ビルド] INFO  o.e.m.c.i.l.LifecycleMappingFactory - Using org.maven.ide.eclipse.wtp.WarLifecycleMapping lifecycle mapping for MavenProject: com.example:IH13A06_JV31_29_05:1.0-SNAPSHOT @ C:\pleiades\2024-12\workspace\IH13A06_JV31_29_05\pom.xml.
2025-09-12 12:17:28,185 [Worker-13: ビルド] WARN  o.a.m.s.f.DefaultMavenResourcesFiltering - Using platform encoding (UTF-8 actually) to copy filtered resources, i.e. build is platform dependent!
2025-09-12 12:17:28,186 [Worker-13: ビルド] INFO  o.a.m.s.f.DefaultMavenResourcesFiltering - Copying 1 resource from src\main\resources to target\classes
2025-09-12 12:17:28,188 [Worker-13: ビルド] WARN  o.a.m.s.f.DefaultMavenResourcesFiltering - Using platform encoding (UTF-8 actually) to copy filtered resources, i.e. build is platform dependent!
2025-09-12 12:17:28,189 [Worker-13: ビルド] INFO  o.a.m.s.f.DefaultMavenResourcesFiltering - skip non existing resourceDirectory C:\pleiades\2024-12\workspace\IH13A06_JV31_29_05\src\test\resources
2025-09-12 12:39:12,090 [Worker-7: ビルド] WARN  o.a.m.s.f.DefaultMavenResourcesFiltering - Using platform encoding (UTF-8 actually) to copy filtered resources, i.e. build is platform dependent!
2025-09-12 12:39:12,091 [Worker-7: ビルド] INFO  o.a.m.s.f.DefaultMavenResourcesFiltering - Copying 1 resource from src\main\resources to target\classes
2025-09-12 12:39:12,092 [Worker-7: ビルド] WARN  o.a.m.s.f.DefaultMavenResourcesFiltering - Using platform encoding (UTF-8 actually) to copy filtered resources, i.e. build is platform dependent!
2025-09-12 12:39:12,093 [Worker-7: ビルド] INFO  o.a.m.s.f.DefaultMavenResourcesFiltering - skip non existing resourceDirectory C:\pleiades\2024-12\workspace\IH13A06_JV31_29_05\src\test\resources
2025-09-12 12:42:15,639 [Worker-10: ビルド] WARN  o.a.m.s.f.DefaultMavenResourcesFiltering - Using platform encoding (UTF-8 actually) to copy filtered resources, i.e. build is platform dependent!
2025-09-12 12:42:15,640 [Worker-10: ビルド] INFO  o.a.m.s.f.DefaultMavenResourcesFiltering - Copying 0 resource from src\main\resources to target\classes
2025-09-12 12:42:15,641 [Worker-10: ビルド] WARN  o.a.m.s.f.DefaultMavenResourcesFiltering - Using platform encoding (UTF-8 actually) to copy filtered resources, i.e. build is platform dependent!
2025-09-12 12:42:15,642 [Worker-10: ビルド] INFO  o.a.m.s.f.DefaultMavenResourcesFiltering - skip non existing resourceDirectory C:\pleiades\2024-12\workspace\IH13A06_JV31_29_05\src\test\resources
2025-09-12 12:43:09,064 [Worker-12: ビルド] WARN  o.a.m.s.f.DefaultMavenResourcesFiltering - Using platform encoding (UTF-8 actually) to copy filtered resources, i.e. build is platform dependent!
2025-09-12 12:43:09,066 [Worker-12: ビルド] INFO  o.a.m.s.f.DefaultMavenResourcesFiltering - Copying 0 resource from src\main\resources to target\classes
2025-09-12 12:43:09,067 [Worker-12: ビルド] WARN  o.a.m.s.f.DefaultMavenResourcesFiltering - Using platform encoding (UTF-8 actually) to copy filtered resources, i.e. build is platform dependent!
2025-09-12 12:43:09,067 [Worker-12: ビルド] INFO  o.a.m.s.f.DefaultMavenResourcesFiltering - skip non existing resourceDirectory C:\pleiades\2024-12\workspace\IH13A06_JV31_29_05\src\test\resources
2025-09-12 12:50:00,760 [Worker-2: ビルド] WARN  o.a.m.s.f.DefaultMavenResourcesFiltering - Using platform encoding (UTF-8 actually) to copy filtered resources, i.e. build is platform dependent!
2025-09-12 12:50:00,761 [Worker-2: ビルド] INFO  o.a.m.s.f.DefaultMavenResourcesFiltering - Copying 1 resource from src\main\resources to target\classes
2025-09-12 12:50:00,762 [Worker-2: ビルド] WARN  o.a.m.s.f.DefaultMavenResourcesFiltering - Using platform encoding (UTF-8 actually) to copy filtered resources, i.e. build is platform dependent!
2025-09-12 12:50:00,763 [Worker-2: ビルド] INFO  o.a.m.s.f.DefaultMavenResourcesFiltering - skip non existing resourceDirectory C:\pleiades\2024-12\workspace\IH13A06_JV31_29_05\src\test\resources
2025-09-12 12:50:26,390 [Worker-11: ビルド] WARN  o.a.m.s.f.DefaultMavenResourcesFiltering - Using platform encoding (UTF-8 actually) to copy filtered resources, i.e. build is platform dependent!
2025-09-12 12:50:26,391 [Worker-11: ビルド] INFO  o.a.m.s.f.DefaultMavenResourcesFiltering - Copying 1 resource from src\main\resources to target\classes
2025-09-12 12:50:26,392 [Worker-11: ビルド] WARN  o.a.m.s.f.DefaultMavenResourcesFiltering - Using platform encoding (UTF-8 actually) to copy filtered resources, i.e. build is platform dependent!
2025-09-12 12:50:26,393 [Worker-11: ビルド] INFO  o.a.m.s.f.DefaultMavenResourcesFiltering - skip non existing resourceDirectory C:\pleiades\2024-12\workspace\IH13A06_JV31_29_05\src\test\resources
2025-09-12 12:50:30,217 [Worker-12: ビルド] WARN  o.a.m.s.f.DefaultMavenResourcesFiltering - Using platform encoding (UTF-8 actually) to copy filtered resources, i.e. build is platform dependent!
2025-09-12 12:50:30,218 [Worker-12: ビルド] INFO  o.a.m.s.f.DefaultMavenResourcesFiltering - Copying 1 resource from src\main\resources to target\classes
2025-09-12 12:50:30,220 [Worker-12: ビルド] WARN  o.a.m.s.f.DefaultMavenResourcesFiltering - Using platform encoding (UTF-8 actually) to copy filtered resources, i.e. build is platform dependent!
2025-09-12 12:50:30,220 [Worker-12: ビルド] INFO  o.a.m.s.f.DefaultMavenResourcesFiltering - skip non existing resourceDirectory C:\pleiades\2024-12\workspace\IH13A06_JV31_29_05\src\test\resources
2025-09-12 12:50:34,465 [Worker-2: ビルド] WARN  o.a.m.s.f.DefaultMavenResourcesFiltering - Using platform encoding (UTF-8 actually) to copy filtered resources, i.e. build is platform dependent!
2025-09-12 12:50:34,466 [Worker-2: ビルド] INFO  o.a.m.s.f.DefaultMavenResourcesFiltering - Copying 0 resource from src\main\resources to target\classes
2025-09-12 12:50:34,467 [Worker-2: ビルド] WARN  o.a.m.s.f.DefaultMavenResourcesFiltering - Using platform encoding (UTF-8 actually) to copy filtered resources, i.e. build is platform dependent!
2025-09-12 12:50:34,468 [Worker-2: ビルド] INFO  o.a.m.s.f.DefaultMavenResourcesFiltering - skip non existing resourceDirectory C:\pleiades\2024-12\workspace\IH13A06_JV31_29_05\src\test\resources
2025-09-12 12:51:59,850 [Worker-6: ビルド] WARN  o.a.m.s.f.DefaultMavenResourcesFiltering - Using platform encoding (UTF-8 actually) to copy filtered resources, i.e. build is platform dependent!
2025-09-12 12:51:59,852 [Worker-6: ビルド] INFO  o.a.m.s.f.DefaultMavenResourcesFiltering - Copying 0 resource from src\main\resources to target\classes
2025-09-12 12:51:59,853 [Worker-6: ビルド] WARN  o.a.m.s.f.DefaultMavenResourcesFiltering - Using platform encoding (UTF-8 actually) to copy filtered resources, i.e. build is platform dependent!
2025-09-12 12:51:59,853 [Worker-6: ビルド] INFO  o.a.m.s.f.DefaultMavenResourcesFiltering - skip non existing resourceDirectory C:\pleiades\2024-12\workspace\IH13A06_JV31_29_05\src\test\resources
2025-09-12 12:52:16,188 [Worker-9: ビルド] WARN  o.a.m.s.f.DefaultMavenResourcesFiltering - Using platform encoding (UTF-8 actually) to copy filtered resources, i.e. build is platform dependent!
2025-09-12 12:52:16,189 [Worker-9: ビルド] INFO  o.a.m.s.f.DefaultMavenResourcesFiltering - Copying 0 resource from src\main\resources to target\classes
2025-09-12 12:52:16,190 [Worker-9: ビルド] WARN  o.a.m.s.f.DefaultMavenResourcesFiltering - Using platform encoding (UTF-8 actually) to copy filtered resources, i.e. build is platform dependent!
2025-09-12 12:52:16,191 [Worker-9: ビルド] INFO  o.a.m.s.f.DefaultMavenResourcesFiltering - skip non existing resourceDirectory C:\pleiades\2024-12\workspace\IH13A06_JV31_29_05\src\test\resources
2025-09-12 12:53:03,533 [Worker-13: ビルド] WARN  o.a.m.s.f.DefaultMavenResourcesFiltering - Using platform encoding (UTF-8 actually) to copy filtered resources, i.e. build is platform dependent!
2025-09-12 12:53:03,534 [Worker-13: ビルド] INFO  o.a.m.s.f.DefaultMavenResourcesFiltering - Copying 1 resource from src\main\resources to target\classes
2025-09-12 12:53:03,535 [Worker-13: ビルド] WARN  o.a.m.s.f.DefaultMavenResourcesFiltering - Using platform encoding (UTF-8 actually) to copy filtered resources, i.e. build is platform dependent!
2025-09-12 12:53:03,535 [Worker-13: ビルド] INFO  o.a.m.s.f.DefaultMavenResourcesFiltering - skip non existing resourceDirectory C:\pleiades\2024-12\workspace\IH13A06_JV31_29_05\src\test\resources
2025-09-12 12:55:14,035 [Worker-12: ビルド] WARN  o.a.m.s.f.DefaultMavenResourcesFiltering - Using platform encoding (UTF-8 actually) to copy filtered resources, i.e. build is platform dependent!
2025-09-12 12:55:14,036 [Worker-12: ビルド] INFO  o.a.m.s.f.DefaultMavenResourcesFiltering - Copying 1 resource from src\main\resources to target\classes
2025-09-12 12:55:14,037 [Worker-12: ビルド] WARN  o.a.m.s.f.DefaultMavenResourcesFiltering - Using platform encoding (UTF-8 actually) to copy filtered resources, i.e. build is platform dependent!
2025-09-12 12:55:14,038 [Worker-12: ビルド] INFO  o.a.m.s.f.DefaultMavenResourcesFiltering - skip non existing resourceDirectory C:\pleiades\2024-12\workspace\IH13A06_JV31_29_05\src\test\resources
2025-09-12 12:55:45,236 [Worker-3: ビルド] WARN  o.a.m.s.f.DefaultMavenResourcesFiltering - Using platform encoding (UTF-8 actually) to copy filtered resources, i.e. build is platform dependent!
2025-09-12 12:55:45,237 [Worker-3: ビルド] INFO  o.a.m.s.f.DefaultMavenResourcesFiltering - Copying 1 resource from src\main\resources to target\classes
2025-09-12 12:55:45,238 [Worker-3: ビルド] WARN  o.a.m.s.f.DefaultMavenResourcesFiltering - Using platform encoding (UTF-8 actually) to copy filtered resources, i.e. build is platform dependent!
2025-09-12 12:55:45,238 [Worker-3: ビルド] INFO  o.a.m.s.f.DefaultMavenResourcesFiltering - skip non existing resourceDirectory C:\pleiades\2024-12\workspace\IH13A06_JV31_29_05\src\test\resources
2025-09-12 12:56:03,588 [Worker-13: ビルド] WARN  o.a.m.s.f.DefaultMavenResourcesFiltering - Using platform encoding (UTF-8 actually) to copy filtered resources, i.e. build is platform dependent!
2025-09-12 12:56:03,589 [Worker-13: ビルド] INFO  o.a.m.s.f.DefaultMavenResourcesFiltering - Copying 1 resource from src\main\resources to target\classes
2025-09-12 12:56:03,590 [Worker-13: ビルド] WARN  o.a.m.s.f.DefaultMavenResourcesFiltering - Using platform encoding (UTF-8 actually) to copy filtered resources, i.e. build is platform dependent!
2025-09-12 12:56:03,590 [Worker-13: ビルド] INFO  o.a.m.s.f.DefaultMavenResourcesFiltering - skip non existing resourceDirectory C:\pleiades\2024-12\workspace\IH13A06_JV31_29_05\src\test\resources
2025-09-12 12:57:05,984 [Worker-0: ビルド] WARN  o.a.m.s.f.DefaultMavenResourcesFiltering - Using platform encoding (UTF-8 actually) to copy filtered resources, i.e. build is platform dependent!
2025-09-12 12:57:05,985 [Worker-0: ビルド] INFO  o.a.m.s.f.DefaultMavenResourcesFiltering - Copying 0 resource from src\main\resources to target\classes
2025-09-12 12:57:05,986 [Worker-0: ビルド] WARN  o.a.m.s.f.DefaultMavenResourcesFiltering - Using platform encoding (UTF-8 actually) to copy filtered resources, i.e. build is platform dependent!
2025-09-12 12:57:05,986 [Worker-0: ビルド] INFO  o.a.m.s.f.DefaultMavenResourcesFiltering - skip non existing resourceDirectory C:\pleiades\2024-12\workspace\IH13A06_JV31_29_05\src\test\resources
2025-09-12 12:57:08,601 [Worker-7: ビルド] WARN  o.a.m.s.f.DefaultMavenResourcesFiltering - Using platform encoding (UTF-8 actually) to copy filtered resources, i.e. build is platform dependent!
2025-09-12 12:57:08,602 [Worker-7: ビルド] INFO  o.a.m.s.f.DefaultMavenResourcesFiltering - Copying 0 resource from src\main\resources to target\classes
2025-09-12 12:57:08,603 [Worker-7: ビルド] WARN  o.a.m.s.f.DefaultMavenResourcesFiltering - Using platform encoding (UTF-8 actually) to copy filtered resources, i.e. build is platform dependent!
2025-09-12 12:57:08,604 [Worker-7: ビルド] INFO  o.a.m.s.f.DefaultMavenResourcesFiltering - skip non existing resourceDirectory C:\pleiades\2024-12\workspace\IH13A06_JV31_29_05\src\test\resources
2025-09-12 12:57:11,584 [Worker-7: ビルド] WARN  o.a.m.s.f.DefaultMavenResourcesFiltering - Using platform encoding (UTF-8 actually) to copy filtered resources, i.e. build is platform dependent!
2025-09-12 12:57:11,585 [Worker-7: ビルド] INFO  o.a.m.s.f.DefaultMavenResourcesFiltering - Copying 0 resource from src\main\resources to target\classes
2025-09-12 12:57:11,587 [Worker-7: ビルド] WARN  o.a.m.s.f.DefaultMavenResourcesFiltering - Using platform encoding (UTF-8 actually) to copy filtered resources, i.e. build is platform dependent!
2025-09-12 12:57:11,587 [Worker-7: ビルド] INFO  o.a.m.s.f.DefaultMavenResourcesFiltering - skip non existing resourceDirectory C:\pleiades\2024-12\workspace\IH13A06_JV31_29_05\src\test\resources
2025-09-12 12:57:15,087 [Worker-7: ビルド] WARN  o.a.m.s.f.DefaultMavenResourcesFiltering - Using platform encoding (UTF-8 actually) to copy filtered resources, i.e. build is platform dependent!
2025-09-12 12:57:15,088 [Worker-7: ビルド] INFO  o.a.m.s.f.DefaultMavenResourcesFiltering - Copying 0 resource from src\main\resources to target\classes
2025-09-12 12:57:15,089 [Worker-7: ビルド] WARN  o.a.m.s.f.DefaultMavenResourcesFiltering - Using platform encoding (UTF-8 actually) to copy filtered resources, i.e. build is platform dependent!
2025-09-12 12:57:15,090 [Worker-7: ビルド] INFO  o.a.m.s.f.DefaultMavenResourcesFiltering - skip non existing resourceDirectory C:\pleiades\2024-12\workspace\IH13A06_JV31_29_05\src\test\resources
2025-09-12 12:57:22,106 [Worker-3: ビルド] WARN  o.a.m.s.f.DefaultMavenResourcesFiltering - Using platform encoding (UTF-8 actually) to copy filtered resources, i.e. build is platform dependent!
2025-09-12 12:57:22,107 [Worker-3: ビルド] INFO  o.a.m.s.f.DefaultMavenResourcesFiltering - Copying 0 resource from src\main\resources to target\classes
2025-09-12 12:57:22,108 [Worker-3: ビルド] WARN  o.a.m.s.f.DefaultMavenResourcesFiltering - Using platform encoding (UTF-8 actually) to copy filtered resources, i.e. build is platform dependent!
2025-09-12 12:57:22,109 [Worker-3: ビルド] INFO  o.a.m.s.f.DefaultMavenResourcesFiltering - skip non existing resourceDirectory C:\pleiades\2024-12\workspace\IH13A06_JV31_29_05\src\test\resources
2025-09-12 12:58:02,297 [Worker-11: ビルド] WARN  o.a.m.s.f.DefaultMavenResourcesFiltering - Using platform encoding (UTF-8 actually) to copy filtered resources, i.e. build is platform dependent!
2025-09-12 12:58:02,298 [Worker-11: ビルド] INFO  o.a.m.s.f.DefaultMavenResourcesFiltering - Copying 1 resource from src\main\resources to target\classes
2025-09-12 12:58:02,299 [Worker-11: ビルド] WARN  o.a.m.s.f.DefaultMavenResourcesFiltering - Using platform encoding (UTF-8 actually) to copy filtered resources, i.e. build is platform dependent!
2025-09-12 12:58:02,300 [Worker-11: ビルド] INFO  o.a.m.s.f.DefaultMavenResourcesFiltering - skip non existing resourceDirectory C:\pleiades\2024-12\workspace\IH13A06_JV31_29_05\src\test\resources
2025-09-12 12:59:31,867 [Worker-0: ビルド] WARN  o.a.m.s.f.DefaultMavenResourcesFiltering - Using platform encoding (UTF-8 actually) to copy filtered resources, i.e. build is platform dependent!
2025-09-12 12:59:31,869 [Worker-0: ビルド] INFO  o.a.m.s.f.DefaultMavenResourcesFiltering - Copying 1 resource from src\main\resources to target\classes
2025-09-12 12:59:31,870 [Worker-0: ビルド] WARN  o.a.m.s.f.DefaultMavenResourcesFiltering - Using platform encoding (UTF-8 actually) to copy filtered resources, i.e. build is platform dependent!
2025-09-12 12:59:31,870 [Worker-0: ビルド] INFO  o.a.m.s.f.DefaultMavenResourcesFiltering - skip non existing resourceDirectory C:\pleiades\2024-12\workspace\IH13A06_JV31_29_05\src\test\resources
2025-09-12 12:59:55,907 [Worker-8: ビルド] WARN  o.a.m.s.f.DefaultMavenResourcesFiltering - Using platform encoding (UTF-8 actually) to copy filtered resources, i.e. build is platform dependent!
2025-09-12 12:59:55,908 [Worker-8: ビルド] INFO  o.a.m.s.f.DefaultMavenResourcesFiltering - Copying 1 resource from src\main\resources to target\classes
2025-09-12 12:59:55,909 [Worker-8: ビルド] WARN  o.a.m.s.f.DefaultMavenResourcesFiltering - Using platform encoding (UTF-8 actually) to copy filtered resources, i.e. build is platform dependent!
2025-09-12 12:59:55,910 [Worker-8: ビルド] INFO  o.a.m.s.f.DefaultMavenResourcesFiltering - skip non existing resourceDirectory C:\pleiades\2024-12\workspace\IH13A06_JV31_29_05\src\test\resources
2025-09-12 13:00:35,024 [Worker-3: ビルド] WARN  o.a.m.s.f.DefaultMavenResourcesFiltering - Using platform encoding (UTF-8 actually) to copy filtered resources, i.e. build is platform dependent!
2025-09-12 13:00:35,025 [Worker-3: ビルド] INFO  o.a.m.s.f.DefaultMavenResourcesFiltering - Copying 1 resource from src\main\resources to target\classes
2025-09-12 13:00:35,026 [Worker-3: ビルド] WARN  o.a.m.s.f.DefaultMavenResourcesFiltering - Using platform encoding (UTF-8 actually) to copy filtered resources, i.e. build is platform dependent!
2025-09-12 13:00:35,027 [Worker-3: ビルド] INFO  o.a.m.s.f.DefaultMavenResourcesFiltering - skip non existing resourceDirectory C:\pleiades\2024-12\workspace\IH13A06_JV31_29_05\src\test\resources
2025-09-12 13:00:53,768 [Worker-0: ビルド] WARN  o.a.m.s.f.DefaultMavenResourcesFiltering - Using platform encoding (UTF-8 actually) to copy filtered resources, i.e. build is platform dependent!
2025-09-12 13:00:53,769 [Worker-0: ビルド] INFO  o.a.m.s.f.DefaultMavenResourcesFiltering - Copying 1 resource from src\main\resources to target\classes
2025-09-12 13:00:53,770 [Worker-0: ビルド] WARN  o.a.m.s.f.DefaultMavenResourcesFiltering - Using platform encoding (UTF-8 actually) to copy filtered resources, i.e. build is platform dependent!
2025-09-12 13:00:53,770 [Worker-0: ビルド] INFO  o.a.m.s.f.DefaultMavenResourcesFiltering - skip non existing resourceDirectory C:\pleiades\2024-12\workspace\IH13A06_JV31_29_05\src\test\resources
2025-09-12 13:01:42,710 [Worker-2: ビルド] WARN  o.a.m.s.f.DefaultMavenResourcesFiltering - Using platform encoding (UTF-8 actually) to copy filtered resources, i.e. build is platform dependent!
2025-09-12 13:01:42,711 [Worker-2: ビルド] INFO  o.a.m.s.f.DefaultMavenResourcesFiltering - Copying 0 resource from src\main\resources to target\classes
2025-09-12 13:01:42,712 [Worker-2: ビルド] WARN  o.a.m.s.f.DefaultMavenResourcesFiltering - Using platform encoding (UTF-8 actually) to copy filtered resources, i.e. build is platform dependent!
2025-09-12 13:01:42,712 [Worker-2: ビルド] INFO  o.a.m.s.f.DefaultMavenResourcesFiltering - skip non existing resourceDirectory C:\pleiades\2024-12\workspace\IH13A06_JV31_29_05\src\test\resources
2025-09-12 13:02:18,666 [Worker-1: ビルド] WARN  o.a.m.s.f.DefaultMavenResourcesFiltering - Using platform encoding (UTF-8 actually) to copy filtered resources, i.e. build is platform dependent!
2025-09-12 13:02:18,667 [Worker-1: ビルド] INFO  o.a.m.s.f.DefaultMavenResourcesFiltering - Copying 0 resource from src\main\resources to target\classes
2025-09-12 13:02:18,668 [Worker-1: ビルド] WARN  o.a.m.s.f.DefaultMavenResourcesFiltering - Using platform encoding (UTF-8 actually) to copy filtered resources, i.e. build is platform dependent!
2025-09-12 13:02:18,669 [Worker-1: ビルド] INFO  o.a.m.s.f.DefaultMavenResourcesFiltering - skip non existing resourceDirectory C:\pleiades\2024-12\workspace\IH13A06_JV31_29_05\src\test\resources
2025-09-12 13:02:52,196 [Worker-12: ビルド] WARN  o.a.m.s.f.DefaultMavenResourcesFiltering - Using platform encoding (UTF-8 actually) to copy filtered resources, i.e. build is platform dependent!
2025-09-12 13:02:52,197 [Worker-12: ビルド] INFO  o.a.m.s.f.DefaultMavenResourcesFiltering - Copying 1 resource from src\main\resources to target\classes
2025-09-12 13:02:52,199 [Worker-12: ビルド] WARN  o.a.m.s.f.DefaultMavenResourcesFiltering - Using platform encoding (UTF-8 actually) to copy filtered resources, i.e. build is platform dependent!
2025-09-12 13:02:52,199 [Worker-12: ビルド] INFO  o.a.m.s.f.DefaultMavenResourcesFiltering - skip non existing resourceDirectory C:\pleiades\2024-12\workspace\IH13A06_JV31_29_05\src\test\resources
2025-09-12 13:04:11,608 [Worker-0: ビルド] WARN  o.a.m.s.f.DefaultMavenResourcesFiltering - Using platform encoding (UTF-8 actually) to copy filtered resources, i.e. build is platform dependent!
2025-09-12 13:04:11,609 [Worker-0: ビルド] INFO  o.a.m.s.f.DefaultMavenResourcesFiltering - Copying 0 resource from src\main\resources to target\classes
2025-09-12 13:04:11,610 [Worker-0: ビルド] WARN  o.a.m.s.f.DefaultMavenResourcesFiltering - Using platform encoding (UTF-8 actually) to copy filtered resources, i.e. build is platform dependent!
2025-09-12 13:04:11,611 [Worker-0: ビルド] INFO  o.a.m.s.f.DefaultMavenResourcesFiltering - skip non existing resourceDirectory C:\pleiades\2024-12\workspace\IH13A06_JV31_29_05\src\test\resources
2025-09-12 13:05:25,778 [Worker-10: ビルド] WARN  o.a.m.s.f.DefaultMavenResourcesFiltering - Using platform encoding (UTF-8 actually) to copy filtered resources, i.e. build is platform dependent!
2025-09-12 13:05:25,779 [Worker-10: ビルド] INFO  o.a.m.s.f.DefaultMavenResourcesFiltering - Copying 0 resource from src\main\resources to target\classes
2025-09-12 13:05:25,780 [Worker-10: ビルド] WARN  o.a.m.s.f.DefaultMavenResourcesFiltering - Using platform encoding (UTF-8 actually) to copy filtered resources, i.e. build is platform dependent!
2025-09-12 13:05:25,780 [Worker-10: ビルド] INFO  o.a.m.s.f.DefaultMavenResourcesFiltering - skip non existing resourceDirectory C:\pleiades\2024-12\workspace\IH13A06_JV31_29_05\src\test\resources
2025-09-12 13:06:35,032 [Worker-6: ビルド] WARN  o.a.m.s.f.DefaultMavenResourcesFiltering - Using platform encoding (UTF-8 actually) to copy filtered resources, i.e. build is platform dependent!
2025-09-12 13:06:35,033 [Worker-6: ビルド] INFO  o.a.m.s.f.DefaultMavenResourcesFiltering - Copying 0 resource from src\main\resources to target\classes
2025-09-12 13:06:35,034 [Worker-6: ビルド] WARN  o.a.m.s.f.DefaultMavenResourcesFiltering - Using platform encoding (UTF-8 actually) to copy filtered resources, i.e. build is platform dependent!
2025-09-12 13:06:35,034 [Worker-6: ビルド] INFO  o.a.m.s.f.DefaultMavenResourcesFiltering - skip non existing resourceDirectory C:\pleiades\2024-12\workspace\IH13A06_JV31_29_05\src\test\resources
2025-09-12 13:09:30,094 [Worker-3: ビルド] WARN  o.a.m.s.f.DefaultMavenResourcesFiltering - Using platform encoding (UTF-8 actually) to copy filtered resources, i.e. build is platform dependent!
2025-09-12 13:09:30,095 [Worker-3: ビルド] INFO  o.a.m.s.f.DefaultMavenResourcesFiltering - Copying 0 resource from src\main\resources to target\classes
2025-09-12 13:09:30,096 [Worker-3: ビルド] WARN  o.a.m.s.f.DefaultMavenResourcesFiltering - Using platform encoding (UTF-8 actually) to copy filtered resources, i.e. build is platform dependent!
2025-09-12 13:09:30,096 [Worker-3: ビルド] INFO  o.a.m.s.f.DefaultMavenResourcesFiltering - skip non existing resourceDirectory C:\pleiades\2024-12\workspace\IH13A06_JV31_29_05\src\test\resources
2025-09-12 13:13:23,424 [Worker-7: ビルド] WARN  o.a.m.s.f.DefaultMavenResourcesFiltering - Using platform encoding (UTF-8 actually) to copy filtered resources, i.e. build is platform dependent!
2025-09-12 13:13:23,425 [Worker-7: ビルド] INFO  o.a.m.s.f.DefaultMavenResourcesFiltering - Copying 1 resource from src\main\resources to target\classes
2025-09-12 13:13:23,426 [Worker-7: ビルド] WARN  o.a.m.s.f.DefaultMavenResourcesFiltering - Using platform encoding (UTF-8 actually) to copy filtered resources, i.e. build is platform dependent!
2025-09-12 13:13:23,426 [Worker-7: ビルド] INFO  o.a.m.s.f.DefaultMavenResourcesFiltering - skip non existing resourceDirectory C:\pleiades\2024-12\workspace\IH13A06_JV31_29_05\src\test\resources
2025-09-12 13:15:24,656 [Worker-13: ビルド] WARN  o.a.m.s.f.DefaultMavenResourcesFiltering - Using platform encoding (UTF-8 actually) to copy filtered resources, i.e. build is platform dependent!
2025-09-12 13:15:24,657 [Worker-13: ビルド] INFO  o.a.m.s.f.DefaultMavenResourcesFiltering - Copying 1 resource from src\main\resources to target\classes
2025-09-12 13:15:24,659 [Worker-13: ビルド] WARN  o.a.m.s.f.DefaultMavenResourcesFiltering - Using platform encoding (UTF-8 actually) to copy filtered resources, i.e. build is platform dependent!
2025-09-12 13:15:24,659 [Worker-13: ビルド] INFO  o.a.m.s.f.DefaultMavenResourcesFiltering - skip non existing resourceDirectory C:\pleiades\2024-12\workspace\IH13A06_JV31_29_05\src\test\resources
2025-09-12 13:15:49,026 [Worker-8: ビルド] WARN  o.a.m.s.f.DefaultMavenResourcesFiltering - Using platform encoding (UTF-8 actually) to copy filtered resources, i.e. build is platform dependent!
2025-09-12 13:15:49,027 [Worker-8: ビルド] INFO  o.a.m.s.f.DefaultMavenResourcesFiltering - Copying 1 resource from src\main\resources to target\classes
2025-09-12 13:15:49,028 [Worker-8: ビルド] WARN  o.a.m.s.f.DefaultMavenResourcesFiltering - Using platform encoding (UTF-8 actually) to copy filtered resources, i.e. build is platform dependent!
2025-09-12 13:15:49,029 [Worker-8: ビルド] INFO  o.a.m.s.f.DefaultMavenResourcesFiltering - skip non existing resourceDirectory C:\pleiades\2024-12\workspace\IH13A06_JV31_29_05\src\test\resources
2025-09-12 13:16:00,686 [Worker-12: ビルド] WARN  o.a.m.s.f.DefaultMavenResourcesFiltering - Using platform encoding (UTF-8 actually) to copy filtered resources, i.e. build is platform dependent!
2025-09-12 13:16:00,687 [Worker-12: ビルド] INFO  o.a.m.s.f.DefaultMavenResourcesFiltering - Copying 1 resource from src\main\resources to target\classes
2025-09-12 13:16:00,688 [Worker-12: ビルド] WARN  o.a.m.s.f.DefaultMavenResourcesFiltering - Using platform encoding (UTF-8 actually) to copy filtered resources, i.e. build is platform dependent!
2025-09-12 13:16:00,689 [Worker-12: ビルド] INFO  o.a.m.s.f.DefaultMavenResourcesFiltering - skip non existing resourceDirectory C:\pleiades\2024-12\workspace\IH13A06_JV31_29_05\src\test\resources
2025-09-12 13:16:12,275 [Worker-0: ビルド] WARN  o.a.m.s.f.DefaultMavenResourcesFiltering - Using platform encoding (UTF-8 actually) to copy filtered resources, i.e. build is platform dependent!
2025-09-12 13:16:12,276 [Worker-0: ビルド] INFO  o.a.m.s.f.DefaultMavenResourcesFiltering - Copying 0 resource from src\main\resources to target\classes
2025-09-12 13:16:12,277 [Worker-0: ビルド] WARN  o.a.m.s.f.DefaultMavenResourcesFiltering - Using platform encoding (UTF-8 actually) to copy filtered resources, i.e. build is platform dependent!
2025-09-12 13:16:12,277 [Worker-0: ビルド] INFO  o.a.m.s.f.DefaultMavenResourcesFiltering - skip non existing resourceDirectory C:\pleiades\2024-12\workspace\IH13A06_JV31_29_05\src\test\resources
2025-09-12 13:17:24,908 [Worker-8: ビルド] WARN  o.a.m.s.f.DefaultMavenResourcesFiltering - Using platform encoding (UTF-8 actually) to copy filtered resources, i.e. build is platform dependent!
2025-09-12 13:17:24,909 [Worker-8: ビルド] INFO  o.a.m.s.f.DefaultMavenResourcesFiltering - Copying 1 resource from src\main\resources to target\classes
2025-09-12 13:17:24,910 [Worker-8: ビルド] WARN  o.a.m.s.f.DefaultMavenResourcesFiltering - Using platform encoding (UTF-8 actually) to copy filtered resources, i.e. build is platform dependent!
2025-09-12 13:17:24,910 [Worker-8: ビルド] INFO  o.a.m.s.f.DefaultMavenResourcesFiltering - skip non existing resourceDirectory C:\pleiades\2024-12\workspace\IH13A06_JV31_29_05\src\test\resources
2025-09-12 13:18:26,942 [Worker-6: ビルド] WARN  o.a.m.s.f.DefaultMavenResourcesFiltering - Using platform encoding (UTF-8 actually) to copy filtered resources, i.e. build is platform dependent!
2025-09-12 13:18:26,943 [Worker-6: ビルド] INFO  o.a.m.s.f.DefaultMavenResourcesFiltering - Copying 1 resource from src\main\resources to target\classes
2025-09-12 13:18:26,944 [Worker-6: ビルド] WARN  o.a.m.s.f.DefaultMavenResourcesFiltering - Using platform encoding (UTF-8 actually) to copy filtered resources, i.e. build is platform dependent!
2025-09-12 13:18:26,945 [Worker-6: ビルド] INFO  o.a.m.s.f.DefaultMavenResourcesFiltering - skip non existing resourceDirectory C:\pleiades\2024-12\workspace\IH13A06_JV31_29_05\src\test\resources
2025-09-12 13:18:48,904 [Worker-7: ビルド] WARN  o.a.m.s.f.DefaultMavenResourcesFiltering - Using platform encoding (UTF-8 actually) to copy filtered resources, i.e. build is platform dependent!
2025-09-12 13:18:48,905 [Worker-7: ビルド] INFO  o.a.m.s.f.DefaultMavenResourcesFiltering - Copying 0 resource from src\main\resources to target\classes
2025-09-12 13:18:48,906 [Worker-7: ビルド] WARN  o.a.m.s.f.DefaultMavenResourcesFiltering - Using platform encoding (UTF-8 actually) to copy filtered resources, i.e. build is platform dependent!
2025-09-12 13:18:48,907 [Worker-7: ビルド] INFO  o.a.m.s.f.DefaultMavenResourcesFiltering - skip non existing resourceDirectory C:\pleiades\2024-12\workspace\IH13A06_JV31_29_05\src\test\resources
2025-09-12 13:22:23,915 [Worker-9: ビルド] WARN  o.a.m.s.f.DefaultMavenResourcesFiltering - Using platform encoding (UTF-8 actually) to copy filtered resources, i.e. build is platform dependent!
2025-09-12 13:22:23,916 [Worker-9: ビルド] INFO  o.a.m.s.f.DefaultMavenResourcesFiltering - Copying 0 resource from src\main\resources to target\classes
2025-09-12 13:22:23,917 [Worker-9: ビルド] WARN  o.a.m.s.f.DefaultMavenResourcesFiltering - Using platform encoding (UTF-8 actually) to copy filtered resources, i.e. build is platform dependent!
2025-09-12 13:22:23,918 [Worker-9: ビルド] INFO  o.a.m.s.f.DefaultMavenResourcesFiltering - skip non existing resourceDirectory C:\pleiades\2024-12\workspace\IH13A06_JV31_29_05\src\test\resources
2025-09-18 10:53:16,081 [Worker-6: ビルド] INFO  o.e.m.c.i.l.LifecycleMappingFactory - Using org.maven.ide.eclipse.wtp.WarLifecycleMapping lifecycle mapping for MavenProject: com.example:IH13A06_JV31_29_05:1.0-SNAPSHOT @ C:\pleiades\2024-12\workspace\IH13A06_JV31_29_06\pom.xml.
2025-09-18 10:53:17,005 [Worker-6: ビルド] WARN  o.a.m.s.f.DefaultMavenResourcesFiltering - Using platform encoding (UTF-8 actually) to copy filtered resources, i.e. build is platform dependent!
2025-09-18 10:53:17,007 [Worker-6: ビルド] INFO  o.a.m.s.f.DefaultMavenResourcesFiltering - Copying 1 resource from src\main\resources to target\classes
2025-09-18 10:53:17,012 [Worker-6: ビルド] WARN  o.a.m.s.f.DefaultMavenResourcesFiltering - Using platform encoding (UTF-8 actually) to copy filtered resources, i.e. build is platform dependent!
2025-09-18 10:53:17,013 [Worker-6: ビルド] INFO  o.a.m.s.f.DefaultMavenResourcesFiltering - skip non existing resourceDirectory C:\pleiades\2024-12\workspace\IH13A06_JV31_29_06\src\test\resources
2025-09-18 10:53:25,238 [Worker-6: ビルド] INFO  o.e.m.c.i.l.LifecycleMappingFactory - Using org.maven.ide.eclipse.wtp.WarLifecycleMapping lifecycle mapping for MavenProject: com.example:IH13A06_JV31_29_06:1.0-SNAPSHOT @ C:\pleiades\2024-12\workspace\IH13A06_JV31_29_06\pom.xml.
2025-09-18 10:53:25,602 [Worker-6: ビルド] WARN  o.a.m.s.f.DefaultMavenResourcesFiltering - Using platform encoding (UTF-8 actually) to copy filtered resources, i.e. build is platform dependent!
2025-09-18 10:53:25,604 [Worker-6: ビルド] INFO  o.a.m.s.f.DefaultMavenResourcesFiltering - Copying 0 resource from src\main\resources to target\classes
2025-09-18 10:53:25,607 [Worker-6: ビルド] WARN  o.a.m.s.f.DefaultMavenResourcesFiltering - Using platform encoding (UTF-8 actually) to copy filtered resources, i.e. build is platform dependent!
2025-09-18 10:53:25,607 [Worker-6: ビルド] INFO  o.a.m.s.f.DefaultMavenResourcesFiltering - skip non existing resourceDirectory C:\pleiades\2024-12\workspace\IH13A06_JV31_29_06\src\test\resources
2025-09-18 10:53:25,608 [Worker-6: ビルド] INFO  o.e.m.w.i.f.ResourceFilteringBuildParticipant - Changed resources require a complete clean of filtered resources of IH13A06_JV31_29_06
2025-09-18 10:53:25,608 [Worker-6: ビルド] INFO  o.e.m.w.i.f.ResourceFilteringBuildParticipant - Executing resource filtering for IH13A06_JV31_29_06
2025-09-18 10:53:27,811 [Worker-8: Loading available Gradle versions] INFO  o.e.b.c.i.u.g.PublishedGradleVersions - Gradle version information cache is out-of-date. Trying to update.
2025-09-18 10:53:50,769 [Worker-0: ビルド] WARN  o.a.m.s.f.DefaultMavenResourcesFiltering - Using platform encoding (UTF-8 actually) to copy filtered resources, i.e. build is platform dependent!
2025-09-18 10:53:50,771 [Worker-0: ビルド] INFO  o.a.m.s.f.DefaultMavenResourcesFiltering - Copying 1 resource from src\main\resources to target\classes
2025-09-18 10:53:50,776 [Worker-0: ビルド] WARN  o.a.m.s.f.DefaultMavenResourcesFiltering - Using platform encoding (UTF-8 actually) to copy filtered resources, i.e. build is platform dependent!
2025-09-18 10:53:50,776 [Worker-0: ビルド] INFO  o.a.m.s.f.DefaultMavenResourcesFiltering - skip non existing resourceDirectory C:\pleiades\2024-12\workspace\IH13A06_JV31_29_06\src\test\resources
2025-09-18 11:05:24,361 [Worker-0: ビルド] INFO  o.e.m.c.i.l.LifecycleMappingFactory - Using org.maven.ide.eclipse.wtp.WarLifecycleMapping lifecycle mapping for MavenProject: com.example:IH13A06_JV31_29_06:1.0-SNAPSHOT @ C:\pleiades\2024-12\workspace\IH13A06_JV31_29_06\pom.xml.
2025-09-18 11:05:24,763 [Worker-0: ビルド] WARN  o.a.m.s.f.DefaultMavenResourcesFiltering - Using platform encoding (UTF-8 actually) to copy filtered resources, i.e. build is platform dependent!
2025-09-18 11:05:24,764 [Worker-0: ビルド] INFO  o.a.m.s.f.DefaultMavenResourcesFiltering - Copying 1 resource from src\main\resources to target\classes
2025-09-18 11:05:24,769 [Worker-0: ビルド] WARN  o.a.m.s.f.DefaultMavenResourcesFiltering - Using platform encoding (UTF-8 actually) to copy filtered resources, i.e. build is platform dependent!
2025-09-18 11:05:24,770 [Worker-0: ビルド] INFO  o.a.m.s.f.DefaultMavenResourcesFiltering - skip non existing resourceDirectory C:\pleiades\2024-12\workspace\IH13A06_JV31_29_06\src\test\resources
2025-09-18 11:08:27,236 [Worker-0: ビルド] WARN  o.a.m.s.f.DefaultMavenResourcesFiltering - Using platform encoding (UTF-8 actually) to copy filtered resources, i.e. build is platform dependent!
2025-09-18 11:08:27,238 [Worker-0: ビルド] INFO  o.a.m.s.f.DefaultMavenResourcesFiltering - Copying 1 resource from src\main\resources to target\classes
2025-09-18 11:08:27,240 [Worker-0: ビルド] WARN  o.a.m.s.f.DefaultMavenResourcesFiltering - Using platform encoding (UTF-8 actually) to copy filtered resources, i.e. build is platform dependent!
2025-09-18 11:08:27,240 [Worker-0: ビルド] INFO  o.a.m.s.f.DefaultMavenResourcesFiltering - skip non existing resourceDirectory C:\pleiades\2024-12\workspace\IH13A06_JV31_29_06\src\test\resources
2025-09-18 11:09:03,763 [Worker-15: ビルド] INFO  o.e.m.c.i.l.LifecycleMappingFactory - Using org.maven.ide.eclipse.wtp.WarLifecycleMapping lifecycle mapping for MavenProject: com.example:IH13A06_JV31_29_06:1.0-SNAPSHOT @ C:\pleiades\2024-12\workspace\IH13A06_JV31_29_06\pom.xml.
2025-09-18 11:09:04,077 [Worker-15: ビルド] WARN  o.a.m.s.f.DefaultMavenResourcesFiltering - Using platform encoding (UTF-8 actually) to copy filtered resources, i.e. build is platform dependent!
2025-09-18 11:09:04,079 [Worker-15: ビルド] INFO  o.a.m.s.f.DefaultMavenResourcesFiltering - Copying 0 resource from src\main\resources to target\classes
2025-09-18 11:09:04,080 [Worker-15: ビルド] WARN  o.a.m.s.f.DefaultMavenResourcesFiltering - Using platform encoding (UTF-8 actually) to copy filtered resources, i.e. build is platform dependent!
2025-09-18 11:09:04,081 [Worker-15: ビルド] INFO  o.a.m.s.f.DefaultMavenResourcesFiltering - skip non existing resourceDirectory C:\pleiades\2024-12\workspace\IH13A06_JV31_29_06\src\test\resources
2025-09-18 11:09:04,081 [Worker-15: ビルド] INFO  o.e.m.w.i.f.ResourceFilteringBuildParticipant - Changed resources require a complete clean of filtered resources of IH13A06_JV31_29_06
2025-09-18 11:09:04,081 [Worker-15: ビルド] INFO  o.e.m.w.i.f.ResourceFilteringBuildParticipant - Executing resource filtering for IH13A06_JV31_29_06
2025-09-18 11:14:42,070 [Worker-8: ビルド] INFO  o.e.m.c.i.l.LifecycleMappingFactory - Using org.maven.ide.eclipse.wtp.WarLifecycleMapping lifecycle mapping for MavenProject: com.example:IH13A06_JV31_29_06:1.0-SNAPSHOT @ C:\pleiades\2024-12\workspace\IH13A06_JV31_29_06\pom.xml.
2025-09-18 11:14:42,550 [Worker-8: ビルド] WARN  o.a.m.s.f.DefaultMavenResourcesFiltering - Using platform encoding (UTF-8 actually) to copy filtered resources, i.e. build is platform dependent!
2025-09-18 11:14:42,551 [Worker-8: ビルド] INFO  o.a.m.s.f.DefaultMavenResourcesFiltering - Copying 1 resource from src\main\resources to target\classes
2025-09-18 11:14:42,554 [Worker-8: ビルド] WARN  o.a.m.s.f.DefaultMavenResourcesFiltering - Using platform encoding (UTF-8 actually) to copy filtered resources, i.e. build is platform dependent!
2025-09-18 11:14:42,555 [Worker-8: ビルド] INFO  o.a.m.s.f.DefaultMavenResourcesFiltering - skip non existing resourceDirectory C:\pleiades\2024-12\workspace\IH13A06_JV31_29_06\src\test\resources
2025-09-18 11:15:13,117 [Worker-8: ビルド] INFO  o.e.m.c.i.l.LifecycleMappingFactory - Using org.maven.ide.eclipse.wtp.WarLifecycleMapping lifecycle mapping for MavenProject: com.example:IH13A06_JV31_29_05:1.0-SNAPSHOT @ C:\pleiades\2024-12\workspace\IH13A06_JV31_29_06\pom.xml.
2025-09-18 11:15:13,455 [Worker-8: ビルド] WARN  o.a.m.s.f.DefaultMavenResourcesFiltering - Using platform encoding (UTF-8 actually) to copy filtered resources, i.e. build is platform dependent!
2025-09-18 11:15:13,457 [Worker-8: ビルド] INFO  o.a.m.s.f.DefaultMavenResourcesFiltering - Copying 1 resource from src\main\resources to target\classes
2025-09-18 11:15:13,461 [Worker-8: ビルド] WARN  o.a.m.s.f.DefaultMavenResourcesFiltering - Using platform encoding (UTF-8 actually) to copy filtered resources, i.e. build is platform dependent!
2025-09-18 11:15:13,465 [Worker-8: ビルド] INFO  o.a.m.s.f.DefaultMavenResourcesFiltering - skip non existing resourceDirectory C:\pleiades\2024-12\workspace\IH13A06_JV31_29_06\src\test\resources
2025-09-18 11:15:13,465 [Worker-8: ビルド] INFO  o.e.m.w.i.f.ResourceFilteringBuildParticipant - Changed resources require a complete clean of filtered resources of IH13A06_JV31_29_06
2025-09-18 11:15:13,465 [Worker-8: ビルド] INFO  o.e.m.w.i.f.ResourceFilteringBuildParticipant - Executing resource filtering for IH13A06_JV31_29_06
2025-09-18 11:15:18,579 [Worker-15: ビルド] INFO  o.e.m.c.i.l.LifecycleMappingFactory - Using org.maven.ide.eclipse.wtp.WarLifecycleMapping lifecycle mapping for MavenProject: com.example:IH13A06_JV31_29_06:1.0-SNAPSHOT @ C:\pleiades\2024-12\workspace\IH13A06_JV31_29_06\pom.xml.
2025-09-18 11:15:18,882 [Worker-15: ビルド] WARN  o.a.m.s.f.DefaultMavenResourcesFiltering - Using platform encoding (UTF-8 actually) to copy filtered resources, i.e. build is platform dependent!
2025-09-18 11:15:18,884 [Worker-15: ビルド] INFO  o.a.m.s.f.DefaultMavenResourcesFiltering - Copying 0 resource from src\main\resources to target\classes
2025-09-18 11:15:18,885 [Worker-15: ビルド] WARN  o.a.m.s.f.DefaultMavenResourcesFiltering - Using platform encoding (UTF-8 actually) to copy filtered resources, i.e. build is platform dependent!
2025-09-18 11:15:18,886 [Worker-15: ビルド] INFO  o.a.m.s.f.DefaultMavenResourcesFiltering - skip non existing resourceDirectory C:\pleiades\2024-12\workspace\IH13A06_JV31_29_06\src\test\resources
2025-09-18 11:15:18,886 [Worker-15: ビルド] INFO  o.e.m.w.i.f.ResourceFilteringBuildParticipant - Changed resources require a complete clean of filtered resources of IH13A06_JV31_29_06
2025-09-18 11:15:18,886 [Worker-15: ビルド] INFO  o.e.m.w.i.f.ResourceFilteringBuildParticipant - Executing resource filtering for IH13A06_JV31_29_06
2025-09-18 11:15:54,389 [Worker-0: ビルド] WARN  o.a.m.s.f.DefaultMavenResourcesFiltering - Using platform encoding (UTF-8 actually) to copy filtered resources, i.e. build is platform dependent!
2025-09-18 11:15:54,390 [Worker-0: ビルド] INFO  o.a.m.s.f.DefaultMavenResourcesFiltering - Copying 1 resource from src\main\resources to target\classes
2025-09-18 11:15:54,393 [Worker-0: ビルド] WARN  o.a.m.s.f.DefaultMavenResourcesFiltering - Using platform encoding (UTF-8 actually) to copy filtered resources, i.e. build is platform dependent!
2025-09-18 11:15:54,394 [Worker-0: ビルド] INFO  o.a.m.s.f.DefaultMavenResourcesFiltering - skip non existing resourceDirectory C:\pleiades\2024-12\workspace\IH13A06_JV31_29_06\src\test\resources
2025-09-18 11:18:16,808 [Worker-8: ビルド] WARN  o.a.m.s.f.DefaultMavenResourcesFiltering - Using platform encoding (UTF-8 actually) to copy filtered resources, i.e. build is platform dependent!
2025-09-18 11:18:16,810 [Worker-8: ビルド] INFO  o.a.m.s.f.DefaultMavenResourcesFiltering - Copying 1 resource from src\main\resources to target\classes
2025-09-18 11:18:16,811 [Worker-8: ビルド] WARN  o.a.m.s.f.DefaultMavenResourcesFiltering - Using platform encoding (UTF-8 actually) to copy filtered resources, i.e. build is platform dependent!
2025-09-18 11:18:16,811 [Worker-8: ビルド] INFO  o.a.m.s.f.DefaultMavenResourcesFiltering - skip non existing resourceDirectory C:\pleiades\2024-12\workspace\IH13A06_JV31_29_06\src\test\resources
2025-09-18 11:22:46,483 [Worker-16: ビルド] WARN  o.a.m.s.f.DefaultMavenResourcesFiltering - Using platform encoding (UTF-8 actually) to copy filtered resources, i.e. build is platform dependent!
2025-09-18 11:22:46,485 [Worker-16: ビルド] INFO  o.a.m.s.f.DefaultMavenResourcesFiltering - Copying 0 resource from src\main\resources to target\classes
2025-09-18 11:22:46,486 [Worker-16: ビルド] WARN  o.a.m.s.f.DefaultMavenResourcesFiltering - Using platform encoding (UTF-8 actually) to copy filtered resources, i.e. build is platform dependent!
2025-09-18 11:22:46,486 [Worker-16: ビルド] INFO  o.a.m.s.f.DefaultMavenResourcesFiltering - skip non existing resourceDirectory C:\pleiades\2024-12\workspace\IH13A06_JV31_29_06\src\test\resources
2025-09-18 11:24:14,563 [Worker-16: ビルド] WARN  o.a.m.s.f.DefaultMavenResourcesFiltering - Using platform encoding (UTF-8 actually) to copy filtered resources, i.e. build is platform dependent!
2025-09-18 11:24:14,564 [Worker-16: ビルド] INFO  o.a.m.s.f.DefaultMavenResourcesFiltering - Copying 0 resource from src\main\resources to target\classes
2025-09-18 11:24:14,565 [Worker-16: ビルド] WARN  o.a.m.s.f.DefaultMavenResourcesFiltering - Using platform encoding (UTF-8 actually) to copy filtered resources, i.e. build is platform dependent!
2025-09-18 11:24:14,566 [Worker-16: ビルド] INFO  o.a.m.s.f.DefaultMavenResourcesFiltering - skip non existing resourceDirectory C:\pleiades\2024-12\workspace\IH13A06_JV31_29_06\src\test\resources
2025-09-18 11:32:13,558 [Worker-14: ビルド] WARN  o.a.m.s.f.DefaultMavenResourcesFiltering - Using platform encoding (UTF-8 actually) to copy filtered resources, i.e. build is platform dependent!
2025-09-18 11:32:13,559 [Worker-14: ビルド] INFO  o.a.m.s.f.DefaultMavenResourcesFiltering - Copying 0 resource from src\main\resources to target\classes
2025-09-18 11:32:13,560 [Worker-14: ビルド] WARN  o.a.m.s.f.DefaultMavenResourcesFiltering - Using platform encoding (UTF-8 actually) to copy filtered resources, i.e. build is platform dependent!
2025-09-18 11:32:13,560 [Worker-14: ビルド] INFO  o.a.m.s.f.DefaultMavenResourcesFiltering - skip non existing resourceDirectory C:\pleiades\2024-12\workspace\IH13A06_JV31_29_06\src\test\resources
2025-09-18 11:37:27,489 [Worker-15: ビルド] WARN  o.a.m.s.f.DefaultMavenResourcesFiltering - Using platform encoding (UTF-8 actually) to copy filtered resources, i.e. build is platform dependent!
2025-09-18 11:37:27,490 [Worker-15: ビルド] INFO  o.a.m.s.f.DefaultMavenResourcesFiltering - Copying 1 resource from src\main\resources to target\classes
2025-09-18 11:37:27,492 [Worker-15: ビルド] WARN  o.a.m.s.f.DefaultMavenResourcesFiltering - Using platform encoding (UTF-8 actually) to copy filtered resources, i.e. build is platform dependent!
2025-09-18 11:37:27,492 [Worker-15: ビルド] INFO  o.a.m.s.f.DefaultMavenResourcesFiltering - skip non existing resourceDirectory C:\pleiades\2024-12\workspace\IH13A06_JV31_29_06\src\test\resources
2025-09-18 11:38:06,585 [Worker-8: ビルド] WARN  o.a.m.s.f.DefaultMavenResourcesFiltering - Using platform encoding (UTF-8 actually) to copy filtered resources, i.e. build is platform dependent!
2025-09-18 11:38:06,586 [Worker-8: ビルド] INFO  o.a.m.s.f.DefaultMavenResourcesFiltering - Copying 1 resource from src\main\resources to target\classes
2025-09-18 11:38:06,588 [Worker-8: ビルド] WARN  o.a.m.s.f.DefaultMavenResourcesFiltering - Using platform encoding (UTF-8 actually) to copy filtered resources, i.e. build is platform dependent!
2025-09-18 11:38:06,588 [Worker-8: ビルド] INFO  o.a.m.s.f.DefaultMavenResourcesFiltering - skip non existing resourceDirectory C:\pleiades\2024-12\workspace\IH13A06_JV31_29_06\src\test\resources
2025-09-18 11:38:07,636 [Worker-18: ビルド] WARN  o.a.m.s.f.DefaultMavenResourcesFiltering - Using platform encoding (UTF-8 actually) to copy filtered resources, i.e. build is platform dependent!
2025-09-18 11:38:07,637 [Worker-18: ビルド] INFO  o.a.m.s.f.DefaultMavenResourcesFiltering - Copying 1 resource from src\main\resources to target\classes
2025-09-18 11:38:07,639 [Worker-18: ビルド] WARN  o.a.m.s.f.DefaultMavenResourcesFiltering - Using platform encoding (UTF-8 actually) to copy filtered resources, i.e. build is platform dependent!
2025-09-18 11:38:07,639 [Worker-18: ビルド] INFO  o.a.m.s.f.DefaultMavenResourcesFiltering - skip non existing resourceDirectory C:\pleiades\2024-12\workspace\IH13A06_JV31_29_06\src\test\resources
2025-09-18 11:38:46,122 [Worker-8: ビルド] WARN  o.a.m.s.f.DefaultMavenResourcesFiltering - Using platform encoding (UTF-8 actually) to copy filtered resources, i.e. build is platform dependent!
2025-09-18 11:38:46,123 [Worker-8: ビルド] INFO  o.a.m.s.f.DefaultMavenResourcesFiltering - Copying 1 resource from src\main\resources to target\classes
2025-09-18 11:38:46,124 [Worker-8: ビルド] WARN  o.a.m.s.f.DefaultMavenResourcesFiltering - Using platform encoding (UTF-8 actually) to copy filtered resources, i.e. build is platform dependent!
2025-09-18 11:38:46,125 [Worker-8: ビルド] INFO  o.a.m.s.f.DefaultMavenResourcesFiltering - skip non existing resourceDirectory C:\pleiades\2024-12\workspace\IH13A06_JV31_29_06\src\test\resources
2025-09-18 11:39:05,623 [Worker-8: ビルド] WARN  o.a.m.s.f.DefaultMavenResourcesFiltering - Using platform encoding (UTF-8 actually) to copy filtered resources, i.e. build is platform dependent!
2025-09-18 11:39:05,624 [Worker-8: ビルド] INFO  o.a.m.s.f.DefaultMavenResourcesFiltering - Copying 1 resource from src\main\resources to target\classes
2025-09-18 11:39:05,625 [Worker-8: ビルド] WARN  o.a.m.s.f.DefaultMavenResourcesFiltering - Using platform encoding (UTF-8 actually) to copy filtered resources, i.e. build is platform dependent!
2025-09-18 11:39:05,625 [Worker-8: ビルド] INFO  o.a.m.s.f.DefaultMavenResourcesFiltering - skip non existing resourceDirectory C:\pleiades\2024-12\workspace\IH13A06_JV31_29_06\src\test\resources
2025-09-18 11:39:08,467 [Worker-6: ビルド] WARN  o.a.m.s.f.DefaultMavenResourcesFiltering - Using platform encoding (UTF-8 actually) to copy filtered resources, i.e. build is platform dependent!
2025-09-18 11:39:08,468 [Worker-6: ビルド] INFO  o.a.m.s.f.DefaultMavenResourcesFiltering - Copying 1 resource from src\main\resources to target\classes
2025-09-18 11:39:08,469 [Worker-6: ビルド] WARN  o.a.m.s.f.DefaultMavenResourcesFiltering - Using platform encoding (UTF-8 actually) to copy filtered resources, i.e. build is platform dependent!
2025-09-18 11:39:08,470 [Worker-6: ビルド] INFO  o.a.m.s.f.DefaultMavenResourcesFiltering - skip non existing resourceDirectory C:\pleiades\2024-12\workspace\IH13A06_JV31_29_06\src\test\resources
2025-09-18 11:42:41,869 [Worker-4: ビルド] WARN  o.a.m.s.f.DefaultMavenResourcesFiltering - Using platform encoding (UTF-8 actually) to copy filtered resources, i.e. build is platform dependent!
2025-09-18 11:42:41,869 [Worker-4: ビルド] INFO  o.a.m.s.f.DefaultMavenResourcesFiltering - Copying 1 resource from src\main\resources to target\classes
2025-09-18 11:42:41,871 [Worker-4: ビルド] WARN  o.a.m.s.f.DefaultMavenResourcesFiltering - Using platform encoding (UTF-8 actually) to copy filtered resources, i.e. build is platform dependent!
2025-09-18 11:42:41,871 [Worker-4: ビルド] INFO  o.a.m.s.f.DefaultMavenResourcesFiltering - skip non existing resourceDirectory C:\pleiades\2024-12\workspace\IH13A06_JV31_29_06\src\test\resources
2025-11-06 09:31:47,553 [Worker-0: Loading available Gradle versions] INFO  o.e.b.c.i.u.g.PublishedGradleVersions - Gradle version information cache is out-of-date. Trying to update.
2025-11-06 09:31:48,108 [Worker-0: Loading available Gradle versions] INFO  o.e.b.c.i.u.g.PublishedGradleVersions - Updating Gradle version information cache failed. Using outdated cache.
2025-11-06 10:33:09,343 [Worker-5: Loading available Gradle versions] INFO  o.e.b.c.i.u.g.PublishedGradleVersions - Gradle version information cache is out-of-date. Trying to update.
2025-11-06 10:33:09,727 [Worker-5: Loading available Gradle versions] INFO  o.e.b.c.i.u.g.PublishedGradleVersions - Updating Gradle version information cache failed. Using outdated cache.
2025-11-06 12:34:03,816 [Worker-1: ビルド] ERROR o.e.m.c.i.p.r.ProjectRegistryManager - ファイルが見つかりません: C:\pleiades\2024-12\workspace\IH13A06_JV31_29_05\pom.xml.
org.eclipse.core.internal.resources.ResourceException: ファイルが見つかりません: C:\pleiades\2024-12\workspace\IH13A06_JV31_29_05\pom.xml.
	at org.eclipse.core.internal.localstore.FileSystemResourceManager.read(FileSystemResourceManager.java:886)
	at org.eclipse.core.internal.resources.File.getContents(File.java:352)
	at org.eclipse.core.internal.resources.File.getContents(File.java:342)
	at org.eclipse.m2e.core.internal.project.registry.ProjectRegistryManager.refreshPhase2(ProjectRegistryManager.java:589)
	at org.eclipse.m2e.core.internal.project.registry.ProjectRegistryManager.refresh(ProjectRegistryManager.java:491)
	at org.eclipse.m2e.core.internal.project.registry.ProjectRegistryManager.refresh(ProjectRegistryManager.java:370)
	at org.eclipse.m2e.core.internal.project.registry.ProjectRegistryManager.refresh(ProjectRegistryManager.java:322)
	at org.eclipse.m2e.core.internal.builder.MavenBuilder$BuildMethod.getProjectFacade(MavenBuilder.java:146)
	at org.eclipse.m2e.core.internal.builder.MavenBuilder$BuildMethod.lambda$0(MavenBuilder.java:84)
	at org.eclipse.m2e.core.internal.embedder.MavenExecutionContext.executeBare(MavenExecutionContext.java:458)
	at org.eclipse.m2e.core.internal.embedder.MavenExecutionContext.execute(MavenExecutionContext.java:339)
	at org.eclipse.m2e.core.internal.embedder.MavenExecutionContext.execute(MavenExecutionContext.java:278)
	at org.eclipse.m2e.core.internal.builder.MavenBuilder$BuildMethod.execute(MavenBuilder.java:83)
	at org.eclipse.m2e.core.internal.builder.MavenBuilder.build(MavenBuilder.java:192)
	at org.eclipse.core.internal.events.BuildManager$2.run(BuildManager.java:1077)
	at org.eclipse.core.runtime.SafeRunner.run(SafeRunner.java:47)
	at org.eclipse.core.internal.events.BuildManager.basicBuild(BuildManager.java:296)
	at org.eclipse.core.internal.events.BuildManager.basicBuild(BuildManager.java:352)
	at org.eclipse.core.internal.events.BuildManager$1.run(BuildManager.java:441)
	at org.eclipse.core.runtime.SafeRunner.run(SafeRunner.java:47)
	at org.eclipse.core.internal.events.BuildManager.basicBuild(BuildManager.java:444)
	at org.eclipse.core.internal.events.BuildManager.basicBuildLoop(BuildManager.java:555)
	at org.eclipse.core.internal.events.BuildManager.basicBuildLoop(BuildManager.java:503)
	at org.eclipse.core.internal.events.BuildManager.build(BuildManager.java:585)
	at org.eclipse.core.internal.events.AutoBuildJob.doBuild(AutoBuildJob.java:207)
	at org.eclipse.core.internal.events.AutoBuildJob.run(AutoBuildJob.java:300)
	at org.eclipse.core.internal.jobs.Worker.run(Worker.java:63)
Caused by: org.eclipse.core.runtime.CoreException: ファイルが見つかりません: C:\pleiades\2024-12\workspace\IH13A06_JV31_29_05\pom.xml.
	at org.eclipse.core.internal.filesystem.Policy.error(Policy.java:32)
	at org.eclipse.core.internal.filesystem.local.LocalFile.handleReadIOException(LocalFile.java:542)
	at org.eclipse.core.internal.filesystem.local.LocalFile.openInputStream(LocalFile.java:523)
	at org.eclipse.core.internal.localstore.FileSystemResourceManager.read(FileSystemResourceManager.java:881)
	... 26 common frames omitted
Caused by: java.io.FileNotFoundException: C:\pleiades\2024-12\workspace\IH13A06_JV31_29_05\pom.xml (指定されたパスが見つかりません。)
	at java.base/java.io.FileInputStream.open0(Native Method)
	at java.base/java.io.FileInputStream.open(FileInputStream.java:213)
	at java.base/java.io.FileInputStream.<init>(FileInputStream.java:152)
	at org.eclipse.core.internal.filesystem.local.LocalFile.openInputStream(LocalFile.java:521)
	... 27 common frames omitted
2025-11-06 12:36:31,456 [Worker-4: ビルド] INFO  o.e.m.c.i.l.LifecycleMappingFactory - Using org.maven.ide.eclipse.wtp.WarLifecycleMapping lifecycle mapping for MavenProject: com.example:IH13A06_JV31_29_05:1.0-SNAPSHOT @ C:\pleiades\2024-12\workspace\IH13A06_JV31_29_05\pom.xml.
2025-11-06 12:36:32,201 [Worker-4: ビルド] WARN  o.a.m.s.f.DefaultMavenResourcesFiltering - Using platform encoding (UTF-8 actually) to copy filtered resources, i.e. build is platform dependent!
2025-11-06 12:36:32,204 [Worker-4: ビルド] INFO  o.a.m.s.f.DefaultMavenResourcesFiltering - Copying 1 resource from src\main\resources to target\classes
2025-11-06 12:36:32,210 [Worker-4: ビルド] WARN  o.a.m.s.f.DefaultMavenResourcesFiltering - Using platform encoding (UTF-8 actually) to copy filtered resources, i.e. build is platform dependent!
2025-11-06 12:36:32,212 [Worker-4: ビルド] INFO  o.a.m.s.f.DefaultMavenResourcesFiltering - skip non existing resourceDirectory C:\pleiades\2024-12\workspace\IH13A06_JV31_29_05\src\test\resources
2025-11-06 12:36:32,345 [Worker-4: ビルド] INFO  o.e.m.c.i.l.LifecycleMappingFactory - Using org.maven.ide.eclipse.wtp.WarLifecycleMapping lifecycle mapping for MavenProject: com.example:IH13A06_JV31_29_06:1.0-SNAPSHOT @ C:\pleiades\2024-12\workspace\IH13A06_JV31_29_06\pom.xml.
2025-11-06 12:36:32,446 [Worker-4: ビルド] WARN  o.a.m.s.f.DefaultMavenResourcesFiltering - Using platform encoding (UTF-8 actually) to copy filtered resources, i.e. build is platform dependent!
2025-11-06 12:36:32,447 [Worker-4: ビルド] INFO  o.a.m.s.f.DefaultMavenResourcesFiltering - Copying 1 resource from src\main\resources to target\classes
2025-11-06 12:36:32,462 [Worker-4: ビルド] WARN  o.a.m.s.f.DefaultMavenResourcesFiltering - Using platform encoding (UTF-8 actually) to copy filtered resources, i.e. build is platform dependent!
2025-11-06 12:36:32,463 [Worker-4: ビルド] INFO  o.a.m.s.f.DefaultMavenResourcesFiltering - skip non existing resourceDirectory C:\pleiades\2024-12\workspace\IH13A06_JV31_29_06\src\test\resources
2025-11-06 12:36:34,629 [Worker-10: Loading available Gradle versions] INFO  o.e.b.c.i.u.g.PublishedGradleVersions - Gradle version information cache is out-of-date. Trying to update.
2025-11-13 09:35:38,896 [Worker-1: Loading available Gradle versions] INFO  o.e.b.c.i.u.g.PublishedGradleVersions - Gradle version information cache is out-of-date. Trying to update.
2025-11-13 09:35:38,916 [Worker-1: Loading available Gradle versions] INFO  o.e.b.c.i.u.g.PublishedGradleVersions - Updating Gradle version information cache failed. Using outdated cache.
2025-11-13 11:20:01,271 [Worker-20: ビルド] INFO  o.e.m.c.i.l.LifecycleMappingFactory - Using org.maven.ide.eclipse.wtp.WarLifecycleMapping lifecycle mapping for MavenProject: com.example:IH13A06_JV31_29_06:1.0-SNAPSHOT @ C:\pleiades\2024-12\workspace\IH13A06_JV31_29_07\pom.xml.
2025-11-13 11:20:02,419 [Worker-20: ビルド] WARN  o.a.m.s.f.DefaultMavenResourcesFiltering - Using platform encoding (UTF-8 actually) to copy filtered resources, i.e. build is platform dependent!
2025-11-13 11:20:02,424 [Worker-20: ビルド] INFO  o.a.m.s.f.DefaultMavenResourcesFiltering - Copying 1 resource from src\main\resources to target\classes
2025-11-13 11:20:02,429 [Worker-20: ビルド] WARN  o.a.m.s.f.DefaultMavenResourcesFiltering - Using platform encoding (UTF-8 actually) to copy filtered resources, i.e. build is platform dependent!
2025-11-13 11:20:02,430 [Worker-20: ビルド] INFO  o.a.m.s.f.DefaultMavenResourcesFiltering - skip non existing resourceDirectory C:\pleiades\2024-12\workspace\IH13A06_JV31_29_07\src\test\resources
2025-11-13 11:21:20,108 [Worker-9: ビルド] INFO  o.e.m.c.i.l.LifecycleMappingFactory - Using org.maven.ide.eclipse.wtp.WarLifecycleMapping lifecycle mapping for MavenProject: com.example:IH13A06_JV31_29_06:1.0-SNAPSHOT @ C:\pleiades\2024-12\workspace\IH13A06_JV31_29_07\pom.xml.
2025-11-13 11:21:20,524 [Worker-9: ビルド] WARN  o.a.m.s.f.DefaultMavenResourcesFiltering - Using platform encoding (UTF-8 actually) to copy filtered resources, i.e. build is platform dependent!
2025-11-13 11:21:20,525 [Worker-9: ビルド] INFO  o.a.m.s.f.DefaultMavenResourcesFiltering - Copying 1 resource from src\main\resources to target\classes
2025-11-13 11:21:20,530 [Worker-9: ビルド] WARN  o.a.m.s.f.DefaultMavenResourcesFiltering - Using platform encoding (UTF-8 actually) to copy filtered resources, i.e. build is platform dependent!
2025-11-13 11:21:20,530 [Worker-9: ビルド] INFO  o.a.m.s.f.DefaultMavenResourcesFiltering - skip non existing resourceDirectory C:\pleiades\2024-12\workspace\IH13A06_JV31_29_07\src\test\resources
2025-11-13 11:23:48,975 [Worker-20: ビルド] INFO  o.e.m.c.i.l.LifecycleMappingFactory - Using org.maven.ide.eclipse.wtp.WarLifecycleMapping lifecycle mapping for MavenProject: com.example:IH13A06_JV31_29_06:1.0-SNAPSHOT @ C:\pleiades\2024-12\workspace\IH13A06_JV31_29_07\pom.xml.
2025-11-13 11:23:49,337 [Worker-20: ビルド] WARN  o.a.m.s.f.DefaultMavenResourcesFiltering - Using platform encoding (UTF-8 actually) to copy filtered resources, i.e. build is platform dependent!
2025-11-13 11:23:49,337 [Worker-20: ビルド] INFO  o.a.m.s.f.DefaultMavenResourcesFiltering - Copying 1 resource from src\main\resources to target\classes
2025-11-13 11:23:49,342 [Worker-20: ビルド] WARN  o.a.m.s.f.DefaultMavenResourcesFiltering - Using platform encoding (UTF-8 actually) to copy filtered resources, i.e. build is platform dependent!
2025-11-13 11:23:49,342 [Worker-20: ビルド] INFO  o.a.m.s.f.DefaultMavenResourcesFiltering - skip non existing resourceDirectory C:\pleiades\2024-12\workspace\IH13A06_JV31_29_07\src\test\resources
2025-11-13 11:26:13,988 [Worker-19: 選択したプロジェクトのクリーニング] INFO  o.e.m.w.i.f.ResourceFilteringBuildParticipant - Cleaning filtered folder for IH13A06_JV31_29_07
2025-11-13 11:26:14,188 [Worker-9: ビルド] WARN  o.a.m.s.f.DefaultMavenResourcesFiltering - Using platform encoding (UTF-8 actually) to copy filtered resources, i.e. build is platform dependent!
2025-11-13 11:26:14,189 [Worker-9: ビルド] INFO  o.a.m.s.f.DefaultMavenResourcesFiltering - Copying 1 resource from src\main\resources to target\classes
2025-11-13 11:26:14,191 [Worker-9: ビルド] WARN  o.a.m.s.f.DefaultMavenResourcesFiltering - Using platform encoding (UTF-8 actually) to copy filtered resources, i.e. build is platform dependent!
2025-11-13 11:26:14,191 [Worker-9: ビルド] INFO  o.a.m.s.f.DefaultMavenResourcesFiltering - skip non existing resourceDirectory C:\pleiades\2024-12\workspace\IH13A06_JV31_29_07\src\test\resources
2025-11-13 11:26:14,191 [Worker-9: ビルド] INFO  o.e.m.w.i.f.ResourceFilteringBuildParticipant - Changed resources require a complete clean of filtered resources of IH13A06_JV31_29_07
2025-11-13 11:26:14,192 [Worker-9: ビルド] INFO  o.e.m.w.i.f.ResourceFilteringBuildParticipant - Executing resource filtering for IH13A06_JV31_29_07
2025-11-13 11:29:43,425 [Worker-9: ビルド] WARN  o.a.m.s.f.DefaultMavenResourcesFiltering - Using platform encoding (UTF-8 actually) to copy filtered resources, i.e. build is platform dependent!
2025-11-13 11:29:43,426 [Worker-9: ビルド] INFO  o.a.m.s.f.DefaultMavenResourcesFiltering - Copying 1 resource from src\main\resources to target\classes
2025-11-13 11:29:43,430 [Worker-9: ビルド] WARN  o.a.m.s.f.DefaultMavenResourcesFiltering - Using platform encoding (UTF-8 actually) to copy filtered resources, i.e. build is platform dependent!
2025-11-13 11:29:43,431 [Worker-9: ビルド] INFO  o.a.m.s.f.DefaultMavenResourcesFiltering - skip non existing resourceDirectory C:\pleiades\2024-12\workspace\IH13A06_JV31_29_06\src\test\resources
2025-11-13 11:30:54,656 [Worker-24: ビルド] WARN  o.a.m.s.f.DefaultMavenResourcesFiltering - Using platform encoding (UTF-8 actually) to copy filtered resources, i.e. build is platform dependent!
2025-11-13 11:30:54,659 [Worker-24: ビルド] INFO  o.a.m.s.f.DefaultMavenResourcesFiltering - Copying 0 resource from src\main\resources to target\classes
2025-11-13 11:30:54,660 [Worker-24: ビルド] WARN  o.a.m.s.f.DefaultMavenResourcesFiltering - Using platform encoding (UTF-8 actually) to copy filtered resources, i.e. build is platform dependent!
2025-11-13 11:30:54,660 [Worker-24: ビルド] INFO  o.a.m.s.f.DefaultMavenResourcesFiltering - skip non existing resourceDirectory C:\pleiades\2024-12\workspace\IH13A06_JV31_29_06\src\test\resources
2025-11-13 11:32:11,156 [Worker-24: ビルド] WARN  o.a.m.s.f.DefaultMavenResourcesFiltering - Using platform encoding (UTF-8 actually) to copy filtered resources, i.e. build is platform dependent!
2025-11-13 11:32:11,157 [Worker-24: ビルド] INFO  o.a.m.s.f.DefaultMavenResourcesFiltering - Copying 1 resource from src\main\resources to target\classes
2025-11-13 11:32:11,159 [Worker-24: ビルド] WARN  o.a.m.s.f.DefaultMavenResourcesFiltering - Using platform encoding (UTF-8 actually) to copy filtered resources, i.e. build is platform dependent!
2025-11-13 11:32:11,159 [Worker-24: ビルド] INFO  o.a.m.s.f.DefaultMavenResourcesFiltering - skip non existing resourceDirectory C:\pleiades\2024-12\workspace\IH13A06_JV31_29_06\src\test\resources
2025-11-13 11:32:57,721 [Worker-19: ビルド] WARN  o.a.m.s.f.DefaultMavenResourcesFiltering - Using platform encoding (UTF-8 actually) to copy filtered resources, i.e. build is platform dependent!
2025-11-13 11:32:57,722 [Worker-19: ビルド] INFO  o.a.m.s.f.DefaultMavenResourcesFiltering - Copying 0 resource from src\main\resources to target\classes
2025-11-13 11:32:57,724 [Worker-19: ビルド] WARN  o.a.m.s.f.DefaultMavenResourcesFiltering - Using platform encoding (UTF-8 actually) to copy filtered resources, i.e. build is platform dependent!
2025-11-13 11:32:57,724 [Worker-19: ビルド] INFO  o.a.m.s.f.DefaultMavenResourcesFiltering - skip non existing resourceDirectory C:\pleiades\2024-12\workspace\IH13A06_JV31_29_06\src\test\resources
2025-11-13 11:34:59,946 [Worker-19: ビルド] WARN  o.a.m.s.f.DefaultMavenResourcesFiltering - Using platform encoding (UTF-8 actually) to copy filtered resources, i.e. build is platform dependent!
2025-11-13 11:34:59,947 [Worker-19: ビルド] INFO  o.a.m.s.f.DefaultMavenResourcesFiltering - Copying 1 resource from src\main\resources to target\classes
2025-11-13 11:34:59,949 [Worker-19: ビルド] WARN  o.a.m.s.f.DefaultMavenResourcesFiltering - Using platform encoding (UTF-8 actually) to copy filtered resources, i.e. build is platform dependent!
2025-11-13 11:34:59,949 [Worker-19: ビルド] INFO  o.a.m.s.f.DefaultMavenResourcesFiltering - skip non existing resourceDirectory C:\pleiades\2024-12\workspace\IH13A06_JV31_29_06\src\test\resources
2025-11-13 11:36:24,590 [Worker-19: ビルド] WARN  o.a.m.s.f.DefaultMavenResourcesFiltering - Using platform encoding (UTF-8 actually) to copy filtered resources, i.e. build is platform dependent!
2025-11-13 11:36:24,591 [Worker-19: ビルド] INFO  o.a.m.s.f.DefaultMavenResourcesFiltering - Copying 1 resource from src\main\resources to target\classes
2025-11-13 11:36:24,593 [Worker-19: ビルド] WARN  o.a.m.s.f.DefaultMavenResourcesFiltering - Using platform encoding (UTF-8 actually) to copy filtered resources, i.e. build is platform dependent!
2025-11-13 11:36:24,593 [Worker-19: ビルド] INFO  o.a.m.s.f.DefaultMavenResourcesFiltering - skip non existing resourceDirectory C:\pleiades\2024-12\workspace\IH13A06_JV31_29_06\src\test\resources
2025-11-13 11:36:25,684 [Worker-23: ビルド] WARN  o.a.m.s.f.DefaultMavenResourcesFiltering - Using platform encoding (UTF-8 actually) to copy filtered resources, i.e. build is platform dependent!
2025-11-13 11:36:25,685 [Worker-23: ビルド] INFO  o.a.m.s.f.DefaultMavenResourcesFiltering - Copying 1 resource from src\main\resources to target\classes
2025-11-13 11:36:25,686 [Worker-23: ビルド] WARN  o.a.m.s.f.DefaultMavenResourcesFiltering - Using platform encoding (UTF-8 actually) to copy filtered resources, i.e. build is platform dependent!
2025-11-13 11:36:25,686 [Worker-23: ビルド] INFO  o.a.m.s.f.DefaultMavenResourcesFiltering - skip non existing resourceDirectory C:\pleiades\2024-12\workspace\IH13A06_JV31_29_06\src\test\resources
2025-11-13 11:37:21,781 [Worker-22: ビルド] WARN  o.a.m.s.f.DefaultMavenResourcesFiltering - Using platform encoding (UTF-8 actually) to copy filtered resources, i.e. build is platform dependent!
2025-11-13 11:37:21,782 [Worker-22: ビルド] INFO  o.a.m.s.f.DefaultMavenResourcesFiltering - Copying 1 resource from src\main\resources to target\classes
2025-11-13 11:37:21,785 [Worker-22: ビルド] WARN  o.a.m.s.f.DefaultMavenResourcesFiltering - Using platform encoding (UTF-8 actually) to copy filtered resources, i.e. build is platform dependent!
2025-11-13 11:37:21,785 [Worker-22: ビルド] INFO  o.a.m.s.f.DefaultMavenResourcesFiltering - skip non existing resourceDirectory C:\pleiades\2024-12\workspace\IH13A06_JV31_29_06\src\test\resources
2025-11-13 11:37:26,790 [Worker-9: ビルド] WARN  o.a.m.s.f.DefaultMavenResourcesFiltering - Using platform encoding (UTF-8 actually) to copy filtered resources, i.e. build is platform dependent!
2025-11-13 11:37:26,791 [Worker-9: ビルド] INFO  o.a.m.s.f.DefaultMavenResourcesFiltering - Copying 1 resource from src\main\resources to target\classes
2025-11-13 11:37:26,792 [Worker-9: ビルド] WARN  o.a.m.s.f.DefaultMavenResourcesFiltering - Using platform encoding (UTF-8 actually) to copy filtered resources, i.e. build is platform dependent!
2025-11-13 11:37:26,793 [Worker-9: ビルド] INFO  o.a.m.s.f.DefaultMavenResourcesFiltering - skip non existing resourceDirectory C:\pleiades\2024-12\workspace\IH13A06_JV31_29_06\src\test\resources
2025-11-13 11:42:08,742 [Worker-24: ビルド] WARN  o.a.m.s.f.DefaultMavenResourcesFiltering - Using platform encoding (UTF-8 actually) to copy filtered resources, i.e. build is platform dependent!
2025-11-13 11:42:08,743 [Worker-24: ビルド] INFO  o.a.m.s.f.DefaultMavenResourcesFiltering - Copying 0 resource from src\main\resources to target\classes
2025-11-13 11:42:08,745 [Worker-24: ビルド] WARN  o.a.m.s.f.DefaultMavenResourcesFiltering - Using platform encoding (UTF-8 actually) to copy filtered resources, i.e. build is platform dependent!
2025-11-13 11:42:08,745 [Worker-24: ビルド] INFO  o.a.m.s.f.DefaultMavenResourcesFiltering - skip non existing resourceDirectory C:\pleiades\2024-12\workspace\IH13A06_JV31_29_06\src\test\resources
2025-11-13 11:42:21,932 [Worker-19: ビルド] WARN  o.a.m.s.f.DefaultMavenResourcesFiltering - Using platform encoding (UTF-8 actually) to copy filtered resources, i.e. build is platform dependent!
2025-11-13 11:42:21,933 [Worker-19: ビルド] INFO  o.a.m.s.f.DefaultMavenResourcesFiltering - Copying 1 resource from src\main\resources to target\classes
2025-11-13 11:42:21,935 [Worker-19: ビルド] WARN  o.a.m.s.f.DefaultMavenResourcesFiltering - Using platform encoding (UTF-8 actually) to copy filtered resources, i.e. build is platform dependent!
2025-11-13 11:42:21,935 [Worker-19: ビルド] INFO  o.a.m.s.f.DefaultMavenResourcesFiltering - skip non existing resourceDirectory C:\pleiades\2024-12\workspace\IH13A06_JV31_29_06\src\test\resources
2025-11-13 11:42:30,220 [Worker-9: ビルド] WARN  o.a.m.s.f.DefaultMavenResourcesFiltering - Using platform encoding (UTF-8 actually) to copy filtered resources, i.e. build is platform dependent!
2025-11-13 11:42:30,222 [Worker-9: ビルド] INFO  o.a.m.s.f.DefaultMavenResourcesFiltering - Copying 1 resource from src\main\resources to target\classes
2025-11-13 11:42:30,224 [Worker-9: ビルド] WARN  o.a.m.s.f.DefaultMavenResourcesFiltering - Using platform encoding (UTF-8 actually) to copy filtered resources, i.e. build is platform dependent!
2025-11-13 11:42:30,224 [Worker-9: ビルド] INFO  o.a.m.s.f.DefaultMavenResourcesFiltering - skip non existing resourceDirectory C:\pleiades\2024-12\workspace\IH13A06_JV31_29_06\src\test\resources
2025-11-13 11:42:36,988 [Worker-19: ビルド] WARN  o.a.m.s.f.DefaultMavenResourcesFiltering - Using platform encoding (UTF-8 actually) to copy filtered resources, i.e. build is platform dependent!
2025-11-13 11:42:36,989 [Worker-19: ビルド] INFO  o.a.m.s.f.DefaultMavenResourcesFiltering - Copying 1 resource from src\main\resources to target\classes
2025-11-13 11:42:36,990 [Worker-19: ビルド] WARN  o.a.m.s.f.DefaultMavenResourcesFiltering - Using platform encoding (UTF-8 actually) to copy filtered resources, i.e. build is platform dependent!
2025-11-13 11:42:36,991 [Worker-19: ビルド] INFO  o.a.m.s.f.DefaultMavenResourcesFiltering - skip non existing resourceDirectory C:\pleiades\2024-12\workspace\IH13A06_JV31_29_06\src\test\resources
2025-11-13 11:43:21,847 [Worker-22: ビルド] WARN  o.a.m.s.f.DefaultMavenResourcesFiltering - Using platform encoding (UTF-8 actually) to copy filtered resources, i.e. build is platform dependent!
2025-11-13 11:43:21,847 [Worker-22: ビルド] INFO  o.a.m.s.f.DefaultMavenResourcesFiltering - Copying 1 resource from src\main\resources to target\classes
2025-11-13 11:43:21,849 [Worker-22: ビルド] WARN  o.a.m.s.f.DefaultMavenResourcesFiltering - Using platform encoding (UTF-8 actually) to copy filtered resources, i.e. build is platform dependent!
2025-11-13 11:43:21,849 [Worker-22: ビルド] INFO  o.a.m.s.f.DefaultMavenResourcesFiltering - skip non existing resourceDirectory C:\pleiades\2024-12\workspace\IH13A06_JV31_29_06\src\test\resources
2025-11-13 11:43:45,915 [Worker-22: ビルド] WARN  o.a.m.s.f.DefaultMavenResourcesFiltering - Using platform encoding (UTF-8 actually) to copy filtered resources, i.e. build is platform dependent!
2025-11-13 11:43:45,917 [Worker-22: ビルド] INFO  o.a.m.s.f.DefaultMavenResourcesFiltering - Copying 1 resource from src\main\resources to target\classes
2025-11-13 11:43:45,918 [Worker-22: ビルド] WARN  o.a.m.s.f.DefaultMavenResourcesFiltering - Using platform encoding (UTF-8 actually) to copy filtered resources, i.e. build is platform dependent!
2025-11-13 11:43:45,918 [Worker-22: ビルド] INFO  o.a.m.s.f.DefaultMavenResourcesFiltering - skip non existing resourceDirectory C:\pleiades\2024-12\workspace\IH13A06_JV31_29_06\src\test\resources
2025-11-13 11:44:20,662 [Worker-9: ビルド] WARN  o.a.m.s.f.DefaultMavenResourcesFiltering - Using platform encoding (UTF-8 actually) to copy filtered resources, i.e. build is platform dependent!
2025-11-13 11:44:20,663 [Worker-9: ビルド] INFO  o.a.m.s.f.DefaultMavenResourcesFiltering - Copying 1 resource from src\main\resources to target\classes
2025-11-13 11:44:20,664 [Worker-9: ビルド] WARN  o.a.m.s.f.DefaultMavenResourcesFiltering - Using platform encoding (UTF-8 actually) to copy filtered resources, i.e. build is platform dependent!
2025-11-13 11:44:20,665 [Worker-9: ビルド] INFO  o.a.m.s.f.DefaultMavenResourcesFiltering - skip non existing resourceDirectory C:\pleiades\2024-12\workspace\IH13A06_JV31_29_06\src\test\resources
2025-11-13 11:44:56,569 [Worker-21: ビルド] WARN  o.a.m.s.f.DefaultMavenResourcesFiltering - Using platform encoding (UTF-8 actually) to copy filtered resources, i.e. build is platform dependent!
2025-11-13 11:44:56,571 [Worker-21: ビルド] INFO  o.a.m.s.f.DefaultMavenResourcesFiltering - Copying 1 resource from src\main\resources to target\classes
2025-11-13 11:44:56,572 [Worker-21: ビルド] WARN  o.a.m.s.f.DefaultMavenResourcesFiltering - Using platform encoding (UTF-8 actually) to copy filtered resources, i.e. build is platform dependent!
2025-11-13 11:44:56,573 [Worker-21: ビルド] INFO  o.a.m.s.f.DefaultMavenResourcesFiltering - skip non existing resourceDirectory C:\pleiades\2024-12\workspace\IH13A06_JV31_29_06\src\test\resources
2025-11-13 11:45:27,506 [Worker-24: ビルド] WARN  o.a.m.s.f.DefaultMavenResourcesFiltering - Using platform encoding (UTF-8 actually) to copy filtered resources, i.e. build is platform dependent!
2025-11-13 11:45:27,507 [Worker-24: ビルド] INFO  o.a.m.s.f.DefaultMavenResourcesFiltering - Copying 1 resource from src\main\resources to target\classes
2025-11-13 11:45:27,508 [Worker-24: ビルド] WARN  o.a.m.s.f.DefaultMavenResourcesFiltering - Using platform encoding (UTF-8 actually) to copy filtered resources, i.e. build is platform dependent!
2025-11-13 11:45:27,509 [Worker-24: ビルド] INFO  o.a.m.s.f.DefaultMavenResourcesFiltering - skip non existing resourceDirectory C:\pleiades\2024-12\workspace\IH13A06_JV31_29_06\src\test\resources
2025-11-13 11:45:37,197 [Worker-24: ビルド] WARN  o.a.m.s.f.DefaultMavenResourcesFiltering - Using platform encoding (UTF-8 actually) to copy filtered resources, i.e. build is platform dependent!
2025-11-13 11:45:37,198 [Worker-24: ビルド] INFO  o.a.m.s.f.DefaultMavenResourcesFiltering - Copying 1 resource from src\main\resources to target\classes
2025-11-13 11:45:37,199 [Worker-24: ビルド] WARN  o.a.m.s.f.DefaultMavenResourcesFiltering - Using platform encoding (UTF-8 actually) to copy filtered resources, i.e. build is platform dependent!
2025-11-13 11:45:37,200 [Worker-24: ビルド] INFO  o.a.m.s.f.DefaultMavenResourcesFiltering - skip non existing resourceDirectory C:\pleiades\2024-12\workspace\IH13A06_JV31_29_06\src\test\resources
2025-11-13 11:46:19,218 [Worker-23: ビルド] WARN  o.a.m.s.f.DefaultMavenResourcesFiltering - Using platform encoding (UTF-8 actually) to copy filtered resources, i.e. build is platform dependent!
2025-11-13 11:46:19,219 [Worker-23: ビルド] INFO  o.a.m.s.f.DefaultMavenResourcesFiltering - Copying 1 resource from src\main\resources to target\classes
2025-11-13 11:46:19,220 [Worker-23: ビルド] WARN  o.a.m.s.f.DefaultMavenResourcesFiltering - Using platform encoding (UTF-8 actually) to copy filtered resources, i.e. build is platform dependent!
2025-11-13 11:46:19,221 [Worker-23: ビルド] INFO  o.a.m.s.f.DefaultMavenResourcesFiltering - skip non existing resourceDirectory C:\pleiades\2024-12\workspace\IH13A06_JV31_29_06\src\test\resources
2025-11-13 11:46:47,062 [Worker-20: ビルド] WARN  o.a.m.s.f.DefaultMavenResourcesFiltering - Using platform encoding (UTF-8 actually) to copy filtered resources, i.e. build is platform dependent!
2025-11-13 11:46:47,063 [Worker-20: ビルド] INFO  o.a.m.s.f.DefaultMavenResourcesFiltering - Copying 1 resource from src\main\resources to target\classes
2025-11-13 11:46:47,064 [Worker-20: ビルド] WARN  o.a.m.s.f.DefaultMavenResourcesFiltering - Using platform encoding (UTF-8 actually) to copy filtered resources, i.e. build is platform dependent!
2025-11-13 11:46:47,065 [Worker-20: ビルド] INFO  o.a.m.s.f.DefaultMavenResourcesFiltering - skip non existing resourceDirectory C:\pleiades\2024-12\workspace\IH13A06_JV31_29_06\src\test\resources
2025-11-13 11:46:54,468 [Worker-22: ビルド] WARN  o.a.m.s.f.DefaultMavenResourcesFiltering - Using platform encoding (UTF-8 actually) to copy filtered resources, i.e. build is platform dependent!
2025-11-13 11:46:54,469 [Worker-22: ビルド] INFO  o.a.m.s.f.DefaultMavenResourcesFiltering - Copying 1 resource from src\main\resources to target\classes
2025-11-13 11:46:54,470 [Worker-22: ビルド] WARN  o.a.m.s.f.DefaultMavenResourcesFiltering - Using platform encoding (UTF-8 actually) to copy filtered resources, i.e. build is platform dependent!
2025-11-13 11:46:54,470 [Worker-22: ビルド] INFO  o.a.m.s.f.DefaultMavenResourcesFiltering - skip non existing resourceDirectory C:\pleiades\2024-12\workspace\IH13A06_JV31_29_06\src\test\resources
2025-11-13 11:46:58,085 [Worker-19: ビルド] WARN  o.a.m.s.f.DefaultMavenResourcesFiltering - Using platform encoding (UTF-8 actually) to copy filtered resources, i.e. build is platform dependent!
2025-11-13 11:46:58,086 [Worker-19: ビルド] INFO  o.a.m.s.f.DefaultMavenResourcesFiltering - Copying 1 resource from src\main\resources to target\classes
2025-11-13 11:46:58,088 [Worker-19: ビルド] WARN  o.a.m.s.f.DefaultMavenResourcesFiltering - Using platform encoding (UTF-8 actually) to copy filtered resources, i.e. build is platform dependent!
2025-11-13 11:46:58,088 [Worker-19: ビルド] INFO  o.a.m.s.f.DefaultMavenResourcesFiltering - skip non existing resourceDirectory C:\pleiades\2024-12\workspace\IH13A06_JV31_29_06\src\test\resources
2025-11-13 11:47:01,910 [Worker-21: 選択したプロジェクトのクリーニング] INFO  o.e.m.w.i.f.ResourceFilteringBuildParticipant - Cleaning filtered folder for IH13A06_JV31_29_06
2025-11-13 11:47:02,061 [Worker-9: ビルド] WARN  o.a.m.s.f.DefaultMavenResourcesFiltering - Using platform encoding (UTF-8 actually) to copy filtered resources, i.e. build is platform dependent!
2025-11-13 11:47:02,062 [Worker-9: ビルド] INFO  o.a.m.s.f.DefaultMavenResourcesFiltering - Copying 1 resource from src\main\resources to target\classes
2025-11-13 11:47:02,064 [Worker-9: ビルド] WARN  o.a.m.s.f.DefaultMavenResourcesFiltering - Using platform encoding (UTF-8 actually) to copy filtered resources, i.e. build is platform dependent!
2025-11-13 11:47:02,065 [Worker-9: ビルド] INFO  o.a.m.s.f.DefaultMavenResourcesFiltering - skip non existing resourceDirectory C:\pleiades\2024-12\workspace\IH13A06_JV31_29_06\src\test\resources
2025-11-13 11:47:02,065 [Worker-9: ビルド] INFO  o.e.m.w.i.f.ResourceFilteringBuildParticipant - Changed resources require a complete clean of filtered resources of IH13A06_JV31_29_06
2025-11-13 11:47:02,065 [Worker-9: ビルド] INFO  o.e.m.w.i.f.ResourceFilteringBuildParticipant - Executing resource filtering for IH13A06_JV31_29_06
2025-11-13 11:50:40,400 [Worker-23: ビルド] WARN  o.a.m.s.f.DefaultMavenResourcesFiltering - Using platform encoding (UTF-8 actually) to copy filtered resources, i.e. build is platform dependent!
2025-11-13 11:50:40,401 [Worker-23: ビルド] INFO  o.a.m.s.f.DefaultMavenResourcesFiltering - Copying 1 resource from src\main\resources to target\classes
2025-11-13 11:50:40,403 [Worker-23: ビルド] WARN  o.a.m.s.f.DefaultMavenResourcesFiltering - Using platform encoding (UTF-8 actually) to copy filtered resources, i.e. build is platform dependent!
2025-11-13 11:50:40,403 [Worker-23: ビルド] INFO  o.a.m.s.f.DefaultMavenResourcesFiltering - skip non existing resourceDirectory C:\pleiades\2024-12\workspace\IH13A06_JV31_29_06\src\test\resources
2025-11-13 11:50:50,768 [Worker-20: 選択したプロジェクトのクリーニング] INFO  o.e.m.w.i.f.ResourceFilteringBuildParticipant - Cleaning filtered folder for IH13A06_JV31_29_06
2025-11-13 11:50:50,922 [Worker-19: ビルド] WARN  o.a.m.s.f.DefaultMavenResourcesFiltering - Using platform encoding (UTF-8 actually) to copy filtered resources, i.e. build is platform dependent!
2025-11-13 11:50:50,922 [Worker-19: ビルド] INFO  o.a.m.s.f.DefaultMavenResourcesFiltering - Copying 1 resource from src\main\resources to target\classes
2025-11-13 11:50:50,925 [Worker-19: ビルド] WARN  o.a.m.s.f.DefaultMavenResourcesFiltering - Using platform encoding (UTF-8 actually) to copy filtered resources, i.e. build is platform dependent!
2025-11-13 11:50:50,925 [Worker-19: ビルド] INFO  o.a.m.s.f.DefaultMavenResourcesFiltering - skip non existing resourceDirectory C:\pleiades\2024-12\workspace\IH13A06_JV31_29_06\src\test\resources
2025-11-13 11:50:50,925 [Worker-19: ビルド] INFO  o.e.m.w.i.f.ResourceFilteringBuildParticipant - Changed resources require a complete clean of filtered resources of IH13A06_JV31_29_06
2025-11-13 11:50:50,925 [Worker-19: ビルド] INFO  o.e.m.w.i.f.ResourceFilteringBuildParticipant - Executing resource filtering for IH13A06_JV31_29_06
2025-11-13 11:54:58,474 [Worker-23: ビルド] WARN  o.a.m.s.f.DefaultMavenResourcesFiltering - Using platform encoding (UTF-8 actually) to copy filtered resources, i.e. build is platform dependent!
2025-11-13 11:54:58,475 [Worker-23: ビルド] INFO  o.a.m.s.f.DefaultMavenResourcesFiltering - Copying 1 resource from src\main\resources to target\classes
2025-11-13 11:54:58,476 [Worker-23: ビルド] WARN  o.a.m.s.f.DefaultMavenResourcesFiltering - Using platform encoding (UTF-8 actually) to copy filtered resources, i.e. build is platform dependent!
2025-11-13 11:54:58,477 [Worker-23: ビルド] INFO  o.a.m.s.f.DefaultMavenResourcesFiltering - skip non existing resourceDirectory C:\pleiades\2024-12\workspace\IH13A06_JV31_29_06\src\test\resources
2025-11-13 11:55:38,556 [Worker-9: ビルド] WARN  o.a.m.s.f.DefaultMavenResourcesFiltering - Using platform encoding (UTF-8 actually) to copy filtered resources, i.e. build is platform dependent!
2025-11-13 11:55:38,558 [Worker-9: ビルド] INFO  o.a.m.s.f.DefaultMavenResourcesFiltering - Copying 0 resource from src\main\resources to target\classes
2025-11-13 11:55:38,559 [Worker-9: ビルド] WARN  o.a.m.s.f.DefaultMavenResourcesFiltering - Using platform encoding (UTF-8 actually) to copy filtered resources, i.e. build is platform dependent!
2025-11-13 11:55:38,559 [Worker-9: ビルド] INFO  o.a.m.s.f.DefaultMavenResourcesFiltering - skip non existing resourceDirectory C:\pleiades\2024-12\workspace\IH13A06_JV31_29_06\src\test\resources
2025-11-13 11:55:43,970 [Worker-17: 選択したプロジェクトのクリーニング] INFO  o.e.m.w.i.f.ResourceFilteringBuildParticipant - Cleaning filtered folder for IH13A06_JV31_29_06
2025-11-13 11:55:44,639 [Worker-24: ビルド] WARN  o.a.m.s.f.DefaultMavenResourcesFiltering - Using platform encoding (UTF-8 actually) to copy filtered resources, i.e. build is platform dependent!
2025-11-13 11:55:44,639 [Worker-24: ビルド] INFO  o.a.m.s.f.DefaultMavenResourcesFiltering - Copying 1 resource from src\main\resources to target\classes
2025-11-13 11:55:44,641 [Worker-24: ビルド] WARN  o.a.m.s.f.DefaultMavenResourcesFiltering - Using platform encoding (UTF-8 actually) to copy filtered resources, i.e. build is platform dependent!
2025-11-13 11:55:44,642 [Worker-24: ビルド] INFO  o.a.m.s.f.DefaultMavenResourcesFiltering - skip non existing resourceDirectory C:\pleiades\2024-12\workspace\IH13A06_JV31_29_06\src\test\resources
2025-11-13 11:55:44,642 [Worker-24: ビルド] INFO  o.e.m.w.i.f.ResourceFilteringBuildParticipant - Changed resources require a complete clean of filtered resources of IH13A06_JV31_29_06
2025-11-13 11:55:44,642 [Worker-24: ビルド] INFO  o.e.m.w.i.f.ResourceFilteringBuildParticipant - Executing resource filtering for IH13A06_JV31_29_06
2025-11-13 11:56:57,516 [Worker-23: ビルド] WARN  o.a.m.s.f.DefaultMavenResourcesFiltering - Using platform encoding (UTF-8 actually) to copy filtered resources, i.e. build is platform dependent!
2025-11-13 11:56:57,517 [Worker-23: ビルド] INFO  o.a.m.s.f.DefaultMavenResourcesFiltering - Copying 1 resource from src\main\resources to target\classes
2025-11-13 11:56:57,519 [Worker-23: ビルド] WARN  o.a.m.s.f.DefaultMavenResourcesFiltering - Using platform encoding (UTF-8 actually) to copy filtered resources, i.e. build is platform dependent!
2025-11-13 11:56:57,519 [Worker-23: ビルド] INFO  o.a.m.s.f.DefaultMavenResourcesFiltering - skip non existing resourceDirectory C:\pleiades\2024-12\workspace\IH13A06_JV31_29_06\src\test\resources
2025-11-13 11:57:00,621 [Worker-23: 選択したプロジェクトのクリーニング] INFO  o.e.m.w.i.f.ResourceFilteringBuildParticipant - Cleaning filtered folder for IH13A06_JV31_29_06
2025-11-13 11:57:00,785 [Worker-24: ビルド] WARN  o.a.m.s.f.DefaultMavenResourcesFiltering - Using platform encoding (UTF-8 actually) to copy filtered resources, i.e. build is platform dependent!
2025-11-13 11:57:00,786 [Worker-24: ビルド] INFO  o.a.m.s.f.DefaultMavenResourcesFiltering - Copying 1 resource from src\main\resources to target\classes
2025-11-13 11:57:00,788 [Worker-24: ビルド] WARN  o.a.m.s.f.DefaultMavenResourcesFiltering - Using platform encoding (UTF-8 actually) to copy filtered resources, i.e. build is platform dependent!
2025-11-13 11:57:00,789 [Worker-24: ビルド] INFO  o.a.m.s.f.DefaultMavenResourcesFiltering - skip non existing resourceDirectory C:\pleiades\2024-12\workspace\IH13A06_JV31_29_06\src\test\resources
2025-11-13 11:57:00,789 [Worker-24: ビルド] INFO  o.e.m.w.i.f.ResourceFilteringBuildParticipant - Changed resources require a complete clean of filtered resources of IH13A06_JV31_29_06
2025-11-13 11:57:00,789 [Worker-24: ビルド] INFO  o.e.m.w.i.f.ResourceFilteringBuildParticipant - Executing resource filtering for IH13A06_JV31_29_06
2025-11-13 11:58:27,375 [Worker-9: ビルド] WARN  o.a.m.s.f.DefaultMavenResourcesFiltering - Using platform encoding (UTF-8 actually) to copy filtered resources, i.e. build is platform dependent!
2025-11-13 11:58:27,377 [Worker-9: ビルド] INFO  o.a.m.s.f.DefaultMavenResourcesFiltering - Copying 0 resource from src\main\resources to target\classes
2025-11-13 11:58:27,378 [Worker-9: ビルド] WARN  o.a.m.s.f.DefaultMavenResourcesFiltering - Using platform encoding (UTF-8 actually) to copy filtered resources, i.e. build is platform dependent!
2025-11-13 11:58:27,378 [Worker-9: ビルド] INFO  o.a.m.s.f.DefaultMavenResourcesFiltering - skip non existing resourceDirectory C:\pleiades\2024-12\workspace\IH13A06_JV31_29_06\src\test\resources
2025-11-13 11:58:34,253 [Worker-23: ビルド] WARN  o.a.m.s.f.DefaultMavenResourcesFiltering - Using platform encoding (UTF-8 actually) to copy filtered resources, i.e. build is platform dependent!
2025-11-13 11:58:34,254 [Worker-23: ビルド] INFO  o.a.m.s.f.DefaultMavenResourcesFiltering - Copying 1 resource from src\main\resources to target\classes
2025-11-13 11:58:34,255 [Worker-23: ビルド] WARN  o.a.m.s.f.DefaultMavenResourcesFiltering - Using platform encoding (UTF-8 actually) to copy filtered resources, i.e. build is platform dependent!
2025-11-13 11:58:34,255 [Worker-23: ビルド] INFO  o.a.m.s.f.DefaultMavenResourcesFiltering - skip non existing resourceDirectory C:\pleiades\2024-12\workspace\IH13A06_JV31_29_06\src\test\resources
2025-11-13 11:58:37,273 [Worker-25: 選択したプロジェクトのクリーニング] INFO  o.e.m.w.i.f.ResourceFilteringBuildParticipant - Cleaning filtered folder for IH13A06_JV31_29_06
2025-11-13 11:58:37,459 [Worker-20: ビルド] WARN  o.a.m.s.f.DefaultMavenResourcesFiltering - Using platform encoding (UTF-8 actually) to copy filtered resources, i.e. build is platform dependent!
2025-11-13 11:58:37,460 [Worker-20: ビルド] INFO  o.a.m.s.f.DefaultMavenResourcesFiltering - Copying 1 resource from src\main\resources to target\classes
2025-11-13 11:58:37,462 [Worker-20: ビルド] WARN  o.a.m.s.f.DefaultMavenResourcesFiltering - Using platform encoding (UTF-8 actually) to copy filtered resources, i.e. build is platform dependent!
2025-11-13 11:58:37,462 [Worker-20: ビルド] INFO  o.a.m.s.f.DefaultMavenResourcesFiltering - skip non existing resourceDirectory C:\pleiades\2024-12\workspace\IH13A06_JV31_29_06\src\test\resources
2025-11-13 11:58:37,462 [Worker-20: ビルド] INFO  o.e.m.w.i.f.ResourceFilteringBuildParticipant - Changed resources require a complete clean of filtered resources of IH13A06_JV31_29_06
2025-11-13 11:58:37,462 [Worker-20: ビルド] INFO  o.e.m.w.i.f.ResourceFilteringBuildParticipant - Executing resource filtering for IH13A06_JV31_29_06
2025-11-13 12:01:10,966 [Worker-17: ビルド] WARN  o.a.m.s.f.DefaultMavenResourcesFiltering - Using platform encoding (UTF-8 actually) to copy filtered resources, i.e. build is platform dependent!
2025-11-13 12:01:10,967 [Worker-17: ビルド] INFO  o.a.m.s.f.DefaultMavenResourcesFiltering - Copying 1 resource from src\main\resources to target\classes
2025-11-13 12:01:10,969 [Worker-17: ビルド] WARN  o.a.m.s.f.DefaultMavenResourcesFiltering - Using platform encoding (UTF-8 actually) to copy filtered resources, i.e. build is platform dependent!
2025-11-13 12:01:10,969 [Worker-17: ビルド] INFO  o.a.m.s.f.DefaultMavenResourcesFiltering - skip non existing resourceDirectory C:\pleiades\2024-12\workspace\IH13A06_JV31_29_06\src\test\resources
2025-11-13 12:01:24,581 [Worker-24: ビルド] WARN  o.a.m.s.f.DefaultMavenResourcesFiltering - Using platform encoding (UTF-8 actually) to copy filtered resources, i.e. build is platform dependent!
2025-11-13 12:01:24,582 [Worker-24: ビルド] INFO  o.a.m.s.f.DefaultMavenResourcesFiltering - Copying 1 resource from src\main\resources to target\classes
2025-11-13 12:01:24,583 [Worker-24: ビルド] WARN  o.a.m.s.f.DefaultMavenResourcesFiltering - Using platform encoding (UTF-8 actually) to copy filtered resources, i.e. build is platform dependent!
2025-11-13 12:01:24,583 [Worker-24: ビルド] INFO  o.a.m.s.f.DefaultMavenResourcesFiltering - skip non existing resourceDirectory C:\pleiades\2024-12\workspace\IH13A06_JV31_29_06\src\test\resources
2025-11-13 12:02:28,670 [Worker-21: ビルド] WARN  o.a.m.s.f.DefaultMavenResourcesFiltering - Using platform encoding (UTF-8 actually) to copy filtered resources, i.e. build is platform dependent!
2025-11-13 12:02:28,671 [Worker-21: ビルド] INFO  o.a.m.s.f.DefaultMavenResourcesFiltering - Copying 1 resource from src\main\resources to target\classes
2025-11-13 12:02:28,672 [Worker-21: ビルド] WARN  o.a.m.s.f.DefaultMavenResourcesFiltering - Using platform encoding (UTF-8 actually) to copy filtered resources, i.e. build is platform dependent!
2025-11-13 12:02:28,673 [Worker-21: ビルド] INFO  o.a.m.s.f.DefaultMavenResourcesFiltering - skip non existing resourceDirectory C:\pleiades\2024-12\workspace\IH13A06_JV31_29_06\src\test\resources
2025-11-13 12:02:33,217 [Worker-19: ビルド] WARN  o.a.m.s.f.DefaultMavenResourcesFiltering - Using platform encoding (UTF-8 actually) to copy filtered resources, i.e. build is platform dependent!
2025-11-13 12:02:33,218 [Worker-19: ビルド] INFO  o.a.m.s.f.DefaultMavenResourcesFiltering - Copying 1 resource from src\main\resources to target\classes
2025-11-13 12:02:33,219 [Worker-19: ビルド] WARN  o.a.m.s.f.DefaultMavenResourcesFiltering - Using platform encoding (UTF-8 actually) to copy filtered resources, i.e. build is platform dependent!
2025-11-13 12:02:33,220 [Worker-19: ビルド] INFO  o.a.m.s.f.DefaultMavenResourcesFiltering - skip non existing resourceDirectory C:\pleiades\2024-12\workspace\IH13A06_JV31_29_06\src\test\resources
2025-11-13 12:02:46,796 [Worker-19: ビルド] WARN  o.a.m.s.f.DefaultMavenResourcesFiltering - Using platform encoding (UTF-8 actually) to copy filtered resources, i.e. build is platform dependent!
2025-11-13 12:02:46,797 [Worker-19: ビルド] INFO  o.a.m.s.f.DefaultMavenResourcesFiltering - Copying 1 resource from src\main\resources to target\classes
2025-11-13 12:02:46,798 [Worker-19: ビルド] WARN  o.a.m.s.f.DefaultMavenResourcesFiltering - Using platform encoding (UTF-8 actually) to copy filtered resources, i.e. build is platform dependent!
2025-11-13 12:02:46,799 [Worker-19: ビルド] INFO  o.a.m.s.f.DefaultMavenResourcesFiltering - skip non existing resourceDirectory C:\pleiades\2024-12\workspace\IH13A06_JV31_29_06\src\test\resources
2025-11-13 12:02:53,041 [Worker-9: ビルド] WARN  o.a.m.s.f.DefaultMavenResourcesFiltering - Using platform encoding (UTF-8 actually) to copy filtered resources, i.e. build is platform dependent!
2025-11-13 12:02:53,042 [Worker-9: ビルド] INFO  o.a.m.s.f.DefaultMavenResourcesFiltering - Copying 1 resource from src\main\resources to target\classes
2025-11-13 12:02:53,043 [Worker-9: ビルド] WARN  o.a.m.s.f.DefaultMavenResourcesFiltering - Using platform encoding (UTF-8 actually) to copy filtered resources, i.e. build is platform dependent!
2025-11-13 12:02:53,044 [Worker-9: ビルド] INFO  o.a.m.s.f.DefaultMavenResourcesFiltering - skip non existing resourceDirectory C:\pleiades\2024-12\workspace\IH13A06_JV31_29_06\src\test\resources
2025-11-13 12:03:03,360 [Worker-23: ビルド] WARN  o.a.m.s.f.DefaultMavenResourcesFiltering - Using platform encoding (UTF-8 actually) to copy filtered resources, i.e. build is platform dependent!
2025-11-13 12:03:03,361 [Worker-23: ビルド] INFO  o.a.m.s.f.DefaultMavenResourcesFiltering - Copying 1 resource from src\main\resources to target\classes
2025-11-13 12:03:03,362 [Worker-23: ビルド] WARN  o.a.m.s.f.DefaultMavenResourcesFiltering - Using platform encoding (UTF-8 actually) to copy filtered resources, i.e. build is platform dependent!
2025-11-13 12:03:03,363 [Worker-23: ビルド] INFO  o.a.m.s.f.DefaultMavenResourcesFiltering - skip non existing resourceDirectory C:\pleiades\2024-12\workspace\IH13A06_JV31_29_06\src\test\resources
2025-11-13 12:03:12,680 [Worker-25: ビルド] WARN  o.a.m.s.f.DefaultMavenResourcesFiltering - Using platform encoding (UTF-8 actually) to copy filtered resources, i.e. build is platform dependent!
2025-11-13 12:03:12,681 [Worker-25: ビルド] INFO  o.a.m.s.f.DefaultMavenResourcesFiltering - Copying 1 resource from src\main\resources to target\classes
2025-11-13 12:03:12,683 [Worker-25: ビルド] WARN  o.a.m.s.f.DefaultMavenResourcesFiltering - Using platform encoding (UTF-8 actually) to copy filtered resources, i.e. build is platform dependent!
2025-11-13 12:03:12,683 [Worker-25: ビルド] INFO  o.a.m.s.f.DefaultMavenResourcesFiltering - skip non existing resourceDirectory C:\pleiades\2024-12\workspace\IH13A06_JV31_29_06\src\test\resources
2025-11-13 12:03:37,174 [Worker-21: ビルド] WARN  o.a.m.s.f.DefaultMavenResourcesFiltering - Using platform encoding (UTF-8 actually) to copy filtered resources, i.e. build is platform dependent!
2025-11-13 12:03:37,175 [Worker-21: ビルド] INFO  o.a.m.s.f.DefaultMavenResourcesFiltering - Copying 1 resource from src\main\resources to target\classes
2025-11-13 12:03:37,177 [Worker-21: ビルド] WARN  o.a.m.s.f.DefaultMavenResourcesFiltering - Using platform encoding (UTF-8 actually) to copy filtered resources, i.e. build is platform dependent!
2025-11-13 12:03:37,177 [Worker-21: ビルド] INFO  o.a.m.s.f.DefaultMavenResourcesFiltering - skip non existing resourceDirectory C:\pleiades\2024-12\workspace\IH13A06_JV31_29_06\src\test\resources
2025-11-13 12:03:46,010 [Worker-24: ビルド] WARN  o.a.m.s.f.DefaultMavenResourcesFiltering - Using platform encoding (UTF-8 actually) to copy filtered resources, i.e. build is platform dependent!
2025-11-13 12:03:46,011 [Worker-24: ビルド] INFO  o.a.m.s.f.DefaultMavenResourcesFiltering - Copying 1 resource from src\main\resources to target\classes
2025-11-13 12:03:46,013 [Worker-24: ビルド] WARN  o.a.m.s.f.DefaultMavenResourcesFiltering - Using platform encoding (UTF-8 actually) to copy filtered resources, i.e. build is platform dependent!
2025-11-13 12:03:46,014 [Worker-24: ビルド] INFO  o.a.m.s.f.DefaultMavenResourcesFiltering - skip non existing resourceDirectory C:\pleiades\2024-12\workspace\IH13A06_JV31_29_06\src\test\resources
2025-11-13 12:04:57,901 [Worker-23: ビルド] WARN  o.a.m.s.f.DefaultMavenResourcesFiltering - Using platform encoding (UTF-8 actually) to copy filtered resources, i.e. build is platform dependent!
2025-11-13 12:04:57,902 [Worker-23: ビルド] INFO  o.a.m.s.f.DefaultMavenResourcesFiltering - Copying 1 resource from src\main\resources to target\classes
2025-11-13 12:04:57,903 [Worker-23: ビルド] WARN  o.a.m.s.f.DefaultMavenResourcesFiltering - Using platform encoding (UTF-8 actually) to copy filtered resources, i.e. build is platform dependent!
2025-11-13 12:04:57,904 [Worker-23: ビルド] INFO  o.a.m.s.f.DefaultMavenResourcesFiltering - skip non existing resourceDirectory C:\pleiades\2024-12\workspace\IH13A06_JV31_29_06\src\test\resources
2025-11-13 12:05:42,478 [Worker-19: ビルド] WARN  o.a.m.s.f.DefaultMavenResourcesFiltering - Using platform encoding (UTF-8 actually) to copy filtered resources, i.e. build is platform dependent!
2025-11-13 12:05:42,479 [Worker-19: ビルド] INFO  o.a.m.s.f.DefaultMavenResourcesFiltering - Copying 1 resource from src\main\resources to target\classes
2025-11-13 12:05:42,481 [Worker-19: ビルド] WARN  o.a.m.s.f.DefaultMavenResourcesFiltering - Using platform encoding (UTF-8 actually) to copy filtered resources, i.e. build is platform dependent!
2025-11-13 12:05:42,481 [Worker-19: ビルド] INFO  o.a.m.s.f.DefaultMavenResourcesFiltering - skip non existing resourceDirectory C:\pleiades\2024-12\workspace\IH13A06_JV31_29_06\src\test\resources
2025-11-13 12:07:00,994 [Worker-23: ビルド] WARN  o.a.m.s.f.DefaultMavenResourcesFiltering - Using platform encoding (UTF-8 actually) to copy filtered resources, i.e. build is platform dependent!
2025-11-13 12:07:00,995 [Worker-23: ビルド] INFO  o.a.m.s.f.DefaultMavenResourcesFiltering - Copying 1 resource from src\main\resources to target\classes
2025-11-13 12:07:00,996 [Worker-23: ビルド] WARN  o.a.m.s.f.DefaultMavenResourcesFiltering - Using platform encoding (UTF-8 actually) to copy filtered resources, i.e. build is platform dependent!
2025-11-13 12:07:00,997 [Worker-23: ビルド] INFO  o.a.m.s.f.DefaultMavenResourcesFiltering - skip non existing resourceDirectory C:\pleiades\2024-12\workspace\IH13A06_JV31_29_06\src\test\resources
2025-11-13 12:07:08,518 [Worker-20: ビルド] WARN  o.a.m.s.f.DefaultMavenResourcesFiltering - Using platform encoding (UTF-8 actually) to copy filtered resources, i.e. build is platform dependent!
2025-11-13 12:07:08,519 [Worker-20: ビルド] INFO  o.a.m.s.f.DefaultMavenResourcesFiltering - Copying 1 resource from src\main\resources to target\classes
2025-11-13 12:07:08,520 [Worker-20: ビルド] WARN  o.a.m.s.f.DefaultMavenResourcesFiltering - Using platform encoding (UTF-8 actually) to copy filtered resources, i.e. build is platform dependent!
2025-11-13 12:07:08,521 [Worker-20: ビルド] INFO  o.a.m.s.f.DefaultMavenResourcesFiltering - skip non existing resourceDirectory C:\pleiades\2024-12\workspace\IH13A06_JV31_29_06\src\test\resources
2025-11-13 12:09:09,829 [Worker-21: ビルド] WARN  o.a.m.s.f.DefaultMavenResourcesFiltering - Using platform encoding (UTF-8 actually) to copy filtered resources, i.e. build is platform dependent!
2025-11-13 12:09:09,830 [Worker-21: ビルド] INFO  o.a.m.s.f.DefaultMavenResourcesFiltering - Copying 1 resource from src\main\resources to target\classes
2025-11-13 12:09:09,831 [Worker-21: ビルド] WARN  o.a.m.s.f.DefaultMavenResourcesFiltering - Using platform encoding (UTF-8 actually) to copy filtered resources, i.e. build is platform dependent!
2025-11-13 12:09:09,832 [Worker-21: ビルド] INFO  o.a.m.s.f.DefaultMavenResourcesFiltering - skip non existing resourceDirectory C:\pleiades\2024-12\workspace\IH13A06_JV31_29_06\src\test\resources
2025-11-13 12:10:57,168 [Worker-25: ビルド] WARN  o.a.m.s.f.DefaultMavenResourcesFiltering - Using platform encoding (UTF-8 actually) to copy filtered resources, i.e. build is platform dependent!
2025-11-13 12:10:57,170 [Worker-25: ビルド] INFO  o.a.m.s.f.DefaultMavenResourcesFiltering - Copying 1 resource from src\main\resources to target\classes
2025-11-13 12:10:57,171 [Worker-25: ビルド] WARN  o.a.m.s.f.DefaultMavenResourcesFiltering - Using platform encoding (UTF-8 actually) to copy filtered resources, i.e. build is platform dependent!
2025-11-13 12:10:57,172 [Worker-25: ビルド] INFO  o.a.m.s.f.DefaultMavenResourcesFiltering - skip non existing resourceDirectory C:\pleiades\2024-12\workspace\IH13A06_JV31_29_06\src\test\resources
2025-11-13 12:10:58,514 [Worker-23: 選択したプロジェクトのクリーニング] INFO  o.e.m.w.i.f.ResourceFilteringBuildParticipant - Cleaning filtered folder for IH13A06_JV31_29_06
2025-11-13 12:10:59,337 [Worker-24: ビルド] WARN  o.a.m.s.f.DefaultMavenResourcesFiltering - Using platform encoding (UTF-8 actually) to copy filtered resources, i.e. build is platform dependent!
2025-11-13 12:10:59,338 [Worker-24: ビルド] INFO  o.a.m.s.f.DefaultMavenResourcesFiltering - Copying 1 resource from src\main\resources to target\classes
2025-11-13 12:10:59,340 [Worker-24: ビルド] WARN  o.a.m.s.f.DefaultMavenResourcesFiltering - Using platform encoding (UTF-8 actually) to copy filtered resources, i.e. build is platform dependent!
2025-11-13 12:10:59,341 [Worker-24: ビルド] INFO  o.a.m.s.f.DefaultMavenResourcesFiltering - skip non existing resourceDirectory C:\pleiades\2024-12\workspace\IH13A06_JV31_29_06\src\test\resources
2025-11-13 12:10:59,341 [Worker-24: ビルド] INFO  o.e.m.w.i.f.ResourceFilteringBuildParticipant - Changed resources require a complete clean of filtered resources of IH13A06_JV31_29_06
2025-11-13 12:10:59,341 [Worker-24: ビルド] INFO  o.e.m.w.i.f.ResourceFilteringBuildParticipant - Executing resource filtering for IH13A06_JV31_29_06
2025-11-13 12:13:12,229 [Worker-22: ビルド] WARN  o.a.m.s.f.DefaultMavenResourcesFiltering - Using platform encoding (UTF-8 actually) to copy filtered resources, i.e. build is platform dependent!
2025-11-13 12:13:12,230 [Worker-22: ビルド] INFO  o.a.m.s.f.DefaultMavenResourcesFiltering - Copying 0 resource from src\main\resources to target\classes
2025-11-13 12:13:12,231 [Worker-22: ビルド] WARN  o.a.m.s.f.DefaultMavenResourcesFiltering - Using platform encoding (UTF-8 actually) to copy filtered resources, i.e. build is platform dependent!
2025-11-13 12:13:12,231 [Worker-22: ビルド] INFO  o.a.m.s.f.DefaultMavenResourcesFiltering - skip non existing resourceDirectory C:\pleiades\2024-12\workspace\IH13A06_JV31_29_06\src\test\resources
2025-11-13 12:13:18,280 [Worker-23: ビルド] WARN  o.a.m.s.f.DefaultMavenResourcesFiltering - Using platform encoding (UTF-8 actually) to copy filtered resources, i.e. build is platform dependent!
2025-11-13 12:13:18,281 [Worker-23: ビルド] INFO  o.a.m.s.f.DefaultMavenResourcesFiltering - Copying 1 resource from src\main\resources to target\classes
2025-11-13 12:13:18,282 [Worker-23: ビルド] WARN  o.a.m.s.f.DefaultMavenResourcesFiltering - Using platform encoding (UTF-8 actually) to copy filtered resources, i.e. build is platform dependent!
2025-11-13 12:13:18,283 [Worker-23: ビルド] INFO  o.a.m.s.f.DefaultMavenResourcesFiltering - skip non existing resourceDirectory C:\pleiades\2024-12\workspace\IH13A06_JV31_29_06\src\test\resources
2025-11-13 12:14:27,103 [Worker-25: ビルド] WARN  o.a.m.s.f.DefaultMavenResourcesFiltering - Using platform encoding (UTF-8 actually) to copy filtered resources, i.e. build is platform dependent!
2025-11-13 12:14:27,104 [Worker-25: ビルド] INFO  o.a.m.s.f.DefaultMavenResourcesFiltering - Copying 1 resource from src\main\resources to target\classes
2025-11-13 12:14:27,106 [Worker-25: ビルド] WARN  o.a.m.s.f.DefaultMavenResourcesFiltering - Using platform encoding (UTF-8 actually) to copy filtered resources, i.e. build is platform dependent!
2025-11-13 12:14:27,106 [Worker-25: ビルド] INFO  o.a.m.s.f.DefaultMavenResourcesFiltering - skip non existing resourceDirectory C:\pleiades\2024-12\workspace\IH13A06_JV31_29_06\src\test\resources
2025-11-13 12:14:58,272 [Worker-17: ビルド] WARN  o.a.m.s.f.DefaultMavenResourcesFiltering - Using platform encoding (UTF-8 actually) to copy filtered resources, i.e. build is platform dependent!
2025-11-13 12:14:58,273 [Worker-17: ビルド] INFO  o.a.m.s.f.DefaultMavenResourcesFiltering - Copying 0 resource from src\main\resources to target\classes
2025-11-13 12:14:58,274 [Worker-17: ビルド] WARN  o.a.m.s.f.DefaultMavenResourcesFiltering - Using platform encoding (UTF-8 actually) to copy filtered resources, i.e. build is platform dependent!
2025-11-13 12:14:58,275 [Worker-17: ビルド] INFO  o.a.m.s.f.DefaultMavenResourcesFiltering - skip non existing resourceDirectory C:\pleiades\2024-12\workspace\IH13A06_JV31_29_06\src\test\resources
2025-11-13 12:15:01,604 [Worker-21: ビルド] WARN  o.a.m.s.f.DefaultMavenResourcesFiltering - Using platform encoding (UTF-8 actually) to copy filtered resources, i.e. build is platform dependent!
2025-11-13 12:15:01,605 [Worker-21: ビルド] INFO  o.a.m.s.f.DefaultMavenResourcesFiltering - Copying 1 resource from src\main\resources to target\classes
2025-11-13 12:15:01,607 [Worker-21: ビルド] WARN  o.a.m.s.f.DefaultMavenResourcesFiltering - Using platform encoding (UTF-8 actually) to copy filtered resources, i.e. build is platform dependent!
2025-11-13 12:15:01,607 [Worker-21: ビルド] INFO  o.a.m.s.f.DefaultMavenResourcesFiltering - skip non existing resourceDirectory C:\pleiades\2024-12\workspace\IH13A06_JV31_29_06\src\test\resources
2025-11-13 12:16:24,179 [Worker-23: ビルド] WARN  o.a.m.s.f.DefaultMavenResourcesFiltering - Using platform encoding (UTF-8 actually) to copy filtered resources, i.e. build is platform dependent!
2025-11-13 12:16:24,180 [Worker-23: ビルド] INFO  o.a.m.s.f.DefaultMavenResourcesFiltering - Copying 1 resource from src\main\resources to target\classes
2025-11-13 12:16:24,182 [Worker-23: ビルド] WARN  o.a.m.s.f.DefaultMavenResourcesFiltering - Using platform encoding (UTF-8 actually) to copy filtered resources, i.e. build is platform dependent!
2025-11-13 12:16:24,182 [Worker-23: ビルド] INFO  o.a.m.s.f.DefaultMavenResourcesFiltering - skip non existing resourceDirectory C:\pleiades\2024-12\workspace\IH13A06_JV31_29_06\src\test\resources
2025-11-13 12:16:26,772 [Worker-17: 選択したプロジェクトのクリーニング] INFO  o.e.m.w.i.f.ResourceFilteringBuildParticipant - Cleaning filtered folder for IH13A06_JV31_29_06
2025-11-13 12:16:26,990 [Worker-21: ビルド] WARN  o.a.m.s.f.DefaultMavenResourcesFiltering - Using platform encoding (UTF-8 actually) to copy filtered resources, i.e. build is platform dependent!
2025-11-13 12:16:26,991 [Worker-21: ビルド] INFO  o.a.m.s.f.DefaultMavenResourcesFiltering - Copying 1 resource from src\main\resources to target\classes
2025-11-13 12:16:26,993 [Worker-21: ビルド] WARN  o.a.m.s.f.DefaultMavenResourcesFiltering - Using platform encoding (UTF-8 actually) to copy filtered resources, i.e. build is platform dependent!
2025-11-13 12:16:26,993 [Worker-21: ビルド] INFO  o.a.m.s.f.DefaultMavenResourcesFiltering - skip non existing resourceDirectory C:\pleiades\2024-12\workspace\IH13A06_JV31_29_06\src\test\resources
2025-11-13 12:16:26,994 [Worker-21: ビルド] INFO  o.e.m.w.i.f.ResourceFilteringBuildParticipant - Changed resources require a complete clean of filtered resources of IH13A06_JV31_29_06
2025-11-13 12:16:26,994 [Worker-21: ビルド] INFO  o.e.m.w.i.f.ResourceFilteringBuildParticipant - Executing resource filtering for IH13A06_JV31_29_06
2025-11-13 12:17:55,756 [Worker-24: ビルド] WARN  o.a.m.s.f.DefaultMavenResourcesFiltering - Using platform encoding (UTF-8 actually) to copy filtered resources, i.e. build is platform dependent!
2025-11-13 12:17:55,758 [Worker-24: ビルド] INFO  o.a.m.s.f.DefaultMavenResourcesFiltering - Copying 0 resource from src\main\resources to target\classes
2025-11-13 12:17:55,759 [Worker-24: ビルド] WARN  o.a.m.s.f.DefaultMavenResourcesFiltering - Using platform encoding (UTF-8 actually) to copy filtered resources, i.e. build is platform dependent!
2025-11-13 12:17:55,759 [Worker-24: ビルド] INFO  o.a.m.s.f.DefaultMavenResourcesFiltering - skip non existing resourceDirectory C:\pleiades\2024-12\workspace\IH13A06_JV31_29_06\src\test\resources
2025-11-13 12:18:05,394 [Worker-25: 選択したプロジェクトのクリーニング] INFO  o.e.m.w.i.f.ResourceFilteringBuildParticipant - Cleaning filtered folder for IH13A06_JV31_29_06
2025-11-13 12:18:05,586 [Worker-21: ビルド] WARN  o.a.m.s.f.DefaultMavenResourcesFiltering - Using platform encoding (UTF-8 actually) to copy filtered resources, i.e. build is platform dependent!
2025-11-13 12:18:05,587 [Worker-21: ビルド] INFO  o.a.m.s.f.DefaultMavenResourcesFiltering - Copying 1 resource from src\main\resources to target\classes
2025-11-13 12:18:05,589 [Worker-21: ビルド] WARN  o.a.m.s.f.DefaultMavenResourcesFiltering - Using platform encoding (UTF-8 actually) to copy filtered resources, i.e. build is platform dependent!
2025-11-13 12:18:05,589 [Worker-21: ビルド] INFO  o.a.m.s.f.DefaultMavenResourcesFiltering - skip non existing resourceDirectory C:\pleiades\2024-12\workspace\IH13A06_JV31_29_06\src\test\resources
2025-11-13 12:18:05,590 [Worker-21: ビルド] INFO  o.e.m.w.i.f.ResourceFilteringBuildParticipant - Changed resources require a complete clean of filtered resources of IH13A06_JV31_29_06
2025-11-13 12:18:05,590 [Worker-21: ビルド] INFO  o.e.m.w.i.f.ResourceFilteringBuildParticipant - Executing resource filtering for IH13A06_JV31_29_06
2025-11-13 12:18:46,215 [Worker-26: ビルド] WARN  o.a.m.s.f.DefaultMavenResourcesFiltering - Using platform encoding (UTF-8 actually) to copy filtered resources, i.e. build is platform dependent!
2025-11-13 12:18:46,216 [Worker-26: ビルド] INFO  o.a.m.s.f.DefaultMavenResourcesFiltering - Copying 0 resource from src\main\resources to target\classes
2025-11-13 12:18:46,217 [Worker-26: ビルド] WARN  o.a.m.s.f.DefaultMavenResourcesFiltering - Using platform encoding (UTF-8 actually) to copy filtered resources, i.e. build is platform dependent!
2025-11-13 12:18:46,218 [Worker-26: ビルド] INFO  o.a.m.s.f.DefaultMavenResourcesFiltering - skip non existing resourceDirectory C:\pleiades\2024-12\workspace\IH13A06_JV31_29_06\src\test\resources
2025-11-13 12:18:51,170 [Worker-20: 選択したプロジェクトのクリーニング] INFO  o.e.m.w.i.f.ResourceFilteringBuildParticipant - Cleaning filtered folder for IH13A06_JV31_29_06
2025-11-13 12:18:51,360 [Worker-24: ビルド] WARN  o.a.m.s.f.DefaultMavenResourcesFiltering - Using platform encoding (UTF-8 actually) to copy filtered resources, i.e. build is platform dependent!
2025-11-13 12:18:51,360 [Worker-24: ビルド] INFO  o.a.m.s.f.DefaultMavenResourcesFiltering - Copying 1 resource from src\main\resources to target\classes
2025-11-13 12:18:51,362 [Worker-24: ビルド] WARN  o.a.m.s.f.DefaultMavenResourcesFiltering - Using platform encoding (UTF-8 actually) to copy filtered resources, i.e. build is platform dependent!
2025-11-13 12:18:51,363 [Worker-24: ビルド] INFO  o.a.m.s.f.DefaultMavenResourcesFiltering - skip non existing resourceDirectory C:\pleiades\2024-12\workspace\IH13A06_JV31_29_06\src\test\resources
2025-11-13 12:18:51,363 [Worker-24: ビルド] INFO  o.e.m.w.i.f.ResourceFilteringBuildParticipant - Changed resources require a complete clean of filtered resources of IH13A06_JV31_29_06
2025-11-13 12:18:51,363 [Worker-24: ビルド] INFO  o.e.m.w.i.f.ResourceFilteringBuildParticipant - Executing resource filtering for IH13A06_JV31_29_06
2025-11-13 12:21:54,638 [Worker-24: ビルド] WARN  o.a.m.s.f.DefaultMavenResourcesFiltering - Using platform encoding (UTF-8 actually) to copy filtered resources, i.e. build is platform dependent!
2025-11-13 12:21:54,640 [Worker-24: ビルド] INFO  o.a.m.s.f.DefaultMavenResourcesFiltering - Copying 1 resource from src\main\resources to target\classes
2025-11-13 12:21:54,641 [Worker-24: ビルド] WARN  o.a.m.s.f.DefaultMavenResourcesFiltering - Using platform encoding (UTF-8 actually) to copy filtered resources, i.e. build is platform dependent!
2025-11-13 12:21:54,641 [Worker-24: ビルド] INFO  o.a.m.s.f.DefaultMavenResourcesFiltering - skip non existing resourceDirectory C:\pleiades\2024-12\workspace\IH13A06_JV31_29_06\src\test\resources
2025-11-13 12:21:57,547 [Worker-27: 選択したプロジェクトのクリーニング] INFO  o.e.m.w.i.f.ResourceFilteringBuildParticipant - Cleaning filtered folder for IH13A06_JV31_29_06
2025-11-13 12:21:57,768 [Worker-19: ビルド] WARN  o.a.m.s.f.DefaultMavenResourcesFiltering - Using platform encoding (UTF-8 actually) to copy filtered resources, i.e. build is platform dependent!
2025-11-13 12:21:57,769 [Worker-19: ビルド] INFO  o.a.m.s.f.DefaultMavenResourcesFiltering - Copying 1 resource from src\main\resources to target\classes
2025-11-13 12:21:57,772 [Worker-19: ビルド] WARN  o.a.m.s.f.DefaultMavenResourcesFiltering - Using platform encoding (UTF-8 actually) to copy filtered resources, i.e. build is platform dependent!
2025-11-13 12:21:57,773 [Worker-19: ビルド] INFO  o.a.m.s.f.DefaultMavenResourcesFiltering - skip non existing resourceDirectory C:\pleiades\2024-12\workspace\IH13A06_JV31_29_06\src\test\resources
2025-11-13 12:21:57,773 [Worker-19: ビルド] INFO  o.e.m.w.i.f.ResourceFilteringBuildParticipant - Changed resources require a complete clean of filtered resources of IH13A06_JV31_29_06
2025-11-13 12:21:57,773 [Worker-19: ビルド] INFO  o.e.m.w.i.f.ResourceFilteringBuildParticipant - Executing resource filtering for IH13A06_JV31_29_06
2025-11-13 12:24:16,321 [Worker-22: ビルド] WARN  o.a.m.s.f.DefaultMavenResourcesFiltering - Using platform encoding (UTF-8 actually) to copy filtered resources, i.e. build is platform dependent!
2025-11-13 12:24:16,322 [Worker-22: ビルド] INFO  o.a.m.s.f.DefaultMavenResourcesFiltering - Copying 1 resource from src\main\resources to target\classes
2025-11-13 12:24:16,324 [Worker-22: ビルド] WARN  o.a.m.s.f.DefaultMavenResourcesFiltering - Using platform encoding (UTF-8 actually) to copy filtered resources, i.e. build is platform dependent!
2025-11-13 12:24:16,324 [Worker-22: ビルド] INFO  o.a.m.s.f.DefaultMavenResourcesFiltering - skip non existing resourceDirectory C:\pleiades\2024-12\workspace\IH13A06_JV31_29_06\src\test\resources
2025-11-13 12:24:19,051 [Worker-26: 選択したプロジェクトのクリーニング] INFO  o.e.m.w.i.f.ResourceFilteringBuildParticipant - Cleaning filtered folder for IH13A06_JV31_29_06
2025-11-13 12:24:19,243 [Worker-19: ビルド] WARN  o.a.m.s.f.DefaultMavenResourcesFiltering - Using platform encoding (UTF-8 actually) to copy filtered resources, i.e. build is platform dependent!
2025-11-13 12:24:19,244 [Worker-19: ビルド] INFO  o.a.m.s.f.DefaultMavenResourcesFiltering - Copying 1 resource from src\main\resources to target\classes
2025-11-13 12:24:19,246 [Worker-19: ビルド] WARN  o.a.m.s.f.DefaultMavenResourcesFiltering - Using platform encoding (UTF-8 actually) to copy filtered resources, i.e. build is platform dependent!
2025-11-13 12:24:19,246 [Worker-19: ビルド] INFO  o.a.m.s.f.DefaultMavenResourcesFiltering - skip non existing resourceDirectory C:\pleiades\2024-12\workspace\IH13A06_JV31_29_06\src\test\resources
2025-11-13 12:24:19,246 [Worker-19: ビルド] INFO  o.e.m.w.i.f.ResourceFilteringBuildParticipant - Changed resources require a complete clean of filtered resources of IH13A06_JV31_29_06
2025-11-13 12:24:19,246 [Worker-19: ビルド] INFO  o.e.m.w.i.f.ResourceFilteringBuildParticipant - Executing resource filtering for IH13A06_JV31_29_06
2025-11-13 12:25:19,448 [Worker-25: ビルド] WARN  o.a.m.s.f.DefaultMavenResourcesFiltering - Using platform encoding (UTF-8 actually) to copy filtered resources, i.e. build is platform dependent!
2025-11-13 12:25:19,450 [Worker-25: ビルド] INFO  o.a.m.s.f.DefaultMavenResourcesFiltering - Copying 1 resource from src\main\resources to target\classes
2025-11-13 12:25:19,451 [Worker-25: ビルド] WARN  o.a.m.s.f.DefaultMavenResourcesFiltering - Using platform encoding (UTF-8 actually) to copy filtered resources, i.e. build is platform dependent!
2025-11-13 12:25:19,452 [Worker-25: ビルド] INFO  o.a.m.s.f.DefaultMavenResourcesFiltering - skip non existing resourceDirectory C:\pleiades\2024-12\workspace\IH13A06_JV31_29_06\src\test\resources
2025-11-13 12:25:25,315 [Worker-25: 選択したプロジェクトのクリーニング] INFO  o.e.m.w.i.f.ResourceFilteringBuildParticipant - Cleaning filtered folder for IH13A06_JV31_29_06
2025-11-13 12:25:25,486 [Worker-26: ビルド] WARN  o.a.m.s.f.DefaultMavenResourcesFiltering - Using platform encoding (UTF-8 actually) to copy filtered resources, i.e. build is platform dependent!
2025-11-13 12:25:25,487 [Worker-26: ビルド] INFO  o.a.m.s.f.DefaultMavenResourcesFiltering - Copying 1 resource from src\main\resources to target\classes
2025-11-13 12:25:25,489 [Worker-26: ビルド] WARN  o.a.m.s.f.DefaultMavenResourcesFiltering - Using platform encoding (UTF-8 actually) to copy filtered resources, i.e. build is platform dependent!
2025-11-13 12:25:25,490 [Worker-26: ビルド] INFO  o.a.m.s.f.DefaultMavenResourcesFiltering - skip non existing resourceDirectory C:\pleiades\2024-12\workspace\IH13A06_JV31_29_06\src\test\resources
2025-11-13 12:25:25,490 [Worker-26: ビルド] INFO  o.e.m.w.i.f.ResourceFilteringBuildParticipant - Changed resources require a complete clean of filtered resources of IH13A06_JV31_29_06
2025-11-13 12:25:25,490 [Worker-26: ビルド] INFO  o.e.m.w.i.f.ResourceFilteringBuildParticipant - Executing resource filtering for IH13A06_JV31_29_06
2025-11-13 12:26:43,624 [Worker-9: ビルド] WARN  o.a.m.s.f.DefaultMavenResourcesFiltering - Using platform encoding (UTF-8 actually) to copy filtered resources, i.e. build is platform dependent!
2025-11-13 12:26:43,625 [Worker-9: ビルド] INFO  o.a.m.s.f.DefaultMavenResourcesFiltering - Copying 1 resource from src\main\resources to target\classes
2025-11-13 12:26:43,626 [Worker-9: ビルド] WARN  o.a.m.s.f.DefaultMavenResourcesFiltering - Using platform encoding (UTF-8 actually) to copy filtered resources, i.e. build is platform dependent!
2025-11-13 12:26:43,627 [Worker-9: ビルド] INFO  o.a.m.s.f.DefaultMavenResourcesFiltering - skip non existing resourceDirectory C:\pleiades\2024-12\workspace\IH13A06_JV31_29_06\src\test\resources
2025-11-13 12:26:51,122 [Worker-24: 選択したプロジェクトのクリーニング] INFO  o.e.m.w.i.f.ResourceFilteringBuildParticipant - Cleaning filtered folder for IH13A06_JV31_29_06
2025-11-13 12:26:51,328 [Worker-19: ビルド] WARN  o.a.m.s.f.DefaultMavenResourcesFiltering - Using platform encoding (UTF-8 actually) to copy filtered resources, i.e. build is platform dependent!
2025-11-13 12:26:51,329 [Worker-19: ビルド] INFO  o.a.m.s.f.DefaultMavenResourcesFiltering - Copying 1 resource from src\main\resources to target\classes
2025-11-13 12:26:51,331 [Worker-19: ビルド] WARN  o.a.m.s.f.DefaultMavenResourcesFiltering - Using platform encoding (UTF-8 actually) to copy filtered resources, i.e. build is platform dependent!
2025-11-13 12:26:51,331 [Worker-19: ビルド] INFO  o.a.m.s.f.DefaultMavenResourcesFiltering - skip non existing resourceDirectory C:\pleiades\2024-12\workspace\IH13A06_JV31_29_06\src\test\resources
2025-11-13 12:26:51,331 [Worker-19: ビルド] INFO  o.e.m.w.i.f.ResourceFilteringBuildParticipant - Changed resources require a complete clean of filtered resources of IH13A06_JV31_29_06
2025-11-13 12:26:51,331 [Worker-19: ビルド] INFO  o.e.m.w.i.f.ResourceFilteringBuildParticipant - Executing resource filtering for IH13A06_JV31_29_06
2025-11-13 12:27:28,283 [Worker-26: ビルド] WARN  o.a.m.s.f.DefaultMavenResourcesFiltering - Using platform encoding (UTF-8 actually) to copy filtered resources, i.e. build is platform dependent!
2025-11-13 12:27:28,284 [Worker-26: ビルド] INFO  o.a.m.s.f.DefaultMavenResourcesFiltering - Copying 1 resource from src\main\resources to target\classes
2025-11-13 12:27:28,285 [Worker-26: ビルド] WARN  o.a.m.s.f.DefaultMavenResourcesFiltering - Using platform encoding (UTF-8 actually) to copy filtered resources, i.e. build is platform dependent!
2025-11-13 12:27:28,286 [Worker-26: ビルド] INFO  o.a.m.s.f.DefaultMavenResourcesFiltering - skip non existing resourceDirectory C:\pleiades\2024-12\workspace\IH13A06_JV31_29_06\src\test\resources
2025-11-13 12:30:19,470 [Worker-22: ビルド] WARN  o.a.m.s.f.DefaultMavenResourcesFiltering - Using platform encoding (UTF-8 actually) to copy filtered resources, i.e. build is platform dependent!
2025-11-13 12:30:19,471 [Worker-22: ビルド] INFO  o.a.m.s.f.DefaultMavenResourcesFiltering - Copying 1 resource from src\main\resources to target\classes
2025-11-13 12:30:19,473 [Worker-22: ビルド] WARN  o.a.m.s.f.DefaultMavenResourcesFiltering - Using platform encoding (UTF-8 actually) to copy filtered resources, i.e. build is platform dependent!
2025-11-13 12:30:19,473 [Worker-22: ビルド] INFO  o.a.m.s.f.DefaultMavenResourcesFiltering - skip non existing resourceDirectory C:\pleiades\2024-12\workspace\IH13A06_JV31_29_06\src\test\resources
2025-11-13 12:30:31,041 [Worker-23: ビルド] WARN  o.a.m.s.f.DefaultMavenResourcesFiltering - Using platform encoding (UTF-8 actually) to copy filtered resources, i.e. build is platform dependent!
2025-11-13 12:30:31,043 [Worker-23: ビルド] INFO  o.a.m.s.f.DefaultMavenResourcesFiltering - Copying 0 resource from src\main\resources to target\classes
2025-11-13 12:30:31,044 [Worker-23: ビルド] WARN  o.a.m.s.f.DefaultMavenResourcesFiltering - Using platform encoding (UTF-8 actually) to copy filtered resources, i.e. build is platform dependent!
2025-11-13 12:30:31,044 [Worker-23: ビルド] INFO  o.a.m.s.f.DefaultMavenResourcesFiltering - skip non existing resourceDirectory C:\pleiades\2024-12\workspace\IH13A06_JV31_29_06\src\test\resources
2025-11-13 12:30:34,106 [Worker-27: 選択したプロジェクトのクリーニング] INFO  o.e.m.w.i.f.ResourceFilteringBuildParticipant - Cleaning filtered folder for IH13A06_JV31_29_06
2025-11-13 12:30:35,077 [Worker-21: ビルド] WARN  o.a.m.s.f.DefaultMavenResourcesFiltering - Using platform encoding (UTF-8 actually) to copy filtered resources, i.e. build is platform dependent!
2025-11-13 12:30:35,078 [Worker-21: ビルド] INFO  o.a.m.s.f.DefaultMavenResourcesFiltering - Copying 1 resource from src\main\resources to target\classes
2025-11-13 12:30:35,080 [Worker-21: ビルド] WARN  o.a.m.s.f.DefaultMavenResourcesFiltering - Using platform encoding (UTF-8 actually) to copy filtered resources, i.e. build is platform dependent!
2025-11-13 12:30:35,081 [Worker-21: ビルド] INFO  o.a.m.s.f.DefaultMavenResourcesFiltering - skip non existing resourceDirectory C:\pleiades\2024-12\workspace\IH13A06_JV31_29_06\src\test\resources
2025-11-13 12:30:35,081 [Worker-21: ビルド] INFO  o.e.m.w.i.f.ResourceFilteringBuildParticipant - Changed resources require a complete clean of filtered resources of IH13A06_JV31_29_06
2025-11-13 12:30:35,081 [Worker-21: ビルド] INFO  o.e.m.w.i.f.ResourceFilteringBuildParticipant - Executing resource filtering for IH13A06_JV31_29_06
2025-11-13 12:31:28,006 [Worker-21: ビルド] WARN  o.a.m.s.f.DefaultMavenResourcesFiltering - Using platform encoding (UTF-8 actually) to copy filtered resources, i.e. build is platform dependent!
2025-11-13 12:31:28,007 [Worker-21: ビルド] INFO  o.a.m.s.f.DefaultMavenResourcesFiltering - Copying 0 resource from src\main\resources to target\classes
2025-11-13 12:31:28,008 [Worker-21: ビルド] WARN  o.a.m.s.f.DefaultMavenResourcesFiltering - Using platform encoding (UTF-8 actually) to copy filtered resources, i.e. build is platform dependent!
2025-11-13 12:31:28,009 [Worker-21: ビルド] INFO  o.a.m.s.f.DefaultMavenResourcesFiltering - skip non existing resourceDirectory C:\pleiades\2024-12\workspace\IH13A06_JV31_29_06\src\test\resources
2025-11-13 12:32:15,472 [Worker-23: 選択したプロジェクトのクリーニング] INFO  o.e.m.w.i.f.ResourceFilteringBuildParticipant - Cleaning filtered folder for IH13A06_JV31_29_06
2025-11-13 12:32:15,664 [Worker-19: ビルド] WARN  o.a.m.s.f.DefaultMavenResourcesFiltering - Using platform encoding (UTF-8 actually) to copy filtered resources, i.e. build is platform dependent!
2025-11-13 12:32:15,664 [Worker-19: ビルド] INFO  o.a.m.s.f.DefaultMavenResourcesFiltering - Copying 1 resource from src\main\resources to target\classes
2025-11-13 12:32:15,668 [Worker-19: ビルド] WARN  o.a.m.s.f.DefaultMavenResourcesFiltering - Using platform encoding (UTF-8 actually) to copy filtered resources, i.e. build is platform dependent!
2025-11-13 12:32:15,668 [Worker-19: ビルド] INFO  o.a.m.s.f.DefaultMavenResourcesFiltering - skip non existing resourceDirectory C:\pleiades\2024-12\workspace\IH13A06_JV31_29_06\src\test\resources
2025-11-13 12:32:15,668 [Worker-19: ビルド] INFO  o.e.m.w.i.f.ResourceFilteringBuildParticipant - Changed resources require a complete clean of filtered resources of IH13A06_JV31_29_06
2025-11-13 12:32:15,668 [Worker-19: ビルド] INFO  o.e.m.w.i.f.ResourceFilteringBuildParticipant - Executing resource filtering for IH13A06_JV31_29_06
2025-11-13 12:32:48,755 [Worker-23: ビルド] WARN  o.a.m.s.f.DefaultMavenResourcesFiltering - Using platform encoding (UTF-8 actually) to copy filtered resources, i.e. build is platform dependent!
2025-11-13 12:32:48,756 [Worker-23: ビルド] INFO  o.a.m.s.f.DefaultMavenResourcesFiltering - Copying 1 resource from src\main\resources to target\classes
2025-11-13 12:32:48,758 [Worker-23: ビルド] WARN  o.a.m.s.f.DefaultMavenResourcesFiltering - Using platform encoding (UTF-8 actually) to copy filtered resources, i.e. build is platform dependent!
2025-11-13 12:32:48,758 [Worker-23: ビルド] INFO  o.a.m.s.f.DefaultMavenResourcesFiltering - skip non existing resourceDirectory C:\pleiades\2024-12\workspace\IH13A06_JV31_29_06\src\test\resources
2025-11-13 12:32:51,142 [Worker-19: 選択したプロジェクトのクリーニング] INFO  o.e.m.w.i.f.ResourceFilteringBuildParticipant - Cleaning filtered folder for IH13A06_JV31_29_06
2025-11-13 12:32:51,318 [Worker-26: ビルド] WARN  o.a.m.s.f.DefaultMavenResourcesFiltering - Using platform encoding (UTF-8 actually) to copy filtered resources, i.e. build is platform dependent!
2025-11-13 12:32:51,319 [Worker-26: ビルド] INFO  o.a.m.s.f.DefaultMavenResourcesFiltering - Copying 1 resource from src\main\resources to target\classes
2025-11-13 12:32:51,321 [Worker-26: ビルド] WARN  o.a.m.s.f.DefaultMavenResourcesFiltering - Using platform encoding (UTF-8 actually) to copy filtered resources, i.e. build is platform dependent!
2025-11-13 12:32:51,322 [Worker-26: ビルド] INFO  o.a.m.s.f.DefaultMavenResourcesFiltering - skip non existing resourceDirectory C:\pleiades\2024-12\workspace\IH13A06_JV31_29_06\src\test\resources
2025-11-13 12:32:51,322 [Worker-26: ビルド] INFO  o.e.m.w.i.f.ResourceFilteringBuildParticipant - Changed resources require a complete clean of filtered resources of IH13A06_JV31_29_06
2025-11-13 12:32:51,322 [Worker-26: ビルド] INFO  o.e.m.w.i.f.ResourceFilteringBuildParticipant - Executing resource filtering for IH13A06_JV31_29_06
2025-11-13 12:33:27,740 [Worker-20: 選択したプロジェクトのクリーニング] INFO  o.e.m.w.i.f.ResourceFilteringBuildParticipant - Cleaning filtered folder for IH13A06_JV31_29_06
2025-11-13 12:33:27,964 [Worker-27: ビルド] WARN  o.a.m.s.f.DefaultMavenResourcesFiltering - Using platform encoding (UTF-8 actually) to copy filtered resources, i.e. build is platform dependent!
2025-11-13 12:33:27,964 [Worker-27: ビルド] INFO  o.a.m.s.f.DefaultMavenResourcesFiltering - Copying 1 resource from src\main\resources to target\classes
2025-11-13 12:33:27,967 [Worker-27: ビルド] WARN  o.a.m.s.f.DefaultMavenResourcesFiltering - Using platform encoding (UTF-8 actually) to copy filtered resources, i.e. build is platform dependent!
2025-11-13 12:33:27,967 [Worker-27: ビルド] INFO  o.a.m.s.f.DefaultMavenResourcesFiltering - skip non existing resourceDirectory C:\pleiades\2024-12\workspace\IH13A06_JV31_29_06\src\test\resources
2025-11-13 12:33:27,967 [Worker-27: ビルド] INFO  o.e.m.w.i.f.ResourceFilteringBuildParticipant - Changed resources require a complete clean of filtered resources of IH13A06_JV31_29_06
2025-11-13 12:33:27,967 [Worker-27: ビルド] INFO  o.e.m.w.i.f.ResourceFilteringBuildParticipant - Executing resource filtering for IH13A06_JV31_29_06
2025-11-13 12:35:03,934 [Worker-22: ビルド] WARN  o.a.m.s.f.DefaultMavenResourcesFiltering - Using platform encoding (UTF-8 actually) to copy filtered resources, i.e. build is platform dependent!
2025-11-13 12:35:03,935 [Worker-22: ビルド] INFO  o.a.m.s.f.DefaultMavenResourcesFiltering - Copying 1 resource from src\main\resources to target\classes
2025-11-13 12:35:03,936 [Worker-22: ビルド] WARN  o.a.m.s.f.DefaultMavenResourcesFiltering - Using platform encoding (UTF-8 actually) to copy filtered resources, i.e. build is platform dependent!
2025-11-13 12:35:03,936 [Worker-22: ビルド] INFO  o.a.m.s.f.DefaultMavenResourcesFiltering - skip non existing resourceDirectory C:\pleiades\2024-12\workspace\IH13A06_JV31_29_06\src\test\resources
2025-11-13 12:35:18,249 [Worker-27: ビルド] WARN  o.a.m.s.f.DefaultMavenResourcesFiltering - Using platform encoding (UTF-8 actually) to copy filtered resources, i.e. build is platform dependent!
2025-11-13 12:35:18,250 [Worker-27: ビルド] INFO  o.a.m.s.f.DefaultMavenResourcesFiltering - Copying 0 resource from src\main\resources to target\classes
2025-11-13 12:35:18,251 [Worker-27: ビルド] WARN  o.a.m.s.f.DefaultMavenResourcesFiltering - Using platform encoding (UTF-8 actually) to copy filtered resources, i.e. build is platform dependent!
2025-11-13 12:35:18,252 [Worker-27: ビルド] INFO  o.a.m.s.f.DefaultMavenResourcesFiltering - skip non existing resourceDirectory C:\pleiades\2024-12\workspace\IH13A06_JV31_29_06\src\test\resources
2025-11-13 12:35:38,100 [Worker-24: ビルド] WARN  o.a.m.s.f.DefaultMavenResourcesFiltering - Using platform encoding (UTF-8 actually) to copy filtered resources, i.e. build is platform dependent!
2025-11-13 12:35:38,101 [Worker-24: ビルド] INFO  o.a.m.s.f.DefaultMavenResourcesFiltering - Copying 0 resource from src\main\resources to target\classes
2025-11-13 12:35:38,102 [Worker-24: ビルド] WARN  o.a.m.s.f.DefaultMavenResourcesFiltering - Using platform encoding (UTF-8 actually) to copy filtered resources, i.e. build is platform dependent!
2025-11-13 12:35:38,103 [Worker-24: ビルド] INFO  o.a.m.s.f.DefaultMavenResourcesFiltering - skip non existing resourceDirectory C:\pleiades\2024-12\workspace\IH13A06_JV31_29_06\src\test\resources
2025-11-13 12:35:45,989 [Worker-24: ビルド] WARN  o.a.m.s.f.DefaultMavenResourcesFiltering - Using platform encoding (UTF-8 actually) to copy filtered resources, i.e. build is platform dependent!
2025-11-13 12:35:45,990 [Worker-24: ビルド] INFO  o.a.m.s.f.DefaultMavenResourcesFiltering - Copying 0 resource from src\main\resources to target\classes
2025-11-13 12:35:45,991 [Worker-24: ビルド] WARN  o.a.m.s.f.DefaultMavenResourcesFiltering - Using platform encoding (UTF-8 actually) to copy filtered resources, i.e. build is platform dependent!
2025-11-13 12:35:45,992 [Worker-24: ビルド] INFO  o.a.m.s.f.DefaultMavenResourcesFiltering - skip non existing resourceDirectory C:\pleiades\2024-12\workspace\IH13A06_JV31_29_06\src\test\resources
2025-11-13 12:36:03,110 [Worker-24: ビルド] WARN  o.a.m.s.f.DefaultMavenResourcesFiltering - Using platform encoding (UTF-8 actually) to copy filtered resources, i.e. build is platform dependent!
2025-11-13 12:36:03,111 [Worker-24: ビルド] INFO  o.a.m.s.f.DefaultMavenResourcesFiltering - Copying 1 resource from src\main\resources to target\classes
2025-11-13 12:36:03,112 [Worker-24: ビルド] WARN  o.a.m.s.f.DefaultMavenResourcesFiltering - Using platform encoding (UTF-8 actually) to copy filtered resources, i.e. build is platform dependent!
2025-11-13 12:36:03,112 [Worker-24: ビルド] INFO  o.a.m.s.f.DefaultMavenResourcesFiltering - skip non existing resourceDirectory C:\pleiades\2024-12\workspace\IH13A06_JV31_29_06\src\test\resources
2025-11-13 12:36:13,666 [Worker-26: ビルド] WARN  o.a.m.s.f.DefaultMavenResourcesFiltering - Using platform encoding (UTF-8 actually) to copy filtered resources, i.e. build is platform dependent!
2025-11-13 12:36:13,667 [Worker-26: ビルド] INFO  o.a.m.s.f.DefaultMavenResourcesFiltering - Copying 1 resource from src\main\resources to target\classes
2025-11-13 12:36:13,669 [Worker-26: ビルド] WARN  o.a.m.s.f.DefaultMavenResourcesFiltering - Using platform encoding (UTF-8 actually) to copy filtered resources, i.e. build is platform dependent!
2025-11-13 12:36:13,669 [Worker-26: ビルド] INFO  o.a.m.s.f.DefaultMavenResourcesFiltering - skip non existing resourceDirectory C:\pleiades\2024-12\workspace\IH13A06_JV31_29_06\src\test\resources
2025-11-27 09:09:23,545 [Worker-10: Loading available Gradle versions] INFO  o.e.b.c.i.u.g.PublishedGradleVersions - Gradle version information cache is out-of-date. Trying to update.
2025-11-27 09:09:23,759 [Worker-10: Loading available Gradle versions] INFO  o.e.b.c.i.u.g.PublishedGradleVersions - Updating Gradle version information cache failed. Using outdated cache.
2025-11-27 09:09:58,167 [Worker-4: 選択したプロジェクトのクリーニング] INFO  o.e.m.w.i.f.ResourceFilteringBuildParticipant - Cleaning filtered folder for IH13A06_JV31_29_06
2025-11-27 09:09:58,612 [Worker-11: ビルド] WARN  o.a.m.s.f.DefaultMavenResourcesFiltering - Using platform encoding (UTF-8 actually) to copy filtered resources, i.e. build is platform dependent!
2025-11-27 09:09:58,614 [Worker-11: ビルド] INFO  o.a.m.s.f.DefaultMavenResourcesFiltering - Copying 1 resource from src\main\resources to target\classes
2025-11-27 09:09:58,714 [Worker-11: ビルド] WARN  o.a.m.s.f.DefaultMavenResourcesFiltering - Using platform encoding (UTF-8 actually) to copy filtered resources, i.e. build is platform dependent!
2025-11-27 09:09:58,715 [Worker-11: ビルド] INFO  o.a.m.s.f.DefaultMavenResourcesFiltering - skip non existing resourceDirectory C:\pleiades\2024-12\workspace\IH13A06_JV31_29_06\src\test\resources
2025-11-27 09:09:58,715 [Worker-11: ビルド] INFO  o.e.m.w.i.f.ResourceFilteringBuildParticipant - Changed resources require a complete clean of filtered resources of IH13A06_JV31_29_06
2025-11-27 09:09:58,716 [Worker-11: ビルド] INFO  o.e.m.w.i.f.ResourceFilteringBuildParticipant - Executing resource filtering for IH13A06_JV31_29_06
2025-11-27 09:11:18,950 [Worker-5: ビルド] WARN  o.a.m.s.f.DefaultMavenResourcesFiltering - Using platform encoding (UTF-8 actually) to copy filtered resources, i.e. build is platform dependent!
2025-11-27 09:11:18,955 [Worker-5: ビルド] INFO  o.a.m.s.f.DefaultMavenResourcesFiltering - Copying 1 resource from src\main\resources to target\classes
2025-11-27 09:11:18,957 [Worker-5: ビルド] WARN  o.a.m.s.f.DefaultMavenResourcesFiltering - Using platform encoding (UTF-8 actually) to copy filtered resources, i.e. build is platform dependent!
2025-11-27 09:11:18,957 [Worker-5: ビルド] INFO  o.a.m.s.f.DefaultMavenResourcesFiltering - skip non existing resourceDirectory C:\pleiades\2024-12\workspace\IH13A06_JV31_29_06\src\test\resources
2025-11-27 09:11:21,790 [Worker-8: 選択したプロジェクトのクリーニング] INFO  o.e.m.w.i.f.ResourceFilteringBuildParticipant - Cleaning filtered folder for IH13A06_JV31_29_06
2025-11-27 09:11:21,954 [Worker-7: ビルド] WARN  o.a.m.s.f.DefaultMavenResourcesFiltering - Using platform encoding (UTF-8 actually) to copy filtered resources, i.e. build is platform dependent!
2025-11-27 09:11:21,955 [Worker-7: ビルド] INFO  o.a.m.s.f.DefaultMavenResourcesFiltering - Copying 1 resource from src\main\resources to target\classes
2025-11-27 09:11:21,958 [Worker-7: ビルド] WARN  o.a.m.s.f.DefaultMavenResourcesFiltering - Using platform encoding (UTF-8 actually) to copy filtered resources, i.e. build is platform dependent!
2025-11-27 09:11:21,958 [Worker-7: ビルド] INFO  o.a.m.s.f.DefaultMavenResourcesFiltering - skip non existing resourceDirectory C:\pleiades\2024-12\workspace\IH13A06_JV31_29_06\src\test\resources
2025-11-27 09:11:21,958 [Worker-7: ビルド] INFO  o.e.m.w.i.f.ResourceFilteringBuildParticipant - Changed resources require a complete clean of filtered resources of IH13A06_JV31_29_06
2025-11-27 09:11:21,958 [Worker-7: ビルド] INFO  o.e.m.w.i.f.ResourceFilteringBuildParticipant - Executing resource filtering for IH13A06_JV31_29_06
2025-11-27 09:11:57,019 [Worker-1: ビルド] WARN  o.a.m.s.f.DefaultMavenResourcesFiltering - Using platform encoding (UTF-8 actually) to copy filtered resources, i.e. build is platform dependent!
2025-11-27 09:11:57,020 [Worker-1: ビルド] INFO  o.a.m.s.f.DefaultMavenResourcesFiltering - Copying 1 resource from src\main\resources to target\classes
2025-11-27 09:11:57,022 [Worker-1: ビルド] WARN  o.a.m.s.f.DefaultMavenResourcesFiltering - Using platform encoding (UTF-8 actually) to copy filtered resources, i.e. build is platform dependent!
2025-11-27 09:11:57,022 [Worker-1: ビルド] INFO  o.a.m.s.f.DefaultMavenResourcesFiltering - skip non existing resourceDirectory C:\pleiades\2024-12\workspace\IH13A06_JV31_29_06\src\test\resources
2025-11-27 09:12:09,696 [Worker-1: ビルド] WARN  o.a.m.s.f.DefaultMavenResourcesFiltering - Using platform encoding (UTF-8 actually) to copy filtered resources, i.e. build is platform dependent!
2025-11-27 09:12:09,697 [Worker-1: ビルド] INFO  o.a.m.s.f.DefaultMavenResourcesFiltering - Copying 1 resource from src\main\resources to target\classes
2025-11-27 09:12:09,699 [Worker-1: ビルド] WARN  o.a.m.s.f.DefaultMavenResourcesFiltering - Using platform encoding (UTF-8 actually) to copy filtered resources, i.e. build is platform dependent!
2025-11-27 09:12:09,699 [Worker-1: ビルド] INFO  o.a.m.s.f.DefaultMavenResourcesFiltering - skip non existing resourceDirectory C:\pleiades\2024-12\workspace\IH13A06_JV31_29_06\src\test\resources
2025-11-27 09:12:48,824 [Worker-2: ビルド] WARN  o.a.m.s.f.DefaultMavenResourcesFiltering - Using platform encoding (UTF-8 actually) to copy filtered resources, i.e. build is platform dependent!
2025-11-27 09:12:48,825 [Worker-2: ビルド] INFO  o.a.m.s.f.DefaultMavenResourcesFiltering - Copying 1 resource from src\main\resources to target\classes
2025-11-27 09:12:48,826 [Worker-2: ビルド] WARN  o.a.m.s.f.DefaultMavenResourcesFiltering - Using platform encoding (UTF-8 actually) to copy filtered resources, i.e. build is platform dependent!
2025-11-27 09:12:48,826 [Worker-2: ビルド] INFO  o.a.m.s.f.DefaultMavenResourcesFiltering - skip non existing resourceDirectory C:\pleiades\2024-12\workspace\IH13A06_JV31_29_06\src\test\resources
2025-11-27 09:12:56,976 [Worker-7: 選択したプロジェクトのクリーニング] INFO  o.e.m.w.i.f.ResourceFilteringBuildParticipant - Cleaning filtered folder for IH13A06_JV31_29_06
2025-11-27 09:12:57,134 [Worker-0: ビルド] WARN  o.a.m.s.f.DefaultMavenResourcesFiltering - Using platform encoding (UTF-8 actually) to copy filtered resources, i.e. build is platform dependent!
2025-11-27 09:12:57,135 [Worker-0: ビルド] INFO  o.a.m.s.f.DefaultMavenResourcesFiltering - Copying 1 resource from src\main\resources to target\classes
2025-11-27 09:12:57,139 [Worker-0: ビルド] WARN  o.a.m.s.f.DefaultMavenResourcesFiltering - Using platform encoding (UTF-8 actually) to copy filtered resources, i.e. build is platform dependent!
2025-11-27 09:12:57,140 [Worker-0: ビルド] INFO  o.a.m.s.f.DefaultMavenResourcesFiltering - skip non existing resourceDirectory C:\pleiades\2024-12\workspace\IH13A06_JV31_29_06\src\test\resources
2025-11-27 09:12:57,140 [Worker-0: ビルド] INFO  o.e.m.w.i.f.ResourceFilteringBuildParticipant - Changed resources require a complete clean of filtered resources of IH13A06_JV31_29_06
2025-11-27 09:12:57,140 [Worker-0: ビルド] INFO  o.e.m.w.i.f.ResourceFilteringBuildParticipant - Executing resource filtering for IH13A06_JV31_29_06
2025-11-27 09:13:43,585 [Worker-2: ビルド] WARN  o.a.m.s.f.DefaultMavenResourcesFiltering - Using platform encoding (UTF-8 actually) to copy filtered resources, i.e. build is platform dependent!
2025-11-27 09:13:43,586 [Worker-2: ビルド] INFO  o.a.m.s.f.DefaultMavenResourcesFiltering - Copying 1 resource from src\main\resources to target\classes
2025-11-27 09:13:43,588 [Worker-2: ビルド] WARN  o.a.m.s.f.DefaultMavenResourcesFiltering - Using platform encoding (UTF-8 actually) to copy filtered resources, i.e. build is platform dependent!
2025-11-27 09:13:43,588 [Worker-2: ビルド] INFO  o.a.m.s.f.DefaultMavenResourcesFiltering - skip non existing resourceDirectory C:\pleiades\2024-12\workspace\IH13A06_JV31_29_06\src\test\resources
2025-11-27 09:14:13,005 [Worker-5: ビルド] WARN  o.a.m.s.f.DefaultMavenResourcesFiltering - Using platform encoding (UTF-8 actually) to copy filtered resources, i.e. build is platform dependent!
2025-11-27 09:14:13,006 [Worker-5: ビルド] INFO  o.a.m.s.f.DefaultMavenResourcesFiltering - Copying 1 resource from src\main\resources to target\classes
2025-11-27 09:14:13,008 [Worker-5: ビルド] WARN  o.a.m.s.f.DefaultMavenResourcesFiltering - Using platform encoding (UTF-8 actually) to copy filtered resources, i.e. build is platform dependent!
2025-11-27 09:14:13,008 [Worker-5: ビルド] INFO  o.a.m.s.f.DefaultMavenResourcesFiltering - skip non existing resourceDirectory C:\pleiades\2024-12\workspace\IH13A06_JV31_29_06\src\test\resources
2025-11-27 09:14:16,129 [Worker-12: 選択したプロジェクトのクリーニング] INFO  o.e.m.w.i.f.ResourceFilteringBuildParticipant - Cleaning filtered folder for IH13A06_JV31_29_06
2025-11-27 09:14:16,298 [Worker-12: ビルド] WARN  o.a.m.s.f.DefaultMavenResourcesFiltering - Using platform encoding (UTF-8 actually) to copy filtered resources, i.e. build is platform dependent!
2025-11-27 09:14:16,299 [Worker-12: ビルド] INFO  o.a.m.s.f.DefaultMavenResourcesFiltering - Copying 1 resource from src\main\resources to target\classes
2025-11-27 09:14:16,301 [Worker-12: ビルド] WARN  o.a.m.s.f.DefaultMavenResourcesFiltering - Using platform encoding (UTF-8 actually) to copy filtered resources, i.e. build is platform dependent!
2025-11-27 09:14:16,301 [Worker-12: ビルド] INFO  o.a.m.s.f.DefaultMavenResourcesFiltering - skip non existing resourceDirectory C:\pleiades\2024-12\workspace\IH13A06_JV31_29_06\src\test\resources
2025-11-27 09:14:16,302 [Worker-12: ビルド] INFO  o.e.m.w.i.f.ResourceFilteringBuildParticipant - Changed resources require a complete clean of filtered resources of IH13A06_JV31_29_06
2025-11-27 09:14:16,302 [Worker-12: ビルド] INFO  o.e.m.w.i.f.ResourceFilteringBuildParticipant - Executing resource filtering for IH13A06_JV31_29_06
2025-11-27 09:15:24,081 [Worker-12: 選択したプロジェクトのクリーニング] INFO  o.e.m.w.i.f.ResourceFilteringBuildParticipant - Cleaning filtered folder for IH13A06_JV31_29_06
2025-11-27 09:15:24,237 [Worker-0: ビルド] WARN  o.a.m.s.f.DefaultMavenResourcesFiltering - Using platform encoding (UTF-8 actually) to copy filtered resources, i.e. build is platform dependent!
2025-11-27 09:15:24,238 [Worker-0: ビルド] INFO  o.a.m.s.f.DefaultMavenResourcesFiltering - Copying 1 resource from src\main\resources to target\classes
2025-11-27 09:15:24,240 [Worker-0: ビルド] WARN  o.a.m.s.f.DefaultMavenResourcesFiltering - Using platform encoding (UTF-8 actually) to copy filtered resources, i.e. build is platform dependent!
2025-11-27 09:15:24,241 [Worker-0: ビルド] INFO  o.a.m.s.f.DefaultMavenResourcesFiltering - skip non existing resourceDirectory C:\pleiades\2024-12\workspace\IH13A06_JV31_29_06\src\test\resources
2025-11-27 09:15:24,241 [Worker-0: ビルド] INFO  o.e.m.w.i.f.ResourceFilteringBuildParticipant - Changed resources require a complete clean of filtered resources of IH13A06_JV31_29_06
2025-11-27 09:15:24,241 [Worker-0: ビルド] INFO  o.e.m.w.i.f.ResourceFilteringBuildParticipant - Executing resource filtering for IH13A06_JV31_29_06
2025-11-27 09:16:18,999 [Worker-8: 選択したプロジェクトのクリーニング] INFO  o.e.m.w.i.f.ResourceFilteringBuildParticipant - Cleaning filtered folder for IH13A06_JV31_29_06
2025-11-27 09:16:19,149 [Worker-7: ビルド] WARN  o.a.m.s.f.DefaultMavenResourcesFiltering - Using platform encoding (UTF-8 actually) to copy filtered resources, i.e. build is platform dependent!
2025-11-27 09:16:19,150 [Worker-7: ビルド] INFO  o.a.m.s.f.DefaultMavenResourcesFiltering - Copying 1 resource from src\main\resources to target\classes
2025-11-27 09:16:19,152 [Worker-7: ビルド] WARN  o.a.m.s.f.DefaultMavenResourcesFiltering - Using platform encoding (UTF-8 actually) to copy filtered resources, i.e. build is platform dependent!
2025-11-27 09:16:19,153 [Worker-7: ビルド] INFO  o.a.m.s.f.DefaultMavenResourcesFiltering - skip non existing resourceDirectory C:\pleiades\2024-12\workspace\IH13A06_JV31_29_06\src\test\resources
2025-11-27 09:16:19,153 [Worker-7: ビルド] INFO  o.e.m.w.i.f.ResourceFilteringBuildParticipant - Changed resources require a complete clean of filtered resources of IH13A06_JV31_29_06
2025-11-27 09:16:19,153 [Worker-7: ビルド] INFO  o.e.m.w.i.f.ResourceFilteringBuildParticipant - Executing resource filtering for IH13A06_JV31_29_06
2025-11-27 09:20:33,014 [Worker-7: ビルド] WARN  o.a.m.s.f.DefaultMavenResourcesFiltering - Using platform encoding (UTF-8 actually) to copy filtered resources, i.e. build is platform dependent!
2025-11-27 09:20:33,015 [Worker-7: ビルド] INFO  o.a.m.s.f.DefaultMavenResourcesFiltering - Copying 1 resource from src\main\resources to target\classes
2025-11-27 09:20:33,017 [Worker-7: ビルド] WARN  o.a.m.s.f.DefaultMavenResourcesFiltering - Using platform encoding (UTF-8 actually) to copy filtered resources, i.e. build is platform dependent!
2025-11-27 09:20:33,018 [Worker-7: ビルド] INFO  o.a.m.s.f.DefaultMavenResourcesFiltering - skip non existing resourceDirectory C:\pleiades\2024-12\workspace\IH13A06_JV31_29_06\src\test\resources
2025-11-27 09:20:35,753 [Worker-6: 選択したプロジェクトのクリーニング] INFO  o.e.m.w.i.f.ResourceFilteringBuildParticipant - Cleaning filtered folder for IH13A06_JV31_29_06
2025-11-27 09:20:35,901 [Worker-6: ビルド] WARN  o.a.m.s.f.DefaultMavenResourcesFiltering - Using platform encoding (UTF-8 actually) to copy filtered resources, i.e. build is platform dependent!
2025-11-27 09:20:35,901 [Worker-6: ビルド] INFO  o.a.m.s.f.DefaultMavenResourcesFiltering - Copying 1 resource from src\main\resources to target\classes
2025-11-27 09:20:35,904 [Worker-6: ビルド] WARN  o.a.m.s.f.DefaultMavenResourcesFiltering - Using platform encoding (UTF-8 actually) to copy filtered resources, i.e. build is platform dependent!
2025-11-27 09:20:35,904 [Worker-6: ビルド] INFO  o.a.m.s.f.DefaultMavenResourcesFiltering - skip non existing resourceDirectory C:\pleiades\2024-12\workspace\IH13A06_JV31_29_06\src\test\resources
2025-11-27 09:20:35,904 [Worker-6: ビルド] INFO  o.e.m.w.i.f.ResourceFilteringBuildParticipant - Changed resources require a complete clean of filtered resources of IH13A06_JV31_29_06
2025-11-27 09:20:35,904 [Worker-6: ビルド] INFO  o.e.m.w.i.f.ResourceFilteringBuildParticipant - Executing resource filtering for IH13A06_JV31_29_06
2025-11-27 09:22:10,830 [Worker-11: ビルド] WARN  o.a.m.s.f.DefaultMavenResourcesFiltering - Using platform encoding (UTF-8 actually) to copy filtered resources, i.e. build is platform dependent!
2025-11-27 09:22:10,832 [Worker-11: ビルド] INFO  o.a.m.s.f.DefaultMavenResourcesFiltering - Copying 0 resource from src\main\resources to target\classes
2025-11-27 09:22:10,833 [Worker-11: ビルド] WARN  o.a.m.s.f.DefaultMavenResourcesFiltering - Using platform encoding (UTF-8 actually) to copy filtered resources, i.e. build is platform dependent!
2025-11-27 09:22:10,834 [Worker-11: ビルド] INFO  o.a.m.s.f.DefaultMavenResourcesFiltering - skip non existing resourceDirectory C:\pleiades\2024-12\workspace\IH13A06_JV31_29_06\src\test\resources
2025-11-27 09:22:22,202 [Worker-3: ビルド] WARN  o.a.m.s.f.DefaultMavenResourcesFiltering - Using platform encoding (UTF-8 actually) to copy filtered resources, i.e. build is platform dependent!
2025-11-27 09:22:22,203 [Worker-3: ビルド] INFO  o.a.m.s.f.DefaultMavenResourcesFiltering - Copying 1 resource from src\main\resources to target\classes
2025-11-27 09:22:22,204 [Worker-3: ビルド] WARN  o.a.m.s.f.DefaultMavenResourcesFiltering - Using platform encoding (UTF-8 actually) to copy filtered resources, i.e. build is platform dependent!
2025-11-27 09:22:22,205 [Worker-3: ビルド] INFO  o.a.m.s.f.DefaultMavenResourcesFiltering - skip non existing resourceDirectory C:\pleiades\2024-12\workspace\IH13A06_JV31_29_06\src\test\resources
2025-11-27 09:23:21,688 [Worker-0: ビルド] WARN  o.a.m.s.f.DefaultMavenResourcesFiltering - Using platform encoding (UTF-8 actually) to copy filtered resources, i.e. build is platform dependent!
2025-11-27 09:23:21,690 [Worker-0: ビルド] INFO  o.a.m.s.f.DefaultMavenResourcesFiltering - Copying 1 resource from src\main\resources to target\classes
2025-11-27 09:23:21,691 [Worker-0: ビルド] WARN  o.a.m.s.f.DefaultMavenResourcesFiltering - Using platform encoding (UTF-8 actually) to copy filtered resources, i.e. build is platform dependent!
2025-11-27 09:23:21,691 [Worker-0: ビルド] INFO  o.a.m.s.f.DefaultMavenResourcesFiltering - skip non existing resourceDirectory C:\pleiades\2024-12\workspace\IH13A06_JV31_29_06\src\test\resources
2025-11-27 09:23:28,274 [Worker-7: ビルド] WARN  o.a.m.s.f.DefaultMavenResourcesFiltering - Using platform encoding (UTF-8 actually) to copy filtered resources, i.e. build is platform dependent!
2025-11-27 09:23:28,275 [Worker-7: ビルド] INFO  o.a.m.s.f.DefaultMavenResourcesFiltering - Copying 1 resource from src\main\resources to target\classes
2025-11-27 09:23:28,276 [Worker-7: ビルド] WARN  o.a.m.s.f.DefaultMavenResourcesFiltering - Using platform encoding (UTF-8 actually) to copy filtered resources, i.e. build is platform dependent!
2025-11-27 09:23:28,276 [Worker-7: ビルド] INFO  o.a.m.s.f.DefaultMavenResourcesFiltering - skip non existing resourceDirectory C:\pleiades\2024-12\workspace\IH13A06_JV31_29_06\src\test\resources
2025-11-27 09:23:55,437 [Worker-9: ビルド] WARN  o.a.m.s.f.DefaultMavenResourcesFiltering - Using platform encoding (UTF-8 actually) to copy filtered resources, i.e. build is platform dependent!
2025-11-27 09:23:55,438 [Worker-9: ビルド] INFO  o.a.m.s.f.DefaultMavenResourcesFiltering - Copying 1 resource from src\main\resources to target\classes
2025-11-27 09:23:55,439 [Worker-9: ビルド] WARN  o.a.m.s.f.DefaultMavenResourcesFiltering - Using platform encoding (UTF-8 actually) to copy filtered resources, i.e. build is platform dependent!
2025-11-27 09:23:55,440 [Worker-9: ビルド] INFO  o.a.m.s.f.DefaultMavenResourcesFiltering - skip non existing resourceDirectory C:\pleiades\2024-12\workspace\IH13A06_JV31_29_06\src\test\resources
2025-11-27 09:24:22,399 [Worker-3: ビルド] WARN  o.a.m.s.f.DefaultMavenResourcesFiltering - Using platform encoding (UTF-8 actually) to copy filtered resources, i.e. build is platform dependent!
2025-11-27 09:24:22,400 [Worker-3: ビルド] INFO  o.a.m.s.f.DefaultMavenResourcesFiltering - Copying 1 resource from src\main\resources to target\classes
2025-11-27 09:24:22,401 [Worker-3: ビルド] WARN  o.a.m.s.f.DefaultMavenResourcesFiltering - Using platform encoding (UTF-8 actually) to copy filtered resources, i.e. build is platform dependent!
2025-11-27 09:24:22,402 [Worker-3: ビルド] INFO  o.a.m.s.f.DefaultMavenResourcesFiltering - skip non existing resourceDirectory C:\pleiades\2024-12\workspace\IH13A06_JV31_29_06\src\test\resources
2025-11-27 09:24:34,897 [Worker-11: ビルド] WARN  o.a.m.s.f.DefaultMavenResourcesFiltering - Using platform encoding (UTF-8 actually) to copy filtered resources, i.e. build is platform dependent!
2025-11-27 09:24:34,898 [Worker-11: ビルド] INFO  o.a.m.s.f.DefaultMavenResourcesFiltering - Copying 1 resource from src\main\resources to target\classes
2025-11-27 09:24:34,898 [Worker-11: ビルド] WARN  o.a.m.s.f.DefaultMavenResourcesFiltering - Using platform encoding (UTF-8 actually) to copy filtered resources, i.e. build is platform dependent!
2025-11-27 09:24:34,900 [Worker-11: ビルド] INFO  o.a.m.s.f.DefaultMavenResourcesFiltering - skip non existing resourceDirectory C:\pleiades\2024-12\workspace\IH13A06_JV31_29_06\src\test\resources
2025-11-27 09:24:39,126 [Worker-9: 選択したプロジェクトのクリーニング] INFO  o.e.m.w.i.f.ResourceFilteringBuildParticipant - Cleaning filtered folder for IH13A06_JV31_29_06
2025-11-27 09:24:39,276 [Worker-7: ビルド] WARN  o.a.m.s.f.DefaultMavenResourcesFiltering - Using platform encoding (UTF-8 actually) to copy filtered resources, i.e. build is platform dependent!
2025-11-27 09:24:39,277 [Worker-7: ビルド] INFO  o.a.m.s.f.DefaultMavenResourcesFiltering - Copying 1 resource from src\main\resources to target\classes
2025-11-27 09:24:39,280 [Worker-7: ビルド] WARN  o.a.m.s.f.DefaultMavenResourcesFiltering - Using platform encoding (UTF-8 actually) to copy filtered resources, i.e. build is platform dependent!
2025-11-27 09:24:39,280 [Worker-7: ビルド] INFO  o.a.m.s.f.DefaultMavenResourcesFiltering - skip non existing resourceDirectory C:\pleiades\2024-12\workspace\IH13A06_JV31_29_06\src\test\resources
2025-11-27 09:24:39,280 [Worker-7: ビルド] INFO  o.e.m.w.i.f.ResourceFilteringBuildParticipant - Changed resources require a complete clean of filtered resources of IH13A06_JV31_29_06
2025-11-27 09:24:39,280 [Worker-7: ビルド] INFO  o.e.m.w.i.f.ResourceFilteringBuildParticipant - Executing resource filtering for IH13A06_JV31_29_06
2025-11-27 09:26:04,278 [Worker-1: ビルド] WARN  o.a.m.s.f.DefaultMavenResourcesFiltering - Using platform encoding (UTF-8 actually) to copy filtered resources, i.e. build is platform dependent!
2025-11-27 09:26:04,279 [Worker-1: ビルド] INFO  o.a.m.s.f.DefaultMavenResourcesFiltering - Copying 0 resource from src\main\resources to target\classes
2025-11-27 09:26:04,280 [Worker-1: ビルド] WARN  o.a.m.s.f.DefaultMavenResourcesFiltering - Using platform encoding (UTF-8 actually) to copy filtered resources, i.e. build is platform dependent!
2025-11-27 09:26:04,281 [Worker-1: ビルド] INFO  o.a.m.s.f.DefaultMavenResourcesFiltering - skip non existing resourceDirectory C:\pleiades\2024-12\workspace\IH13A06_JV31_29_06\src\test\resources
2025-11-27 09:26:23,026 [Worker-9: ビルド] WARN  o.a.m.s.f.DefaultMavenResourcesFiltering - Using platform encoding (UTF-8 actually) to copy filtered resources, i.e. build is platform dependent!
2025-11-27 09:26:23,027 [Worker-9: ビルド] INFO  o.a.m.s.f.DefaultMavenResourcesFiltering - Copying 1 resource from src\main\resources to target\classes
2025-11-27 09:26:23,028 [Worker-9: ビルド] WARN  o.a.m.s.f.DefaultMavenResourcesFiltering - Using platform encoding (UTF-8 actually) to copy filtered resources, i.e. build is platform dependent!
2025-11-27 09:26:23,028 [Worker-9: ビルド] INFO  o.a.m.s.f.DefaultMavenResourcesFiltering - skip non existing resourceDirectory C:\pleiades\2024-12\workspace\IH13A06_JV31_29_06\src\test\resources
2025-11-27 09:27:17,984 [Worker-4: ビルド] WARN  o.a.m.s.f.DefaultMavenResourcesFiltering - Using platform encoding (UTF-8 actually) to copy filtered resources, i.e. build is platform dependent!
2025-11-27 09:27:17,985 [Worker-4: ビルド] INFO  o.a.m.s.f.DefaultMavenResourcesFiltering - Copying 1 resource from src\main\resources to target\classes
2025-11-27 09:27:17,986 [Worker-4: ビルド] WARN  o.a.m.s.f.DefaultMavenResourcesFiltering - Using platform encoding (UTF-8 actually) to copy filtered resources, i.e. build is platform dependent!
2025-11-27 09:27:17,986 [Worker-4: ビルド] INFO  o.a.m.s.f.DefaultMavenResourcesFiltering - skip non existing resourceDirectory C:\pleiades\2024-12\workspace\IH13A06_JV31_29_06\src\test\resources
2025-11-27 09:27:24,489 [Worker-3: 選択したプロジェクトのクリーニング] INFO  o.e.m.w.i.f.ResourceFilteringBuildParticipant - Cleaning filtered folder for IH13A06_JV31_29_06
2025-11-27 09:27:24,638 [Worker-7: ビルド] WARN  o.a.m.s.f.DefaultMavenResourcesFiltering - Using platform encoding (UTF-8 actually) to copy filtered resources, i.e. build is platform dependent!
2025-11-27 09:27:24,638 [Worker-7: ビルド] INFO  o.a.m.s.f.DefaultMavenResourcesFiltering - Copying 1 resource from src\main\resources to target\classes
2025-11-27 09:27:24,641 [Worker-7: ビルド] WARN  o.a.m.s.f.DefaultMavenResourcesFiltering - Using platform encoding (UTF-8 actually) to copy filtered resources, i.e. build is platform dependent!
2025-11-27 09:27:24,641 [Worker-7: ビルド] INFO  o.a.m.s.f.DefaultMavenResourcesFiltering - skip non existing resourceDirectory C:\pleiades\2024-12\workspace\IH13A06_JV31_29_06\src\test\resources
2025-11-27 09:27:24,642 [Worker-7: ビルド] INFO  o.e.m.w.i.f.ResourceFilteringBuildParticipant - Changed resources require a complete clean of filtered resources of IH13A06_JV31_29_06
2025-11-27 09:27:24,642 [Worker-7: ビルド] INFO  o.e.m.w.i.f.ResourceFilteringBuildParticipant - Executing resource filtering for IH13A06_JV31_29_06
2025-11-27 09:27:28,970 [Worker-0: ビルド] WARN  o.a.m.s.f.DefaultMavenResourcesFiltering - Using platform encoding (UTF-8 actually) to copy filtered resources, i.e. build is platform dependent!
2025-11-27 09:27:28,971 [Worker-0: ビルド] INFO  o.a.m.s.f.DefaultMavenResourcesFiltering - Copying 1 resource from src\main\resources to target\classes
2025-11-27 09:27:28,972 [Worker-0: ビルド] WARN  o.a.m.s.f.DefaultMavenResourcesFiltering - Using platform encoding (UTF-8 actually) to copy filtered resources, i.e. build is platform dependent!
2025-11-27 09:27:28,972 [Worker-0: ビルド] INFO  o.a.m.s.f.DefaultMavenResourcesFiltering - skip non existing resourceDirectory C:\pleiades\2024-12\workspace\IH13A06_JV31_29_06\src\test\resources
2025-11-27 09:28:23,572 [Worker-2: ビルド] WARN  o.a.m.s.f.DefaultMavenResourcesFiltering - Using platform encoding (UTF-8 actually) to copy filtered resources, i.e. build is platform dependent!
2025-11-27 09:28:23,573 [Worker-2: ビルド] INFO  o.a.m.s.f.DefaultMavenResourcesFiltering - Copying 1 resource from src\main\resources to target\classes
2025-11-27 09:28:23,575 [Worker-2: ビルド] WARN  o.a.m.s.f.DefaultMavenResourcesFiltering - Using platform encoding (UTF-8 actually) to copy filtered resources, i.e. build is platform dependent!
2025-11-27 09:28:23,575 [Worker-2: ビルド] INFO  o.a.m.s.f.DefaultMavenResourcesFiltering - skip non existing resourceDirectory C:\pleiades\2024-12\workspace\IH13A06_JV31_29_06\src\test\resources
2025-11-27 09:28:34,353 [Worker-9: ビルド] WARN  o.a.m.s.f.DefaultMavenResourcesFiltering - Using platform encoding (UTF-8 actually) to copy filtered resources, i.e. build is platform dependent!
2025-11-27 09:28:34,354 [Worker-9: ビルド] INFO  o.a.m.s.f.DefaultMavenResourcesFiltering - Copying 1 resource from src\main\resources to target\classes
2025-11-27 09:28:34,355 [Worker-9: ビルド] WARN  o.a.m.s.f.DefaultMavenResourcesFiltering - Using platform encoding (UTF-8 actually) to copy filtered resources, i.e. build is platform dependent!
2025-11-27 09:28:34,356 [Worker-9: ビルド] INFO  o.a.m.s.f.DefaultMavenResourcesFiltering - skip non existing resourceDirectory C:\pleiades\2024-12\workspace\IH13A06_JV31_29_06\src\test\resources
2025-11-27 09:28:44,865 [Worker-9: ビルド] WARN  o.a.m.s.f.DefaultMavenResourcesFiltering - Using platform encoding (UTF-8 actually) to copy filtered resources, i.e. build is platform dependent!
2025-11-27 09:28:44,866 [Worker-9: ビルド] INFO  o.a.m.s.f.DefaultMavenResourcesFiltering - Copying 1 resource from src\main\resources to target\classes
2025-11-27 09:28:44,867 [Worker-9: ビルド] WARN  o.a.m.s.f.DefaultMavenResourcesFiltering - Using platform encoding (UTF-8 actually) to copy filtered resources, i.e. build is platform dependent!
2025-11-27 09:28:44,867 [Worker-9: ビルド] INFO  o.a.m.s.f.DefaultMavenResourcesFiltering - skip non existing resourceDirectory C:\pleiades\2024-12\workspace\IH13A06_JV31_29_06\src\test\resources
2025-11-27 09:29:39,654 [Worker-12: ビルド] WARN  o.a.m.s.f.DefaultMavenResourcesFiltering - Using platform encoding (UTF-8 actually) to copy filtered resources, i.e. build is platform dependent!
2025-11-27 09:29:39,655 [Worker-12: ビルド] INFO  o.a.m.s.f.DefaultMavenResourcesFiltering - Copying 1 resource from src\main\resources to target\classes
2025-11-27 09:29:39,656 [Worker-12: ビルド] WARN  o.a.m.s.f.DefaultMavenResourcesFiltering - Using platform encoding (UTF-8 actually) to copy filtered resources, i.e. build is platform dependent!
2025-11-27 09:29:39,656 [Worker-12: ビルド] INFO  o.a.m.s.f.DefaultMavenResourcesFiltering - skip non existing resourceDirectory C:\pleiades\2024-12\workspace\IH13A06_JV31_29_06\src\test\resources
2025-11-27 09:30:10,566 [Worker-8: ビルド] WARN  o.a.m.s.f.DefaultMavenResourcesFiltering - Using platform encoding (UTF-8 actually) to copy filtered resources, i.e. build is platform dependent!
2025-11-27 09:30:10,569 [Worker-8: ビルド] INFO  o.a.m.s.f.DefaultMavenResourcesFiltering - Copying 1 resource from src\main\resources to target\classes
2025-11-27 09:30:10,573 [Worker-8: ビルド] WARN  o.a.m.s.f.DefaultMavenResourcesFiltering - Using platform encoding (UTF-8 actually) to copy filtered resources, i.e. build is platform dependent!
2025-11-27 09:30:10,573 [Worker-8: ビルド] INFO  o.a.m.s.f.DefaultMavenResourcesFiltering - skip non existing resourceDirectory C:\pleiades\2024-12\workspace\IH13A06_JV31_29_06\src\test\resources
2025-11-27 09:30:12,752 [Worker-2: 選択したプロジェクトのクリーニング] INFO  o.e.m.w.i.f.ResourceFilteringBuildParticipant - Cleaning filtered folder for IH13A06_JV31_29_06
2025-11-27 09:30:12,898 [Worker-10: ビルド] WARN  o.a.m.s.f.DefaultMavenResourcesFiltering - Using platform encoding (UTF-8 actually) to copy filtered resources, i.e. build is platform dependent!
2025-11-27 09:30:12,899 [Worker-10: ビルド] INFO  o.a.m.s.f.DefaultMavenResourcesFiltering - Copying 1 resource from src\main\resources to target\classes
2025-11-27 09:30:12,901 [Worker-10: ビルド] WARN  o.a.m.s.f.DefaultMavenResourcesFiltering - Using platform encoding (UTF-8 actually) to copy filtered resources, i.e. build is platform dependent!
2025-11-27 09:30:12,902 [Worker-10: ビルド] INFO  o.a.m.s.f.DefaultMavenResourcesFiltering - skip non existing resourceDirectory C:\pleiades\2024-12\workspace\IH13A06_JV31_29_06\src\test\resources
2025-11-27 09:30:12,902 [Worker-10: ビルド] INFO  o.e.m.w.i.f.ResourceFilteringBuildParticipant - Changed resources require a complete clean of filtered resources of IH13A06_JV31_29_06
2025-11-27 09:30:12,902 [Worker-10: ビルド] INFO  o.e.m.w.i.f.ResourceFilteringBuildParticipant - Executing resource filtering for IH13A06_JV31_29_06
2025-11-27 09:33:58,842 [Worker-6: ビルド] INFO  o.e.m.c.i.l.LifecycleMappingFactory - Using org.maven.ide.eclipse.wtp.WarLifecycleMapping lifecycle mapping for MavenProject: com.example:IH13A06_JV31_29_06:1.0-SNAPSHOT @ C:\pleiades\2024-12\workspace\IH13A06_JV31_07\pom.xml.
2025-11-27 09:33:59,721 [Worker-6: ビルド] WARN  o.a.m.s.f.DefaultMavenResourcesFiltering - Using platform encoding (UTF-8 actually) to copy filtered resources, i.e. build is platform dependent!
2025-11-27 09:33:59,722 [Worker-6: ビルド] INFO  o.a.m.s.f.DefaultMavenResourcesFiltering - Copying 1 resource from src\main\resources to target\classes
2025-11-27 09:33:59,730 [Worker-6: ビルド] WARN  o.a.m.s.f.DefaultMavenResourcesFiltering - Using platform encoding (UTF-8 actually) to copy filtered resources, i.e. build is platform dependent!
2025-11-27 09:33:59,730 [Worker-6: ビルド] INFO  o.a.m.s.f.DefaultMavenResourcesFiltering - skip non existing resourceDirectory C:\pleiades\2024-12\workspace\IH13A06_JV31_07\src\test\resources
2025-11-27 09:36:42,156 [Worker-8: 選択したプロジェクトのクリーニング] INFO  o.e.m.w.i.f.ResourceFilteringBuildParticipant - Cleaning filtered folder for IH13A06_JV31_07
2025-11-27 09:36:42,435 [Worker-10: ビルド] WARN  o.a.m.s.f.DefaultMavenResourcesFiltering - Using platform encoding (UTF-8 actually) to copy filtered resources, i.e. build is platform dependent!
2025-11-27 09:36:42,436 [Worker-10: ビルド] INFO  o.a.m.s.f.DefaultMavenResourcesFiltering - Copying 1 resource from src\main\resources to target\classes
2025-11-27 09:36:42,439 [Worker-10: ビルド] WARN  o.a.m.s.f.DefaultMavenResourcesFiltering - Using platform encoding (UTF-8 actually) to copy filtered resources, i.e. build is platform dependent!
2025-11-27 09:36:42,439 [Worker-10: ビルド] INFO  o.a.m.s.f.DefaultMavenResourcesFiltering - skip non existing resourceDirectory C:\pleiades\2024-12\workspace\IH13A06_JV31_07\src\test\resources
2025-11-27 09:36:42,440 [Worker-10: ビルド] INFO  o.e.m.w.i.f.ResourceFilteringBuildParticipant - Changed resources require a complete clean of filtered resources of IH13A06_JV31_07
2025-11-27 09:36:42,440 [Worker-10: ビルド] INFO  o.e.m.w.i.f.ResourceFilteringBuildParticipant - Executing resource filtering for IH13A06_JV31_07
2025-12-04 09:35:37,294 [Worker-10: Loading available Gradle versions] INFO  o.e.b.c.i.u.g.PublishedGradleVersions - Gradle version information cache is out-of-date. Trying to update.
2025-12-04 09:48:11,547 [Worker-17: ビルド] WARN  o.a.m.s.f.DefaultMavenResourcesFiltering - Using platform encoding (UTF-8 actually) to copy filtered resources, i.e. build is platform dependent!
2025-12-04 09:48:11,549 [Worker-17: ビルド] INFO  o.a.m.s.f.DefaultMavenResourcesFiltering - Copying 1 resource from src\main\resources to target\classes
2025-12-04 09:48:11,556 [Worker-17: ビルド] WARN  o.a.m.s.f.DefaultMavenResourcesFiltering - Using platform encoding (UTF-8 actually) to copy filtered resources, i.e. build is platform dependent!
2025-12-04 09:48:11,556 [Worker-17: ビルド] INFO  o.a.m.s.f.DefaultMavenResourcesFiltering - skip non existing resourceDirectory C:\pleiades\2024-12\workspace\IH13A06_JV31_07\src\test\resources
2025-12-04 09:48:31,988 [Worker-16: ビルド] WARN  o.a.m.s.f.DefaultMavenResourcesFiltering - Using platform encoding (UTF-8 actually) to copy filtered resources, i.e. build is platform dependent!
2025-12-04 09:48:31,990 [Worker-16: ビルド] INFO  o.a.m.s.f.DefaultMavenResourcesFiltering - Copying 0 resource from src\main\resources to target\classes
2025-12-04 09:48:31,991 [Worker-16: ビルド] WARN  o.a.m.s.f.DefaultMavenResourcesFiltering - Using platform encoding (UTF-8 actually) to copy filtered resources, i.e. build is platform dependent!
2025-12-04 09:48:31,992 [Worker-16: ビルド] INFO  o.a.m.s.f.DefaultMavenResourcesFiltering - skip non existing resourceDirectory C:\pleiades\2024-12\workspace\IH13A06_JV31_07\src\test\resources
2025-12-04 09:48:36,960 [Worker-18: 選択したプロジェクトのクリーニング] INFO  o.e.m.w.i.f.ResourceFilteringBuildParticipant - Cleaning filtered folder for IH13A06_JV31_07
2025-12-04 09:48:37,252 [Worker-17: ビルド] WARN  o.a.m.s.f.DefaultMavenResourcesFiltering - Using platform encoding (UTF-8 actually) to copy filtered resources, i.e. build is platform dependent!
2025-12-04 09:48:37,253 [Worker-17: ビルド] INFO  o.a.m.s.f.DefaultMavenResourcesFiltering - Copying 1 resource from src\main\resources to target\classes
2025-12-04 09:48:37,256 [Worker-17: ビルド] WARN  o.a.m.s.f.DefaultMavenResourcesFiltering - Using platform encoding (UTF-8 actually) to copy filtered resources, i.e. build is platform dependent!
2025-12-04 09:48:37,257 [Worker-17: ビルド] INFO  o.a.m.s.f.DefaultMavenResourcesFiltering - skip non existing resourceDirectory C:\pleiades\2024-12\workspace\IH13A06_JV31_07\src\test\resources
2025-12-04 09:48:37,257 [Worker-17: ビルド] INFO  o.e.m.w.i.f.ResourceFilteringBuildParticipant - Changed resources require a complete clean of filtered resources of IH13A06_JV31_07
2025-12-04 09:48:37,257 [Worker-17: ビルド] INFO  o.e.m.w.i.f.ResourceFilteringBuildParticipant - Executing resource filtering for IH13A06_JV31_07
2025-12-04 09:50:43,537 [Worker-19: ビルド] WARN  o.a.m.s.f.DefaultMavenResourcesFiltering - Using platform encoding (UTF-8 actually) to copy filtered resources, i.e. build is platform dependent!
2025-12-04 09:50:43,538 [Worker-19: ビルド] INFO  o.a.m.s.f.DefaultMavenResourcesFiltering - Copying 0 resource from src\main\resources to target\classes
2025-12-04 09:50:43,539 [Worker-19: ビルド] WARN  o.a.m.s.f.DefaultMavenResourcesFiltering - Using platform encoding (UTF-8 actually) to copy filtered resources, i.e. build is platform dependent!
2025-12-04 09:50:43,540 [Worker-19: ビルド] INFO  o.a.m.s.f.DefaultMavenResourcesFiltering - skip non existing resourceDirectory C:\pleiades\2024-12\workspace\IH13A06_JV31_07\src\test\resources
2025-12-04 09:51:00,224 [Worker-0: ビルド] WARN  o.a.m.s.f.DefaultMavenResourcesFiltering - Using platform encoding (UTF-8 actually) to copy filtered resources, i.e. build is platform dependent!
2025-12-04 09:51:00,225 [Worker-0: ビルド] INFO  o.a.m.s.f.DefaultMavenResourcesFiltering - Copying 1 resource from src\main\resources to target\classes
2025-12-04 09:51:00,228 [Worker-0: ビルド] WARN  o.a.m.s.f.DefaultMavenResourcesFiltering - Using platform encoding (UTF-8 actually) to copy filtered resources, i.e. build is platform dependent!
2025-12-04 09:51:00,228 [Worker-0: ビルド] INFO  o.a.m.s.f.DefaultMavenResourcesFiltering - skip non existing resourceDirectory C:\pleiades\2024-12\workspace\IH13A06_JV31_07\src\test\resources
2025-12-04 09:51:10,245 [Worker-19: すべてのプロジェクトをクリーン] INFO  o.e.m.w.i.f.ResourceFilteringBuildParticipant - Cleaning filtered folder for IH13A06_JV31_07
2025-12-04 09:51:10,254 [Worker-19: すべてのプロジェクトをクリーン] INFO  o.e.m.w.i.f.ResourceFilteringBuildParticipant - Cleaning filtered folder for IH13A06_JV31_29_05
2025-12-04 09:51:10,618 [Worker-15: ビルド] WARN  o.a.m.s.f.DefaultMavenResourcesFiltering - Using platform encoding (UTF-8 actually) to copy filtered resources, i.e. build is platform dependent!
2025-12-04 09:51:10,619 [Worker-15: ビルド] INFO  o.a.m.s.f.DefaultMavenResourcesFiltering - Copying 1 resource from src\main\resources to target\classes
2025-12-04 09:51:10,622 [Worker-15: ビルド] WARN  o.a.m.s.f.DefaultMavenResourcesFiltering - Using platform encoding (UTF-8 actually) to copy filtered resources, i.e. build is platform dependent!
2025-12-04 09:51:10,622 [Worker-15: ビルド] INFO  o.a.m.s.f.DefaultMavenResourcesFiltering - skip non existing resourceDirectory C:\pleiades\2024-12\workspace\IH13A06_JV31_07\src\test\resources
2025-12-04 09:51:10,623 [Worker-15: ビルド] INFO  o.e.m.w.i.f.ResourceFilteringBuildParticipant - Changed resources require a complete clean of filtered resources of IH13A06_JV31_07
2025-12-04 09:51:10,623 [Worker-15: ビルド] INFO  o.e.m.w.i.f.ResourceFilteringBuildParticipant - Executing resource filtering for IH13A06_JV31_07
2025-12-04 09:51:10,669 [Worker-15: ビルド] WARN  o.a.m.s.f.DefaultMavenResourcesFiltering - Using platform encoding (UTF-8 actually) to copy filtered resources, i.e. build is platform dependent!
2025-12-04 09:51:10,670 [Worker-15: ビルド] INFO  o.a.m.s.f.DefaultMavenResourcesFiltering - Copying 1 resource from src\main\resources to target\classes
2025-12-04 09:51:10,673 [Worker-15: ビルド] WARN  o.a.m.s.f.DefaultMavenResourcesFiltering - Using platform encoding (UTF-8 actually) to copy filtered resources, i.e. build is platform dependent!
2025-12-04 09:51:10,673 [Worker-15: ビルド] INFO  o.a.m.s.f.DefaultMavenResourcesFiltering - skip non existing resourceDirectory C:\pleiades\2024-12\workspace\IH13A06_JV31_29_05\src\test\resources
2025-12-04 09:51:10,674 [Worker-15: ビルド] INFO  o.e.m.w.i.f.ResourceFilteringBuildParticipant - Changed resources require a complete clean of filtered resources of IH13A06_JV31_29_05
2025-12-04 09:51:10,674 [Worker-15: ビルド] INFO  o.e.m.w.i.f.ResourceFilteringBuildParticipant - Executing resource filtering for IH13A06_JV31_29_05
2025-12-04 09:53:17,191 [Worker-0: ビルド] WARN  o.a.m.s.f.DefaultMavenResourcesFiltering - Using platform encoding (UTF-8 actually) to copy filtered resources, i.e. build is platform dependent!
2025-12-04 09:53:17,192 [Worker-0: ビルド] INFO  o.a.m.s.f.DefaultMavenResourcesFiltering - Copying 1 resource from src\main\resources to target\classes
2025-12-04 09:53:17,195 [Worker-0: ビルド] WARN  o.a.m.s.f.DefaultMavenResourcesFiltering - Using platform encoding (UTF-8 actually) to copy filtered resources, i.e. build is platform dependent!
2025-12-04 09:53:17,195 [Worker-0: ビルド] INFO  o.a.m.s.f.DefaultMavenResourcesFiltering - skip non existing resourceDirectory C:\pleiades\2024-12\workspace\IH13A06_JV31_07\src\test\resources
2025-12-04 09:53:21,834 [Worker-15: すべてのプロジェクトをクリーン] INFO  o.e.m.w.i.f.ResourceFilteringBuildParticipant - Cleaning filtered folder for IH13A06_JV31_07
2025-12-04 09:53:21,843 [Worker-15: すべてのプロジェクトをクリーン] INFO  o.e.m.w.i.f.ResourceFilteringBuildParticipant - Cleaning filtered folder for IH13A06_JV31_29_05
2025-12-04 09:53:22,120 [Worker-24: ビルド] WARN  o.a.m.s.f.DefaultMavenResourcesFiltering - Using platform encoding (UTF-8 actually) to copy filtered resources, i.e. build is platform dependent!
2025-12-04 09:53:22,121 [Worker-24: ビルド] INFO  o.a.m.s.f.DefaultMavenResourcesFiltering - Copying 1 resource from src\main\resources to target\classes
2025-12-04 09:53:22,123 [Worker-24: ビルド] WARN  o.a.m.s.f.DefaultMavenResourcesFiltering - Using platform encoding (UTF-8 actually) to copy filtered resources, i.e. build is platform dependent!
2025-12-04 09:53:22,124 [Worker-24: ビルド] INFO  o.a.m.s.f.DefaultMavenResourcesFiltering - skip non existing resourceDirectory C:\pleiades\2024-12\workspace\IH13A06_JV31_07\src\test\resources
2025-12-04 09:53:22,124 [Worker-24: ビルド] INFO  o.e.m.w.i.f.ResourceFilteringBuildParticipant - Changed resources require a complete clean of filtered resources of IH13A06_JV31_07
2025-12-04 09:53:22,124 [Worker-24: ビルド] INFO  o.e.m.w.i.f.ResourceFilteringBuildParticipant - Executing resource filtering for IH13A06_JV31_07
2025-12-04 09:53:22,162 [Worker-24: ビルド] WARN  o.a.m.s.f.DefaultMavenResourcesFiltering - Using platform encoding (UTF-8 actually) to copy filtered resources, i.e. build is platform dependent!
2025-12-04 09:53:22,163 [Worker-24: ビルド] INFO  o.a.m.s.f.DefaultMavenResourcesFiltering - Copying 1 resource from src\main\resources to target\classes
2025-12-04 09:53:22,165 [Worker-24: ビルド] WARN  o.a.m.s.f.DefaultMavenResourcesFiltering - Using platform encoding (UTF-8 actually) to copy filtered resources, i.e. build is platform dependent!
2025-12-04 09:53:22,165 [Worker-24: ビルド] INFO  o.a.m.s.f.DefaultMavenResourcesFiltering - skip non existing resourceDirectory C:\pleiades\2024-12\workspace\IH13A06_JV31_29_05\src\test\resources
2025-12-04 09:53:22,165 [Worker-24: ビルド] INFO  o.e.m.w.i.f.ResourceFilteringBuildParticipant - Changed resources require a complete clean of filtered resources of IH13A06_JV31_29_05
2025-12-04 09:53:22,165 [Worker-24: ビルド] INFO  o.e.m.w.i.f.ResourceFilteringBuildParticipant - Executing resource filtering for IH13A06_JV31_29_05
2025-12-04 09:54:16,885 [Worker-20: ビルド] WARN  o.a.m.s.f.DefaultMavenResourcesFiltering - Using platform encoding (UTF-8 actually) to copy filtered resources, i.e. build is platform dependent!
2025-12-04 09:54:16,886 [Worker-20: ビルド] INFO  o.a.m.s.f.DefaultMavenResourcesFiltering - Copying 1 resource from src\main\resources to target\classes
2025-12-04 09:54:16,888 [Worker-20: ビルド] WARN  o.a.m.s.f.DefaultMavenResourcesFiltering - Using platform encoding (UTF-8 actually) to copy filtered resources, i.e. build is platform dependent!
2025-12-04 09:54:16,888 [Worker-20: ビルド] INFO  o.a.m.s.f.DefaultMavenResourcesFiltering - skip non existing resourceDirectory C:\pleiades\2024-12\workspace\IH13A06_JV31_07\src\test\resources
2025-12-04 09:54:19,728 [Worker-0: すべてのプロジェクトをクリーン] INFO  o.e.m.w.i.f.ResourceFilteringBuildParticipant - Cleaning filtered folder for IH13A06_JV31_07
2025-12-04 09:54:19,736 [Worker-0: すべてのプロジェクトをクリーン] INFO  o.e.m.w.i.f.ResourceFilteringBuildParticipant - Cleaning filtered folder for IH13A06_JV31_29_05
2025-12-04 09:54:20,105 [Worker-23: ビルド] WARN  o.a.m.s.f.DefaultMavenResourcesFiltering - Using platform encoding (UTF-8 actually) to copy filtered resources, i.e. build is platform dependent!
2025-12-04 09:54:20,106 [Worker-23: ビルド] INFO  o.a.m.s.f.DefaultMavenResourcesFiltering - Copying 1 resource from src\main\resources to target\classes
2025-12-04 09:54:20,109 [Worker-23: ビルド] WARN  o.a.m.s.f.DefaultMavenResourcesFiltering - Using platform encoding (UTF-8 actually) to copy filtered resources, i.e. build is platform dependent!
2025-12-04 09:54:20,109 [Worker-23: ビルド] INFO  o.a.m.s.f.DefaultMavenResourcesFiltering - skip non existing resourceDirectory C:\pleiades\2024-12\workspace\IH13A06_JV31_07\src\test\resources
2025-12-04 09:54:20,109 [Worker-23: ビルド] INFO  o.e.m.w.i.f.ResourceFilteringBuildParticipant - Changed resources require a complete clean of filtered resources of IH13A06_JV31_07
2025-12-04 09:54:20,109 [Worker-23: ビルド] INFO  o.e.m.w.i.f.ResourceFilteringBuildParticipant - Executing resource filtering for IH13A06_JV31_07
2025-12-04 09:54:20,152 [Worker-23: ビルド] WARN  o.a.m.s.f.DefaultMavenResourcesFiltering - Using platform encoding (UTF-8 actually) to copy filtered resources, i.e. build is platform dependent!
2025-12-04 09:54:20,152 [Worker-23: ビルド] INFO  o.a.m.s.f.DefaultMavenResourcesFiltering - Copying 1 resource from src\main\resources to target\classes
2025-12-04 09:54:20,154 [Worker-23: ビルド] WARN  o.a.m.s.f.DefaultMavenResourcesFiltering - Using platform encoding (UTF-8 actually) to copy filtered resources, i.e. build is platform dependent!
2025-12-04 09:54:20,155 [Worker-23: ビルド] INFO  o.a.m.s.f.DefaultMavenResourcesFiltering - skip non existing resourceDirectory C:\pleiades\2024-12\workspace\IH13A06_JV31_29_05\src\test\resources
2025-12-04 09:54:20,155 [Worker-23: ビルド] INFO  o.e.m.w.i.f.ResourceFilteringBuildParticipant - Changed resources require a complete clean of filtered resources of IH13A06_JV31_29_05
2025-12-04 09:54:20,155 [Worker-23: ビルド] INFO  o.e.m.w.i.f.ResourceFilteringBuildParticipant - Executing resource filtering for IH13A06_JV31_29_05
2025-12-04 09:57:43,873 [Worker-0: ビルド] INFO  o.e.m.c.i.l.LifecycleMappingFactory - Using org.maven.ide.eclipse.wtp.WarLifecycleMapping lifecycle mapping for MavenProject: com.example:IH13A06_JV31_29_06:1.0-SNAPSHOT @ C:\pleiades\2024-12\workspace\IH13A06_JV31_07\pom.xml.
2025-12-04 09:57:44,350 [Worker-0: ビルド] INFO  o.e.m.c.i.e.AbstractTransferListenerAdapter - Downloaded https://repo.maven.apache.org/maven2/org/eclipse/ee4j/jstl/jakarta.servlet.jsp.jstl/3.0.0/jakarta.servlet.jsp.jstl-3.0.0.pom
2025-12-04 09:57:44,352 [Worker-0: ビルド] WARN  o.e.m.c.i.embedder.EclipseLogger - The POM for org.eclipse.ee4j.jstl:jakarta.servlet.jsp.jstl:jar:3.0.0 is missing, no dependency information available
2025-12-04 09:57:44,532 [Worker-0: ビルド] INFO  o.e.m.c.i.e.AbstractTransferListenerAdapter - Downloaded https://repo.maven.apache.org/maven2/org/eclipse/ee4j/jstl/jakarta.servlet.jsp.jstl/3.0.0/jakarta.servlet.jsp.jstl-3.0.0.jar
2025-12-04 09:57:44,628 [Worker-0: ビルド] WARN  o.a.m.s.f.DefaultMavenResourcesFiltering - Using platform encoding (UTF-8 actually) to copy filtered resources, i.e. build is platform dependent!
2025-12-04 09:57:44,629 [Worker-0: ビルド] INFO  o.a.m.s.f.DefaultMavenResourcesFiltering - Copying 0 resource from src\main\resources to target\classes
2025-12-04 09:57:44,630 [Worker-0: ビルド] WARN  o.a.m.s.f.DefaultMavenResourcesFiltering - Using platform encoding (UTF-8 actually) to copy filtered resources, i.e. build is platform dependent!
2025-12-04 09:57:44,631 [Worker-0: ビルド] INFO  o.a.m.s.f.DefaultMavenResourcesFiltering - skip non existing resourceDirectory C:\pleiades\2024-12\workspace\IH13A06_JV31_07\src\test\resources
2025-12-04 09:57:44,631 [Worker-0: ビルド] INFO  o.e.m.w.i.f.ResourceFilteringBuildParticipant - Changed resources require a complete clean of filtered resources of IH13A06_JV31_07
2025-12-04 09:57:44,631 [Worker-0: ビルド] INFO  o.e.m.w.i.f.ResourceFilteringBuildParticipant - Executing resource filtering for IH13A06_JV31_07
2025-12-04 09:57:46,119 [Worker-19: ソースおよび Javadoc のダウンロード] INFO  o.e.m.c.i.e.AbstractTransferListenerAdapter - Downloaded https://repo.maven.apache.org/maven2/org/eclipse/ee4j/jstl/jakarta.servlet.jsp.jstl/3.0.0/jakarta.servlet.jsp.jstl-3.0.0-sources.jar
2025-12-04 09:57:46,121 [Worker-19: ソースおよび Javadoc のダウンロード] ERROR o.e.m.j.internal.DownloadSourcesJob - Could not download sources for org.eclipse.ee4j.jstl:jakarta.servlet.jsp.jstl:3.0.0
org.eclipse.core.runtime.CoreException: Could not resolve artifact org.eclipse.ee4j.jstl:jakarta.servlet.jsp.jstl:jar:sources:3.0.0
	at org.eclipse.m2e.core.internal.embedder.MavenImpl.lambda$7(MavenImpl.java:540)
	at org.eclipse.m2e.core.internal.embedder.MavenExecutionContext.executeBare(MavenExecutionContext.java:458)
	at org.eclipse.m2e.core.internal.embedder.MavenExecutionContext.execute(MavenExecutionContext.java:292)
	at org.eclipse.m2e.core.internal.embedder.MavenExecutionContext.execute(MavenExecutionContext.java:278)
	at org.eclipse.m2e.core.internal.embedder.MavenImpl.resolve(MavenImpl.java:509)
	at org.eclipse.m2e.core.internal.embedder.MavenImpl.resolve(MavenImpl.java:494)
	at org.eclipse.m2e.jdt.internal.DownloadSourcesJob.download(DownloadSourcesJob.java:308)
	at org.eclipse.m2e.jdt.internal.DownloadSourcesJob.downloadAttachments(DownloadSourcesJob.java:282)
	at org.eclipse.m2e.jdt.internal.DownloadSourcesJob.downloadMaven(DownloadSourcesJob.java:252)
	at org.eclipse.m2e.jdt.internal.DownloadSourcesJob.downloadFilesAndPopulateToUpdate(DownloadSourcesJob.java:220)
	at org.eclipse.m2e.jdt.internal.DownloadSourcesJob.lambda$0(DownloadSourcesJob.java:149)
	at org.eclipse.m2e.core.internal.embedder.MavenExecutionContext.executeBare(MavenExecutionContext.java:458)
	at org.eclipse.m2e.core.internal.embedder.MavenExecutionContext.execute(MavenExecutionContext.java:339)
	at org.eclipse.m2e.core.internal.embedder.MavenExecutionContext.execute(MavenExecutionContext.java:278)
	at org.eclipse.m2e.core.embedder.IMaven.execute(IMaven.java:300)
	at org.eclipse.m2e.jdt.internal.DownloadSourcesJob.run(DownloadSourcesJob.java:149)
	at org.eclipse.core.internal.jobs.Worker.run(Worker.java:63)
2025-12-04 09:59:25,037 [Worker-21: ビルド] INFO  o.e.m.c.i.l.LifecycleMappingFactory - Using org.maven.ide.eclipse.wtp.WarLifecycleMapping lifecycle mapping for MavenProject: com.example:IH13A06_JV31_29_06:1.0-SNAPSHOT @ C:\pleiades\2024-12\workspace\IH13A06_JV31_07\pom.xml.
2025-12-04 09:59:25,074 [Worker-21: ビルド] WARN  o.e.m.c.i.embedder.EclipseLogger - The POM for org.eclipse.ee4j.jstl:jakarta.servlet.jsp.jstl:jar:3.0.0 is missing, no dependency information available
2025-12-04 09:59:25,128 [Worker-21: ビルド] WARN  o.a.m.s.f.DefaultMavenResourcesFiltering - Using platform encoding (UTF-8 actually) to copy filtered resources, i.e. build is platform dependent!
2025-12-04 09:59:25,129 [Worker-21: ビルド] INFO  o.a.m.s.f.DefaultMavenResourcesFiltering - Copying 0 resource from src\main\resources to target\classes
2025-12-04 09:59:25,130 [Worker-21: ビルド] WARN  o.a.m.s.f.DefaultMavenResourcesFiltering - Using platform encoding (UTF-8 actually) to copy filtered resources, i.e. build is platform dependent!
2025-12-04 09:59:25,130 [Worker-21: ビルド] INFO  o.a.m.s.f.DefaultMavenResourcesFiltering - skip non existing resourceDirectory C:\pleiades\2024-12\workspace\IH13A06_JV31_07\src\test\resources
2025-12-04 09:59:25,131 [Worker-21: ビルド] INFO  o.e.m.w.i.f.ResourceFilteringBuildParticipant - Changed resources require a complete clean of filtered resources of IH13A06_JV31_07
2025-12-04 09:59:25,131 [Worker-21: ビルド] INFO  o.e.m.w.i.f.ResourceFilteringBuildParticipant - Executing resource filtering for IH13A06_JV31_07
2025-12-04 09:59:26,744 [Worker-22: ソースおよび Javadoc のダウンロード] INFO  o.e.m.c.i.e.AbstractTransferListenerAdapter - Downloaded https://repo.maven.apache.org/maven2/org/eclipse/ee4j/jstl/jakarta.servlet.jsp.jstl/3.0.0/jakarta.servlet.jsp.jstl-3.0.0-javadoc.jar
2025-12-04 09:59:26,746 [Worker-22: ソースおよび Javadoc のダウンロード] ERROR o.e.m.j.internal.DownloadSourcesJob - Could not download javadoc for org.eclipse.ee4j.jstl:jakarta.servlet.jsp.jstl:3.0.0
org.eclipse.core.runtime.CoreException: Could not resolve artifact org.eclipse.ee4j.jstl:jakarta.servlet.jsp.jstl:jar:javadoc:3.0.0
	at org.eclipse.m2e.core.internal.embedder.MavenImpl.lambda$7(MavenImpl.java:540)
	at org.eclipse.m2e.core.internal.embedder.MavenExecutionContext.executeBare(MavenExecutionContext.java:458)
	at org.eclipse.m2e.core.internal.embedder.MavenExecutionContext.execute(MavenExecutionContext.java:292)
	at org.eclipse.m2e.core.internal.embedder.MavenExecutionContext.execute(MavenExecutionContext.java:278)
	at org.eclipse.m2e.core.internal.embedder.MavenImpl.resolve(MavenImpl.java:509)
	at org.eclipse.m2e.core.internal.embedder.MavenImpl.resolve(MavenImpl.java:494)
	at org.eclipse.m2e.jdt.internal.DownloadSourcesJob.download(DownloadSourcesJob.java:308)
	at org.eclipse.m2e.jdt.internal.DownloadSourcesJob.downloadAttachments(DownloadSourcesJob.java:294)
	at org.eclipse.m2e.jdt.internal.DownloadSourcesJob.downloadMaven(DownloadSourcesJob.java:252)
	at org.eclipse.m2e.jdt.internal.DownloadSourcesJob.downloadFilesAndPopulateToUpdate(DownloadSourcesJob.java:220)
	at org.eclipse.m2e.jdt.internal.DownloadSourcesJob.lambda$0(DownloadSourcesJob.java:149)
	at org.eclipse.m2e.core.internal.embedder.MavenExecutionContext.executeBare(MavenExecutionContext.java:458)
	at org.eclipse.m2e.core.internal.embedder.MavenExecutionContext.execute(MavenExecutionContext.java:339)
	at org.eclipse.m2e.core.internal.embedder.MavenExecutionContext.execute(MavenExecutionContext.java:278)
	at org.eclipse.m2e.core.embedder.IMaven.execute(IMaven.java:300)
	at org.eclipse.m2e.jdt.internal.DownloadSourcesJob.run(DownloadSourcesJob.java:149)
	at org.eclipse.core.internal.jobs.Worker.run(Worker.java:63)
2025-12-04 10:00:42,834 [Worker-0: ビルド] WARN  o.a.m.s.f.DefaultMavenResourcesFiltering - Using platform encoding (UTF-8 actually) to copy filtered resources, i.e. build is platform dependent!
2025-12-04 10:00:42,835 [Worker-0: ビルド] INFO  o.a.m.s.f.DefaultMavenResourcesFiltering - Copying 0 resource from src\main\resources to target\classes
2025-12-04 10:00:42,836 [Worker-0: ビルド] WARN  o.a.m.s.f.DefaultMavenResourcesFiltering - Using platform encoding (UTF-8 actually) to copy filtered resources, i.e. build is platform dependent!
2025-12-04 10:00:42,836 [Worker-0: ビルド] INFO  o.a.m.s.f.DefaultMavenResourcesFiltering - skip non existing resourceDirectory C:\pleiades\2024-12\workspace\IH13A06_JV31_07\src\test\resources
2025-12-04 10:01:23,676 [Worker-18: ビルド] INFO  o.e.m.c.i.l.LifecycleMappingFactory - Using org.maven.ide.eclipse.wtp.WarLifecycleMapping lifecycle mapping for MavenProject: com.example:IH13A06_JV31_29_06:1.0-SNAPSHOT @ C:\pleiades\2024-12\workspace\IH13A06_JV31_07\pom.xml.
2025-12-04 10:01:23,712 [Worker-18: ビルド] WARN  o.e.m.c.i.embedder.EclipseLogger - The POM for org.eclipse.ee4j.jstl:jakarta.servlet.jsp.jstl:jar:3.0.0 is missing, no dependency information available
2025-12-04 10:01:23,766 [Worker-18: ビルド] WARN  o.a.m.s.f.DefaultMavenResourcesFiltering - Using platform encoding (UTF-8 actually) to copy filtered resources, i.e. build is platform dependent!
2025-12-04 10:01:23,767 [Worker-18: ビルド] INFO  o.a.m.s.f.DefaultMavenResourcesFiltering - Copying 0 resource from src\main\resources to target\classes
2025-12-04 10:01:23,768 [Worker-18: ビルド] WARN  o.a.m.s.f.DefaultMavenResourcesFiltering - Using platform encoding (UTF-8 actually) to copy filtered resources, i.e. build is platform dependent!
2025-12-04 10:01:23,768 [Worker-18: ビルド] INFO  o.a.m.s.f.DefaultMavenResourcesFiltering - skip non existing resourceDirectory C:\pleiades\2024-12\workspace\IH13A06_JV31_07\src\test\resources
2025-12-04 10:01:23,769 [Worker-18: ビルド] INFO  o.e.m.w.i.f.ResourceFilteringBuildParticipant - Changed resources require a complete clean of filtered resources of IH13A06_JV31_07
2025-12-04 10:01:23,769 [Worker-18: ビルド] INFO  o.e.m.w.i.f.ResourceFilteringBuildParticipant - Executing resource filtering for IH13A06_JV31_07
2025-12-04 10:02:10,205 [Worker-0: ビルド] INFO  o.e.m.c.i.l.LifecycleMappingFactory - Using org.maven.ide.eclipse.wtp.WarLifecycleMapping lifecycle mapping for MavenProject: com.example:IH13A06_JV31_29_06:1.0-SNAPSHOT @ C:\pleiades\2024-12\workspace\IH13A06_JV31_07\pom.xml.
2025-12-04 10:02:10,458 [Worker-0: ビルド] INFO  o.e.m.c.i.e.AbstractTransferListenerAdapter - Downloading https://repo.maven.apache.org/maven2/javax/servlet/jstl/1.2/jstl-1.2.pom
2025-12-04 10:02:10,466 [Worker-0: ビルド] INFO  o.e.m.c.i.e.AbstractTransferListenerAdapter - Downloaded https://repo.maven.apache.org/maven2/javax/servlet/jstl/1.2/jstl-1.2.pom
2025-12-04 10:02:10,592 [Worker-0: ビルド] INFO  o.e.m.c.i.e.AbstractTransferListenerAdapter - Downloading https://repo.maven.apache.org/maven2/javax/servlet/jstl/1.2/jstl-1.2.jar
2025-12-04 10:02:10,829 [Worker-0: ビルド] INFO  o.e.m.c.i.e.AbstractTransferListenerAdapter - Downloaded https://repo.maven.apache.org/maven2/javax/servlet/jstl/1.2/jstl-1.2.jar
2025-12-04 10:02:10,878 [Worker-0: ビルド] WARN  o.a.m.s.f.DefaultMavenResourcesFiltering - Using platform encoding (UTF-8 actually) to copy filtered resources, i.e. build is platform dependent!
2025-12-04 10:02:10,879 [Worker-0: ビルド] INFO  o.a.m.s.f.DefaultMavenResourcesFiltering - Copying 0 resource from src\main\resources to target\classes
2025-12-04 10:02:10,880 [Worker-0: ビルド] WARN  o.a.m.s.f.DefaultMavenResourcesFiltering - Using platform encoding (UTF-8 actually) to copy filtered resources, i.e. build is platform dependent!
2025-12-04 10:02:10,880 [Worker-0: ビルド] INFO  o.a.m.s.f.DefaultMavenResourcesFiltering - skip non existing resourceDirectory C:\pleiades\2024-12\workspace\IH13A06_JV31_07\src\test\resources
2025-12-04 10:02:10,881 [Worker-0: ビルド] INFO  o.e.m.w.i.f.ResourceFilteringBuildParticipant - Changed resources require a complete clean of filtered resources of IH13A06_JV31_07
2025-12-04 10:02:10,881 [Worker-0: ビルド] INFO  o.e.m.w.i.f.ResourceFilteringBuildParticipant - Executing resource filtering for IH13A06_JV31_07
2025-12-04 10:02:12,062 [Worker-21: ソースおよび Javadoc のダウンロード] INFO  o.e.m.c.i.e.AbstractTransferListenerAdapter - Downloading https://repo.maven.apache.org/maven2/javax/servlet/jstl/1.2/jstl-1.2-sources.jar
2025-12-04 10:02:12,472 [Worker-21: ソースおよび Javadoc のダウンロード] INFO  o.e.m.c.i.e.AbstractTransferListenerAdapter - Downloaded https://repo.maven.apache.org/maven2/javax/servlet/jstl/1.2/jstl-1.2-sources.jar
2025-12-04 10:02:12,475 [Worker-21: ソースおよび Javadoc のダウンロード] INFO  o.e.m.j.internal.DownloadSourcesJob - Downloaded sources for javax.servlet:jstl:1.2
2025-12-04 10:02:51,358 [Worker-18: すべてのプロジェクトをクリーン] INFO  o.e.m.w.i.f.ResourceFilteringBuildParticipant - Cleaning filtered folder for IH13A06_JV31_07
2025-12-04 10:02:51,366 [Worker-18: すべてのプロジェクトをクリーン] INFO  o.e.m.w.i.f.ResourceFilteringBuildParticipant - Cleaning filtered folder for IH13A06_JV31_29_05
2025-12-04 10:02:51,589 [Worker-15: ビルド] WARN  o.a.m.s.f.DefaultMavenResourcesFiltering - Using platform encoding (UTF-8 actually) to copy filtered resources, i.e. build is platform dependent!
2025-12-04 10:02:51,590 [Worker-15: ビルド] INFO  o.a.m.s.f.DefaultMavenResourcesFiltering - Copying 1 resource from src\main\resources to target\classes
2025-12-04 10:02:51,592 [Worker-15: ビルド] WARN  o.a.m.s.f.DefaultMavenResourcesFiltering - Using platform encoding (UTF-8 actually) to copy filtered resources, i.e. build is platform dependent!
2025-12-04 10:02:51,592 [Worker-15: ビルド] INFO  o.a.m.s.f.DefaultMavenResourcesFiltering - skip non existing resourceDirectory C:\pleiades\2024-12\workspace\IH13A06_JV31_07\src\test\resources
2025-12-04 10:02:51,593 [Worker-15: ビルド] INFO  o.e.m.w.i.f.ResourceFilteringBuildParticipant - Changed resources require a complete clean of filtered resources of IH13A06_JV31_07
2025-12-04 10:02:51,593 [Worker-15: ビルド] INFO  o.e.m.w.i.f.ResourceFilteringBuildParticipant - Executing resource filtering for IH13A06_JV31_07
2025-12-04 10:02:51,629 [Worker-15: ビルド] WARN  o.a.m.s.f.DefaultMavenResourcesFiltering - Using platform encoding (UTF-8 actually) to copy filtered resources, i.e. build is platform dependent!
2025-12-04 10:02:51,629 [Worker-15: ビルド] INFO  o.a.m.s.f.DefaultMavenResourcesFiltering - Copying 1 resource from src\main\resources to target\classes
2025-12-04 10:02:51,631 [Worker-15: ビルド] WARN  o.a.m.s.f.DefaultMavenResourcesFiltering - Using platform encoding (UTF-8 actually) to copy filtered resources, i.e. build is platform dependent!
2025-12-04 10:02:51,632 [Worker-15: ビルド] INFO  o.a.m.s.f.DefaultMavenResourcesFiltering - skip non existing resourceDirectory C:\pleiades\2024-12\workspace\IH13A06_JV31_29_05\src\test\resources
2025-12-04 10:02:51,632 [Worker-15: ビルド] INFO  o.e.m.w.i.f.ResourceFilteringBuildParticipant - Changed resources require a complete clean of filtered resources of IH13A06_JV31_29_05
2025-12-04 10:02:51,632 [Worker-15: ビルド] INFO  o.e.m.w.i.f.ResourceFilteringBuildParticipant - Executing resource filtering for IH13A06_JV31_29_05
2025-12-04 10:04:20,207 [Worker-22: 選択したプロジェクトのクリーニング] INFO  o.e.m.w.i.f.ResourceFilteringBuildParticipant - Cleaning filtered folder for IH13A06_JV31_07
2025-12-04 10:04:20,323 [Worker-22: ビルド] WARN  o.a.m.s.f.DefaultMavenResourcesFiltering - Using platform encoding (UTF-8 actually) to copy filtered resources, i.e. build is platform dependent!
2025-12-04 10:04:20,324 [Worker-22: ビルド] INFO  o.a.m.s.f.DefaultMavenResourcesFiltering - Copying 1 resource from src\main\resources to target\classes
2025-12-04 10:04:20,326 [Worker-22: ビルド] WARN  o.a.m.s.f.DefaultMavenResourcesFiltering - Using platform encoding (UTF-8 actually) to copy filtered resources, i.e. build is platform dependent!
2025-12-04 10:04:20,327 [Worker-22: ビルド] INFO  o.a.m.s.f.DefaultMavenResourcesFiltering - skip non existing resourceDirectory C:\pleiades\2024-12\workspace\IH13A06_JV31_07\src\test\resources
2025-12-04 10:04:20,327 [Worker-22: ビルド] INFO  o.e.m.w.i.f.ResourceFilteringBuildParticipant - Changed resources require a complete clean of filtered resources of IH13A06_JV31_07
2025-12-04 10:04:20,327 [Worker-22: ビルド] INFO  o.e.m.w.i.f.ResourceFilteringBuildParticipant - Executing resource filtering for IH13A06_JV31_07
2025-12-04 10:08:58,354 [Worker-0: ビルド] ERROR o.e.m.c.i.p.r.ProjectRegistryManager - Could not read pom.xml
org.eclipse.core.runtime.CoreException: Could not read pom.xml
	at org.eclipse.m2e.core.internal.IMavenToolbox.readModel(IMavenToolbox.java:245)
	at org.eclipse.m2e.core.internal.project.registry.ProjectRegistryManager.refreshPhase2(ProjectRegistryManager.java:591)
	at org.eclipse.m2e.core.internal.project.registry.ProjectRegistryManager.refresh(ProjectRegistryManager.java:491)
	at org.eclipse.m2e.core.internal.project.registry.ProjectRegistryManager.refresh(ProjectRegistryManager.java:370)
	at org.eclipse.m2e.core.internal.project.registry.ProjectRegistryManager.refresh(ProjectRegistryManager.java:322)
	at org.eclipse.m2e.core.internal.builder.MavenBuilder$BuildMethod.getProjectFacade(MavenBuilder.java:146)
	at org.eclipse.m2e.core.internal.builder.MavenBuilder$BuildMethod.lambda$0(MavenBuilder.java:84)
	at org.eclipse.m2e.core.internal.embedder.MavenExecutionContext.executeBare(MavenExecutionContext.java:458)
	at org.eclipse.m2e.core.internal.embedder.MavenExecutionContext.execute(MavenExecutionContext.java:339)
	at org.eclipse.m2e.core.internal.embedder.MavenExecutionContext.execute(MavenExecutionContext.java:278)
	at org.eclipse.m2e.core.internal.builder.MavenBuilder$BuildMethod.execute(MavenBuilder.java:83)
	at org.eclipse.m2e.core.internal.builder.MavenBuilder.build(MavenBuilder.java:192)
	at org.eclipse.core.internal.events.BuildManager$2.run(BuildManager.java:1077)
	at org.eclipse.core.runtime.SafeRunner.run(SafeRunner.java:47)
	at org.eclipse.core.internal.events.BuildManager.basicBuild(BuildManager.java:296)
	at org.eclipse.core.internal.events.BuildManager.basicBuild(BuildManager.java:352)
	at org.eclipse.core.internal.events.BuildManager$1.run(BuildManager.java:441)
	at org.eclipse.core.runtime.SafeRunner.run(SafeRunner.java:47)
	at org.eclipse.core.internal.events.BuildManager.basicBuild(BuildManager.java:444)
	at org.eclipse.core.internal.events.BuildManager.basicBuildLoop(BuildManager.java:555)
	at org.eclipse.core.internal.events.BuildManager.basicBuildLoop(BuildManager.java:503)
	at org.eclipse.core.internal.events.BuildManager.build(BuildManager.java:585)
	at org.eclipse.core.internal.events.AutoBuildJob.doBuild(AutoBuildJob.java:207)
	at org.eclipse.core.internal.events.AutoBuildJob.run(AutoBuildJob.java:300)
	at org.eclipse.core.internal.jobs.Worker.run(Worker.java:63)
Caused by: org.apache.maven.model.io.ModelParseException: expected START_TAG or END_TAG not TEXT (position: TEXT seen ...</dependency>sion>\n\t\t</... @56:5) 
	at org.apache.maven.model.io.DefaultModelReader.read(DefaultModelReader.java:96)
	at org.apache.maven.model.io.DefaultModelReader.read(DefaultModelReader.java:74)
	at org.eclipse.m2e.core.internal.IMavenToolbox.readModel(IMavenToolbox.java:243)
	... 24 common frames omitted
Caused by: org.codehaus.plexus.util.xml.pull.XmlPullParserException: expected START_TAG or END_TAG not TEXT (position: TEXT seen ...</dependency>sion>\n\t\t</... @56:5) 
	at org.codehaus.plexus.util.xml.pull.MXParser.nextTag(MXParser.java:1364)
	at org.apache.maven.model.io.xpp3.MavenXpp3Reader.parseModel(MavenXpp3Reader.java:2317)
	at org.apache.maven.model.io.xpp3.MavenXpp3Reader.read(MavenXpp3Reader.java:623)
	at org.apache.maven.model.io.xpp3.MavenXpp3Reader.read(MavenXpp3Reader.java:654)
	at org.apache.maven.model.io.DefaultModelReader.read(DefaultModelReader.java:93)
	... 26 common frames omitted
2025-12-04 10:09:25,710 [Worker-15: 選択したプロジェクトのクリーニング] ERROR o.e.m.c.i.p.r.ProjectRegistryManager - Could not read pom.xml
org.eclipse.core.runtime.CoreException: Could not read pom.xml
	at org.eclipse.m2e.core.internal.IMavenToolbox.readModel(IMavenToolbox.java:245)
	at org.eclipse.m2e.core.internal.project.registry.ProjectRegistryManager.refreshPhase2(ProjectRegistryManager.java:591)
	at org.eclipse.m2e.core.internal.project.registry.ProjectRegistryManager.refresh(ProjectRegistryManager.java:491)
	at org.eclipse.m2e.core.internal.project.registry.ProjectRegistryManager.refresh(ProjectRegistryManager.java:370)
	at org.eclipse.m2e.core.internal.project.registry.ProjectRegistryManager.refresh(ProjectRegistryManager.java:322)
	at org.eclipse.m2e.core.internal.builder.MavenBuilder$BuildMethod.getProjectFacade(MavenBuilder.java:146)
	at org.eclipse.m2e.core.internal.builder.MavenBuilder$BuildMethod.lambda$0(MavenBuilder.java:84)
	at org.eclipse.m2e.core.internal.embedder.MavenExecutionContext.executeBare(MavenExecutionContext.java:458)
	at org.eclipse.m2e.core.internal.embedder.MavenExecutionContext.execute(MavenExecutionContext.java:339)
	at org.eclipse.m2e.core.internal.embedder.MavenExecutionContext.execute(MavenExecutionContext.java:278)
	at org.eclipse.m2e.core.internal.builder.MavenBuilder$BuildMethod.execute(MavenBuilder.java:83)
	at org.eclipse.m2e.core.internal.builder.MavenBuilder.clean(MavenBuilder.java:204)
	at org.eclipse.core.internal.events.BuildManager$2.run(BuildManager.java:1082)
	at org.eclipse.core.runtime.SafeRunner.run(SafeRunner.java:47)
	at org.eclipse.core.internal.events.BuildManager.basicBuild(BuildManager.java:296)
	at org.eclipse.core.internal.events.BuildManager.basicBuild(BuildManager.java:352)
	at org.eclipse.core.internal.events.BuildManager$1.run(BuildManager.java:441)
	at org.eclipse.core.runtime.SafeRunner.run(SafeRunner.java:47)
	at org.eclipse.core.internal.events.BuildManager.basicBuild(BuildManager.java:444)
	at org.eclipse.core.internal.events.BuildManager.basicBuild(BuildManager.java:403)
	at org.eclipse.core.internal.events.BuildManager.build(BuildManager.java:668)
	at org.eclipse.core.internal.resources.Project$1.run(Project.java:604)
	at org.eclipse.core.internal.resources.Workspace.run(Workspace.java:2457)
	at org.eclipse.core.internal.resources.Project.internalBuild(Project.java:642)
	at org.eclipse.core.internal.resources.Project.build(Project.java:154)
	at org.eclipse.ui.internal.ide.dialogs.CleanDialog.doClean(CleanDialog.java:360)
	at org.eclipse.ui.internal.ide.dialogs.CleanDialog$1.runInWorkspace(CleanDialog.java:159)
	at org.eclipse.core.internal.resources.InternalWorkspaceJob.run(InternalWorkspaceJob.java:43)
	at org.eclipse.core.internal.jobs.Worker.run(Worker.java:63)
Caused by: org.apache.maven.model.io.ModelParseException: expected START_TAG or END_TAG not TEXT (position: TEXT seen ...</dependency>sion>\n\t\t</... @56:5) 
	at org.apache.maven.model.io.DefaultModelReader.read(DefaultModelReader.java:96)
	at org.apache.maven.model.io.DefaultModelReader.read(DefaultModelReader.java:74)
	at org.eclipse.m2e.core.internal.IMavenToolbox.readModel(IMavenToolbox.java:243)
	... 28 common frames omitted
Caused by: org.codehaus.plexus.util.xml.pull.XmlPullParserException: expected START_TAG or END_TAG not TEXT (position: TEXT seen ...</dependency>sion>\n\t\t</... @56:5) 
	at org.codehaus.plexus.util.xml.pull.MXParser.nextTag(MXParser.java:1364)
	at org.apache.maven.model.io.xpp3.MavenXpp3Reader.parseModel(MavenXpp3Reader.java:2317)
	at org.apache.maven.model.io.xpp3.MavenXpp3Reader.read(MavenXpp3Reader.java:623)
	at org.apache.maven.model.io.xpp3.MavenXpp3Reader.read(MavenXpp3Reader.java:654)
	at org.apache.maven.model.io.DefaultModelReader.read(DefaultModelReader.java:93)
	... 30 common frames omitted
2025-12-04 10:09:26,139 [Worker-19: ビルド] ERROR o.e.m.c.i.p.r.ProjectRegistryManager - Could not read pom.xml
org.eclipse.core.runtime.CoreException: Could not read pom.xml
	at org.eclipse.m2e.core.internal.IMavenToolbox.readModel(IMavenToolbox.java:245)
	at org.eclipse.m2e.core.internal.project.registry.ProjectRegistryManager.refreshPhase2(ProjectRegistryManager.java:591)
	at org.eclipse.m2e.core.internal.project.registry.ProjectRegistryManager.refresh(ProjectRegistryManager.java:491)
	at org.eclipse.m2e.core.internal.project.registry.ProjectRegistryManager.refresh(ProjectRegistryManager.java:370)
	at org.eclipse.m2e.core.internal.project.registry.ProjectRegistryManager.refresh(ProjectRegistryManager.java:322)
	at org.eclipse.m2e.core.internal.builder.MavenBuilder$BuildMethod.getProjectFacade(MavenBuilder.java:146)
	at org.eclipse.m2e.core.internal.builder.MavenBuilder$BuildMethod.lambda$0(MavenBuilder.java:84)
	at org.eclipse.m2e.core.internal.embedder.MavenExecutionContext.executeBare(MavenExecutionContext.java:458)
	at org.eclipse.m2e.core.internal.embedder.MavenExecutionContext.execute(MavenExecutionContext.java:339)
	at org.eclipse.m2e.core.internal.embedder.MavenExecutionContext.execute(MavenExecutionContext.java:278)
	at org.eclipse.m2e.core.internal.builder.MavenBuilder$BuildMethod.execute(MavenBuilder.java:83)
	at org.eclipse.m2e.core.internal.builder.MavenBuilder.build(MavenBuilder.java:192)
	at org.eclipse.core.internal.events.BuildManager$2.run(BuildManager.java:1077)
	at org.eclipse.core.runtime.SafeRunner.run(SafeRunner.java:47)
	at org.eclipse.core.internal.events.BuildManager.basicBuild(BuildManager.java:296)
	at org.eclipse.core.internal.events.BuildManager.basicBuild(BuildManager.java:352)
	at org.eclipse.core.internal.events.BuildManager$1.run(BuildManager.java:441)
	at org.eclipse.core.runtime.SafeRunner.run(SafeRunner.java:47)
	at org.eclipse.core.internal.events.BuildManager.basicBuild(BuildManager.java:444)
	at org.eclipse.core.internal.events.BuildManager.basicBuildLoop(BuildManager.java:555)
	at org.eclipse.core.internal.events.BuildManager.basicBuildLoop(BuildManager.java:503)
	at org.eclipse.core.internal.events.BuildManager.build(BuildManager.java:585)
	at org.eclipse.core.internal.events.AutoBuildJob.doBuild(AutoBuildJob.java:207)
	at org.eclipse.core.internal.events.AutoBuildJob.run(AutoBuildJob.java:300)
	at org.eclipse.core.internal.jobs.Worker.run(Worker.java:63)
Caused by: org.apache.maven.model.io.ModelParseException: expected START_TAG or END_TAG not TEXT (position: TEXT seen ...</dependency>sion>\n\t\t</... @56:5) 
	at org.apache.maven.model.io.DefaultModelReader.read(DefaultModelReader.java:96)
	at org.apache.maven.model.io.DefaultModelReader.read(DefaultModelReader.java:74)
	at org.eclipse.m2e.core.internal.IMavenToolbox.readModel(IMavenToolbox.java:243)
	... 24 common frames omitted
Caused by: org.codehaus.plexus.util.xml.pull.XmlPullParserException: expected START_TAG or END_TAG not TEXT (position: TEXT seen ...</dependency>sion>\n\t\t</... @56:5) 
	at org.codehaus.plexus.util.xml.pull.MXParser.nextTag(MXParser.java:1364)
	at org.apache.maven.model.io.xpp3.MavenXpp3Reader.parseModel(MavenXpp3Reader.java:2317)
	at org.apache.maven.model.io.xpp3.MavenXpp3Reader.read(MavenXpp3Reader.java:623)
	at org.apache.maven.model.io.xpp3.MavenXpp3Reader.read(MavenXpp3Reader.java:654)
	at org.apache.maven.model.io.DefaultModelReader.read(DefaultModelReader.java:93)
	... 26 common frames omitted
2025-12-04 10:09:45,925 [Worker-16: 選択したプロジェクトのクリーニング] ERROR o.e.m.c.i.p.r.ProjectRegistryManager - Could not read pom.xml
org.eclipse.core.runtime.CoreException: Could not read pom.xml
	at org.eclipse.m2e.core.internal.IMavenToolbox.readModel(IMavenToolbox.java:245)
	at org.eclipse.m2e.core.internal.project.registry.ProjectRegistryManager.refreshPhase2(ProjectRegistryManager.java:591)
	at org.eclipse.m2e.core.internal.project.registry.ProjectRegistryManager.refresh(ProjectRegistryManager.java:491)
	at org.eclipse.m2e.core.internal.project.registry.ProjectRegistryManager.refresh(ProjectRegistryManager.java:370)
	at org.eclipse.m2e.core.internal.project.registry.ProjectRegistryManager.refresh(ProjectRegistryManager.java:322)
	at org.eclipse.m2e.core.internal.builder.MavenBuilder$BuildMethod.getProjectFacade(MavenBuilder.java:146)
	at org.eclipse.m2e.core.internal.builder.MavenBuilder$BuildMethod.lambda$0(MavenBuilder.java:84)
	at org.eclipse.m2e.core.internal.embedder.MavenExecutionContext.executeBare(MavenExecutionContext.java:458)
	at org.eclipse.m2e.core.internal.embedder.MavenExecutionContext.execute(MavenExecutionContext.java:339)
	at org.eclipse.m2e.core.internal.embedder.MavenExecutionContext.execute(MavenExecutionContext.java:278)
	at org.eclipse.m2e.core.internal.builder.MavenBuilder$BuildMethod.execute(MavenBuilder.java:83)
	at org.eclipse.m2e.core.internal.builder.MavenBuilder.clean(MavenBuilder.java:204)
	at org.eclipse.core.internal.events.BuildManager$2.run(BuildManager.java:1082)
	at org.eclipse.core.runtime.SafeRunner.run(SafeRunner.java:47)
	at org.eclipse.core.internal.events.BuildManager.basicBuild(BuildManager.java:296)
	at org.eclipse.core.internal.events.BuildManager.basicBuild(BuildManager.java:352)
	at org.eclipse.core.internal.events.BuildManager$1.run(BuildManager.java:441)
	at org.eclipse.core.runtime.SafeRunner.run(SafeRunner.java:47)
	at org.eclipse.core.internal.events.BuildManager.basicBuild(BuildManager.java:444)
	at org.eclipse.core.internal.events.BuildManager.basicBuild(BuildManager.java:403)
	at org.eclipse.core.internal.events.BuildManager.build(BuildManager.java:668)
	at org.eclipse.core.internal.resources.Project$1.run(Project.java:604)
	at org.eclipse.core.internal.resources.Workspace.run(Workspace.java:2457)
	at org.eclipse.core.internal.resources.Project.internalBuild(Project.java:642)
	at org.eclipse.core.internal.resources.Project.build(Project.java:154)
	at org.eclipse.ui.internal.ide.dialogs.CleanDialog.doClean(CleanDialog.java:360)
	at org.eclipse.ui.internal.ide.dialogs.CleanDialog$1.runInWorkspace(CleanDialog.java:159)
	at org.eclipse.core.internal.resources.InternalWorkspaceJob.run(InternalWorkspaceJob.java:43)
	at org.eclipse.core.internal.jobs.Worker.run(Worker.java:63)
Caused by: org.apache.maven.model.io.ModelParseException: expected START_TAG or END_TAG not TEXT (position: TEXT seen ...</dependency>sion>\n\t\t</... @56:5) 
	at org.apache.maven.model.io.DefaultModelReader.read(DefaultModelReader.java:96)
	at org.apache.maven.model.io.DefaultModelReader.read(DefaultModelReader.java:74)
	at org.eclipse.m2e.core.internal.IMavenToolbox.readModel(IMavenToolbox.java:243)
	... 28 common frames omitted
Caused by: org.codehaus.plexus.util.xml.pull.XmlPullParserException: expected START_TAG or END_TAG not TEXT (position: TEXT seen ...</dependency>sion>\n\t\t</... @56:5) 
	at org.codehaus.plexus.util.xml.pull.MXParser.nextTag(MXParser.java:1364)
	at org.apache.maven.model.io.xpp3.MavenXpp3Reader.parseModel(MavenXpp3Reader.java:2317)
	at org.apache.maven.model.io.xpp3.MavenXpp3Reader.read(MavenXpp3Reader.java:623)
	at org.apache.maven.model.io.xpp3.MavenXpp3Reader.read(MavenXpp3Reader.java:654)
	at org.apache.maven.model.io.DefaultModelReader.read(DefaultModelReader.java:93)
	... 30 common frames omitted
2025-12-04 10:09:46,035 [Worker-20: ビルド] ERROR o.e.m.c.i.p.r.ProjectRegistryManager - Could not read pom.xml
org.eclipse.core.runtime.CoreException: Could not read pom.xml
	at org.eclipse.m2e.core.internal.IMavenToolbox.readModel(IMavenToolbox.java:245)
	at org.eclipse.m2e.core.internal.project.registry.ProjectRegistryManager.refreshPhase2(ProjectRegistryManager.java:591)
	at org.eclipse.m2e.core.internal.project.registry.ProjectRegistryManager.refresh(ProjectRegistryManager.java:491)
	at org.eclipse.m2e.core.internal.project.registry.ProjectRegistryManager.refresh(ProjectRegistryManager.java:370)
	at org.eclipse.m2e.core.internal.project.registry.ProjectRegistryManager.refresh(ProjectRegistryManager.java:322)
	at org.eclipse.m2e.core.internal.builder.MavenBuilder$BuildMethod.getProjectFacade(MavenBuilder.java:146)
	at org.eclipse.m2e.core.internal.builder.MavenBuilder$BuildMethod.lambda$0(MavenBuilder.java:84)
	at org.eclipse.m2e.core.internal.embedder.MavenExecutionContext.executeBare(MavenExecutionContext.java:458)
	at org.eclipse.m2e.core.internal.embedder.MavenExecutionContext.execute(MavenExecutionContext.java:339)
	at org.eclipse.m2e.core.internal.embedder.MavenExecutionContext.execute(MavenExecutionContext.java:278)
	at org.eclipse.m2e.core.internal.builder.MavenBuilder$BuildMethod.execute(MavenBuilder.java:83)
	at org.eclipse.m2e.core.internal.builder.MavenBuilder.build(MavenBuilder.java:192)
	at org.eclipse.core.internal.events.BuildManager$2.run(BuildManager.java:1077)
	at org.eclipse.core.runtime.SafeRunner.run(SafeRunner.java:47)
	at org.eclipse.core.internal.events.BuildManager.basicBuild(BuildManager.java:296)
	at org.eclipse.core.internal.events.BuildManager.basicBuild(BuildManager.java:352)
	at org.eclipse.core.internal.events.BuildManager$1.run(BuildManager.java:441)
	at org.eclipse.core.runtime.SafeRunner.run(SafeRunner.java:47)
	at org.eclipse.core.internal.events.BuildManager.basicBuild(BuildManager.java:444)
	at org.eclipse.core.internal.events.BuildManager.basicBuildLoop(BuildManager.java:555)
	at org.eclipse.core.internal.events.BuildManager.basicBuildLoop(BuildManager.java:503)
	at org.eclipse.core.internal.events.BuildManager.build(BuildManager.java:585)
	at org.eclipse.core.internal.events.AutoBuildJob.doBuild(AutoBuildJob.java:207)
	at org.eclipse.core.internal.events.AutoBuildJob.run(AutoBuildJob.java:300)
	at org.eclipse.core.internal.jobs.Worker.run(Worker.java:63)
Caused by: org.apache.maven.model.io.ModelParseException: expected START_TAG or END_TAG not TEXT (position: TEXT seen ...</dependency>sion>\n\t\t</... @56:5) 
	at org.apache.maven.model.io.DefaultModelReader.read(DefaultModelReader.java:96)
	at org.apache.maven.model.io.DefaultModelReader.read(DefaultModelReader.java:74)
	at org.eclipse.m2e.core.internal.IMavenToolbox.readModel(IMavenToolbox.java:243)
	... 24 common frames omitted
Caused by: org.codehaus.plexus.util.xml.pull.XmlPullParserException: expected START_TAG or END_TAG not TEXT (position: TEXT seen ...</dependency>sion>\n\t\t</... @56:5) 
	at org.codehaus.plexus.util.xml.pull.MXParser.nextTag(MXParser.java:1364)
	at org.apache.maven.model.io.xpp3.MavenXpp3Reader.parseModel(MavenXpp3Reader.java:2317)
	at org.apache.maven.model.io.xpp3.MavenXpp3Reader.read(MavenXpp3Reader.java:623)
	at org.apache.maven.model.io.xpp3.MavenXpp3Reader.read(MavenXpp3Reader.java:654)
	at org.apache.maven.model.io.DefaultModelReader.read(DefaultModelReader.java:93)
	... 26 common frames omitted
2025-12-04 10:10:13,236 [Worker-16: reload maven project] ERROR o.e.m.c.i.p.r.ProjectRegistryManager - Failed to read Maven project: Some problems were encountered while processing the POMs:
[FATAL] Non-parseable POM C:\pleiades\2024-12\workspace\IH13A06_JV31_07\pom.xml: expected START_TAG or END_TAG not TEXT (position: TEXT seen ...</dependency>sion>\n    </... @56:7)  @ line 56, column 7

org.apache.maven.project.ProjectBuildingException: Some problems were encountered while processing the POMs:
[FATAL] Non-parseable POM C:\pleiades\2024-12\workspace\IH13A06_JV31_07\pom.xml: expected START_TAG or END_TAG not TEXT (position: TEXT seen ...</dependency>sion>\n    </... @56:7)  @ line 56, column 7

	at org.eclipse.m2e.core.internal.IMavenToolbox.readMavenProjects(IMavenToolbox.java:140)
	at org.eclipse.m2e.core.internal.project.registry.ProjectRegistryManager.lambda$22(ProjectRegistryManager.java:943)
	at org.eclipse.m2e.core.internal.embedder.MavenExecutionContext.executeBare(MavenExecutionContext.java:458)
	at org.eclipse.m2e.core.internal.embedder.MavenExecutionContext.execute(MavenExecutionContext.java:339)
	at org.eclipse.m2e.core.internal.embedder.MavenExecutionContext.execute(MavenExecutionContext.java:278)
	at org.eclipse.m2e.core.internal.project.registry.ProjectRegistryManager.readProjectsWithDependencies(ProjectRegistryManager.java:939)
	at org.eclipse.m2e.core.internal.project.registry.ProjectRegistryManager.create(ProjectRegistryManager.java:219)
	at org.eclipse.m2e.core.internal.project.registry.MavenProjectManager.create(MavenProjectManager.java:105)
	at org.eclipse.m2e.core.ui.internal.actions.SelectionUtil.getMavenProject(SelectionUtil.java:239)
	at org.eclipse.m2e.editor.pom.MavenPomEditor.readMavenProject(MavenPomEditor.java:709)
	at org.eclipse.m2e.editor.pom.MavenPomEditor$4.run(MavenPomEditor.java:1029)
	at org.eclipse.core.internal.jobs.Worker.run(Worker.java:63)
2025-12-04 10:10:13,834 [Worker-19: ビルド] ERROR o.e.m.c.i.p.r.ProjectRegistryManager - Could not read pom.xml
org.eclipse.core.runtime.CoreException: Could not read pom.xml
	at org.eclipse.m2e.core.internal.IMavenToolbox.readModel(IMavenToolbox.java:245)
	at org.eclipse.m2e.core.internal.project.registry.ProjectRegistryManager.refreshPhase2(ProjectRegistryManager.java:591)
	at org.eclipse.m2e.core.internal.project.registry.ProjectRegistryManager.refresh(ProjectRegistryManager.java:491)
	at org.eclipse.m2e.core.internal.project.registry.ProjectRegistryManager.refresh(ProjectRegistryManager.java:370)
	at org.eclipse.m2e.core.internal.project.registry.ProjectRegistryManager.refresh(ProjectRegistryManager.java:322)
	at org.eclipse.m2e.core.internal.builder.MavenBuilder$BuildMethod.getProjectFacade(MavenBuilder.java:146)
	at org.eclipse.m2e.core.internal.builder.MavenBuilder$BuildMethod.lambda$0(MavenBuilder.java:84)
	at org.eclipse.m2e.core.internal.embedder.MavenExecutionContext.executeBare(MavenExecutionContext.java:458)
	at org.eclipse.m2e.core.internal.embedder.MavenExecutionContext.execute(MavenExecutionContext.java:339)
	at org.eclipse.m2e.core.internal.embedder.MavenExecutionContext.execute(MavenExecutionContext.java:278)
	at org.eclipse.m2e.core.internal.builder.MavenBuilder$BuildMethod.execute(MavenBuilder.java:83)
	at org.eclipse.m2e.core.internal.builder.MavenBuilder.build(MavenBuilder.java:192)
	at org.eclipse.core.internal.events.BuildManager$2.run(BuildManager.java:1077)
	at org.eclipse.core.runtime.SafeRunner.run(SafeRunner.java:47)
	at org.eclipse.core.internal.events.BuildManager.basicBuild(BuildManager.java:296)
	at org.eclipse.core.internal.events.BuildManager.basicBuild(BuildManager.java:352)
	at org.eclipse.core.internal.events.BuildManager$1.run(BuildManager.java:441)
	at org.eclipse.core.runtime.SafeRunner.run(SafeRunner.java:47)
	at org.eclipse.core.internal.events.BuildManager.basicBuild(BuildManager.java:444)
	at org.eclipse.core.internal.events.BuildManager.basicBuildLoop(BuildManager.java:555)
	at org.eclipse.core.internal.events.BuildManager.basicBuildLoop(BuildManager.java:503)
	at org.eclipse.core.internal.events.BuildManager.build(BuildManager.java:585)
	at org.eclipse.core.internal.events.AutoBuildJob.doBuild(AutoBuildJob.java:207)
	at org.eclipse.core.internal.events.AutoBuildJob.run(AutoBuildJob.java:300)
	at org.eclipse.core.internal.jobs.Worker.run(Worker.java:63)
Caused by: org.apache.maven.model.io.ModelParseException: expected START_TAG or END_TAG not TEXT (position: TEXT seen ...</dependency>sion>\n    </... @56:7) 
	at org.apache.maven.model.io.DefaultModelReader.read(DefaultModelReader.java:96)
	at org.apache.maven.model.io.DefaultModelReader.read(DefaultModelReader.java:74)
	at org.eclipse.m2e.core.internal.IMavenToolbox.readModel(IMavenToolbox.java:243)
	... 24 common frames omitted
Caused by: org.codehaus.plexus.util.xml.pull.XmlPullParserException: expected START_TAG or END_TAG not TEXT (position: TEXT seen ...</dependency>sion>\n    </... @56:7) 
	at org.codehaus.plexus.util.xml.pull.MXParser.nextTag(MXParser.java:1364)
	at org.apache.maven.model.io.xpp3.MavenXpp3Reader.parseModel(MavenXpp3Reader.java:2317)
	at org.apache.maven.model.io.xpp3.MavenXpp3Reader.read(MavenXpp3Reader.java:623)
	at org.apache.maven.model.io.xpp3.MavenXpp3Reader.read(MavenXpp3Reader.java:654)
	at org.apache.maven.model.io.DefaultModelReader.read(DefaultModelReader.java:93)
	... 26 common frames omitted
2025-12-04 10:10:20,215 [Worker-22: 選択したプロジェクトのクリーニング] ERROR o.e.m.c.i.p.r.ProjectRegistryManager - Could not read pom.xml
org.eclipse.core.runtime.CoreException: Could not read pom.xml
	at org.eclipse.m2e.core.internal.IMavenToolbox.readModel(IMavenToolbox.java:245)
	at org.eclipse.m2e.core.internal.project.registry.ProjectRegistryManager.refreshPhase2(ProjectRegistryManager.java:591)
	at org.eclipse.m2e.core.internal.project.registry.ProjectRegistryManager.refresh(ProjectRegistryManager.java:491)
	at org.eclipse.m2e.core.internal.project.registry.ProjectRegistryManager.refresh(ProjectRegistryManager.java:370)
	at org.eclipse.m2e.core.internal.project.registry.ProjectRegistryManager.refresh(ProjectRegistryManager.java:322)
	at org.eclipse.m2e.core.internal.builder.MavenBuilder$BuildMethod.getProjectFacade(MavenBuilder.java:146)
	at org.eclipse.m2e.core.internal.builder.MavenBuilder$BuildMethod.lambda$0(MavenBuilder.java:84)
	at org.eclipse.m2e.core.internal.embedder.MavenExecutionContext.executeBare(MavenExecutionContext.java:458)
	at org.eclipse.m2e.core.internal.embedder.MavenExecutionContext.execute(MavenExecutionContext.java:339)
	at org.eclipse.m2e.core.internal.embedder.MavenExecutionContext.execute(MavenExecutionContext.java:278)
	at org.eclipse.m2e.core.internal.builder.MavenBuilder$BuildMethod.execute(MavenBuilder.java:83)
	at org.eclipse.m2e.core.internal.builder.MavenBuilder.clean(MavenBuilder.java:204)
	at org.eclipse.core.internal.events.BuildManager$2.run(BuildManager.java:1082)
	at org.eclipse.core.runtime.SafeRunner.run(SafeRunner.java:47)
	at org.eclipse.core.internal.events.BuildManager.basicBuild(BuildManager.java:296)
	at org.eclipse.core.internal.events.BuildManager.basicBuild(BuildManager.java:352)
	at org.eclipse.core.internal.events.BuildManager$1.run(BuildManager.java:441)
	at org.eclipse.core.runtime.SafeRunner.run(SafeRunner.java:47)
	at org.eclipse.core.internal.events.BuildManager.basicBuild(BuildManager.java:444)
	at org.eclipse.core.internal.events.BuildManager.basicBuild(BuildManager.java:403)
	at org.eclipse.core.internal.events.BuildManager.build(BuildManager.java:668)
	at org.eclipse.core.internal.resources.Project$1.run(Project.java:604)
	at org.eclipse.core.internal.resources.Workspace.run(Workspace.java:2457)
	at org.eclipse.core.internal.resources.Project.internalBuild(Project.java:642)
	at org.eclipse.core.internal.resources.Project.build(Project.java:154)
	at org.eclipse.ui.internal.ide.dialogs.CleanDialog.doClean(CleanDialog.java:360)
	at org.eclipse.ui.internal.ide.dialogs.CleanDialog$1.runInWorkspace(CleanDialog.java:159)
	at org.eclipse.core.internal.resources.InternalWorkspaceJob.run(InternalWorkspaceJob.java:43)
	at org.eclipse.core.internal.jobs.Worker.run(Worker.java:63)
Caused by: org.apache.maven.model.io.ModelParseException: expected START_TAG or END_TAG not TEXT (position: TEXT seen ...</dependency>sion>\n    </... @56:7) 
	at org.apache.maven.model.io.DefaultModelReader.read(DefaultModelReader.java:96)
	at org.apache.maven.model.io.DefaultModelReader.read(DefaultModelReader.java:74)
	at org.eclipse.m2e.core.internal.IMavenToolbox.readModel(IMavenToolbox.java:243)
	... 28 common frames omitted
Caused by: org.codehaus.plexus.util.xml.pull.XmlPullParserException: expected START_TAG or END_TAG not TEXT (position: TEXT seen ...</dependency>sion>\n    </... @56:7) 
	at org.codehaus.plexus.util.xml.pull.MXParser.nextTag(MXParser.java:1364)
	at org.apache.maven.model.io.xpp3.MavenXpp3Reader.parseModel(MavenXpp3Reader.java:2317)
	at org.apache.maven.model.io.xpp3.MavenXpp3Reader.read(MavenXpp3Reader.java:623)
	at org.apache.maven.model.io.xpp3.MavenXpp3Reader.read(MavenXpp3Reader.java:654)
	at org.apache.maven.model.io.DefaultModelReader.read(DefaultModelReader.java:93)
	... 30 common frames omitted
2025-12-04 10:10:20,329 [Worker-22: ビルド] ERROR o.e.m.c.i.p.r.ProjectRegistryManager - Could not read pom.xml
org.eclipse.core.runtime.CoreException: Could not read pom.xml
	at org.eclipse.m2e.core.internal.IMavenToolbox.readModel(IMavenToolbox.java:245)
	at org.eclipse.m2e.core.internal.project.registry.ProjectRegistryManager.refreshPhase2(ProjectRegistryManager.java:591)
	at org.eclipse.m2e.core.internal.project.registry.ProjectRegistryManager.refresh(ProjectRegistryManager.java:491)
	at org.eclipse.m2e.core.internal.project.registry.ProjectRegistryManager.refresh(ProjectRegistryManager.java:370)
	at org.eclipse.m2e.core.internal.project.registry.ProjectRegistryManager.refresh(ProjectRegistryManager.java:322)
	at org.eclipse.m2e.core.internal.builder.MavenBuilder$BuildMethod.getProjectFacade(MavenBuilder.java:146)
	at org.eclipse.m2e.core.internal.builder.MavenBuilder$BuildMethod.lambda$0(MavenBuilder.java:84)
	at org.eclipse.m2e.core.internal.embedder.MavenExecutionContext.executeBare(MavenExecutionContext.java:458)
	at org.eclipse.m2e.core.internal.embedder.MavenExecutionContext.execute(MavenExecutionContext.java:339)
	at org.eclipse.m2e.core.internal.embedder.MavenExecutionContext.execute(MavenExecutionContext.java:278)
	at org.eclipse.m2e.core.internal.builder.MavenBuilder$BuildMethod.execute(MavenBuilder.java:83)
	at org.eclipse.m2e.core.internal.builder.MavenBuilder.build(MavenBuilder.java:192)
	at org.eclipse.core.internal.events.BuildManager$2.run(BuildManager.java:1077)
	at org.eclipse.core.runtime.SafeRunner.run(SafeRunner.java:47)
	at org.eclipse.core.internal.events.BuildManager.basicBuild(BuildManager.java:296)
	at org.eclipse.core.internal.events.BuildManager.basicBuild(BuildManager.java:352)
	at org.eclipse.core.internal.events.BuildManager$1.run(BuildManager.java:441)
	at org.eclipse.core.runtime.SafeRunner.run(SafeRunner.java:47)
	at org.eclipse.core.internal.events.BuildManager.basicBuild(BuildManager.java:444)
	at org.eclipse.core.internal.events.BuildManager.basicBuildLoop(BuildManager.java:555)
	at org.eclipse.core.internal.events.BuildManager.basicBuildLoop(BuildManager.java:503)
	at org.eclipse.core.internal.events.BuildManager.build(BuildManager.java:585)
	at org.eclipse.core.internal.events.AutoBuildJob.doBuild(AutoBuildJob.java:207)
	at org.eclipse.core.internal.events.AutoBuildJob.run(AutoBuildJob.java:300)
	at org.eclipse.core.internal.jobs.Worker.run(Worker.java:63)
Caused by: org.apache.maven.model.io.ModelParseException: expected START_TAG or END_TAG not TEXT (position: TEXT seen ...</dependency>sion>\n    </... @56:7) 
	at org.apache.maven.model.io.DefaultModelReader.read(DefaultModelReader.java:96)
	at org.apache.maven.model.io.DefaultModelReader.read(DefaultModelReader.java:74)
	at org.eclipse.m2e.core.internal.IMavenToolbox.readModel(IMavenToolbox.java:243)
	... 24 common frames omitted
Caused by: org.codehaus.plexus.util.xml.pull.XmlPullParserException: expected START_TAG or END_TAG not TEXT (position: TEXT seen ...</dependency>sion>\n    </... @56:7) 
	at org.codehaus.plexus.util.xml.pull.MXParser.nextTag(MXParser.java:1364)
	at org.apache.maven.model.io.xpp3.MavenXpp3Reader.parseModel(MavenXpp3Reader.java:2317)
	at org.apache.maven.model.io.xpp3.MavenXpp3Reader.read(MavenXpp3Reader.java:623)
	at org.apache.maven.model.io.xpp3.MavenXpp3Reader.read(MavenXpp3Reader.java:654)
	at org.apache.maven.model.io.DefaultModelReader.read(DefaultModelReader.java:93)
	... 26 common frames omitted
2025-12-04 10:10:46,059 [Worker-24: ビルド] INFO  o.e.m.c.i.l.LifecycleMappingFactory - Using org.maven.ide.eclipse.wtp.WarLifecycleMapping lifecycle mapping for MavenProject: com.example:IH13A06_JV31_29_06:1.0-SNAPSHOT @ C:\pleiades\2024-12\workspace\IH13A06_JV31_07\pom.xml.
2025-12-04 10:10:46,162 [Worker-24: ビルド] WARN  o.a.m.s.f.DefaultMavenResourcesFiltering - Using platform encoding (UTF-8 actually) to copy filtered resources, i.e. build is platform dependent!
2025-12-04 10:10:46,163 [Worker-24: ビルド] INFO  o.a.m.s.f.DefaultMavenResourcesFiltering - Copying 0 resource from src\main\resources to target\classes
2025-12-04 10:10:46,164 [Worker-24: ビルド] WARN  o.a.m.s.f.DefaultMavenResourcesFiltering - Using platform encoding (UTF-8 actually) to copy filtered resources, i.e. build is platform dependent!
2025-12-04 10:10:46,164 [Worker-24: ビルド] INFO  o.a.m.s.f.DefaultMavenResourcesFiltering - skip non existing resourceDirectory C:\pleiades\2024-12\workspace\IH13A06_JV31_07\src\test\resources
2025-12-04 10:10:46,164 [Worker-24: ビルド] INFO  o.e.m.w.i.f.ResourceFilteringBuildParticipant - Changed resources require a complete clean of filtered resources of IH13A06_JV31_07
2025-12-04 10:10:46,165 [Worker-24: ビルド] INFO  o.e.m.w.i.f.ResourceFilteringBuildParticipant - Executing resource filtering for IH13A06_JV31_07
2025-12-04 10:10:51,244 [Worker-23: 選択したプロジェクトのクリーニング] INFO  o.e.m.w.i.f.ResourceFilteringBuildParticipant - Cleaning filtered folder for IH13A06_JV31_07
2025-12-04 10:10:51,684 [Worker-0: ビルド] WARN  o.a.m.s.f.DefaultMavenResourcesFiltering - Using platform encoding (UTF-8 actually) to copy filtered resources, i.e. build is platform dependent!
2025-12-04 10:10:51,684 [Worker-0: ビルド] INFO  o.a.m.s.f.DefaultMavenResourcesFiltering - Copying 1 resource from src\main\resources to target\classes
2025-12-04 10:10:51,688 [Worker-0: ビルド] WARN  o.a.m.s.f.DefaultMavenResourcesFiltering - Using platform encoding (UTF-8 actually) to copy filtered resources, i.e. build is platform dependent!
2025-12-04 10:10:51,688 [Worker-0: ビルド] INFO  o.a.m.s.f.DefaultMavenResourcesFiltering - skip non existing resourceDirectory C:\pleiades\2024-12\workspace\IH13A06_JV31_07\src\test\resources
2025-12-04 10:10:51,688 [Worker-0: ビルド] INFO  o.e.m.w.i.f.ResourceFilteringBuildParticipant - Changed resources require a complete clean of filtered resources of IH13A06_JV31_07
2025-12-04 10:10:51,688 [Worker-0: ビルド] INFO  o.e.m.w.i.f.ResourceFilteringBuildParticipant - Executing resource filtering for IH13A06_JV31_07
2025-12-04 10:11:11,194 [Worker-16: ビルド] WARN  o.a.m.s.f.DefaultMavenResourcesFiltering - Using platform encoding (UTF-8 actually) to copy filtered resources, i.e. build is platform dependent!
2025-12-04 10:11:11,195 [Worker-16: ビルド] INFO  o.a.m.s.f.DefaultMavenResourcesFiltering - Copying 0 resource from src\main\resources to target\classes
2025-12-04 10:11:11,196 [Worker-16: ビルド] WARN  o.a.m.s.f.DefaultMavenResourcesFiltering - Using platform encoding (UTF-8 actually) to copy filtered resources, i.e. build is platform dependent!
2025-12-04 10:11:11,196 [Worker-16: ビルド] INFO  o.a.m.s.f.DefaultMavenResourcesFiltering - skip non existing resourceDirectory C:\pleiades\2024-12\workspace\IH13A06_JV31_07\src\test\resources
2025-12-04 10:12:16,802 [Worker-0: ビルド] ERROR o.e.m.c.i.p.r.ProjectRegistryManager - ファイルが見つかりません: C:\pleiades\2024-12\workspace\IH13A06_JV31_07\pom.xml.
org.eclipse.core.internal.resources.ResourceException: ファイルが見つかりません: C:\pleiades\2024-12\workspace\IH13A06_JV31_07\pom.xml.
	at org.eclipse.core.internal.localstore.FileSystemResourceManager.read(FileSystemResourceManager.java:886)
	at org.eclipse.core.internal.resources.File.getContents(File.java:352)
	at org.eclipse.core.internal.resources.File.getContents(File.java:342)
	at org.eclipse.m2e.core.internal.project.registry.ProjectRegistryManager.refreshPhase2(ProjectRegistryManager.java:589)
	at org.eclipse.m2e.core.internal.project.registry.ProjectRegistryManager.refresh(ProjectRegistryManager.java:491)
	at org.eclipse.m2e.core.internal.project.registry.ProjectRegistryManager.refresh(ProjectRegistryManager.java:370)
	at org.eclipse.m2e.core.internal.project.registry.ProjectRegistryManager.refresh(ProjectRegistryManager.java:322)
	at org.eclipse.m2e.core.internal.builder.MavenBuilder$BuildMethod.getProjectFacade(MavenBuilder.java:146)
	at org.eclipse.m2e.core.internal.builder.MavenBuilder$BuildMethod.lambda$0(MavenBuilder.java:84)
	at org.eclipse.m2e.core.internal.embedder.MavenExecutionContext.executeBare(MavenExecutionContext.java:458)
	at org.eclipse.m2e.core.internal.embedder.MavenExecutionContext.execute(MavenExecutionContext.java:339)
	at org.eclipse.m2e.core.internal.embedder.MavenExecutionContext.execute(MavenExecutionContext.java:278)
	at org.eclipse.m2e.core.internal.builder.MavenBuilder$BuildMethod.execute(MavenBuilder.java:83)
	at org.eclipse.m2e.core.internal.builder.MavenBuilder.build(MavenBuilder.java:192)
	at org.eclipse.core.internal.events.BuildManager$2.run(BuildManager.java:1077)
	at org.eclipse.core.runtime.SafeRunner.run(SafeRunner.java:47)
	at org.eclipse.core.internal.events.BuildManager.basicBuild(BuildManager.java:296)
	at org.eclipse.core.internal.events.BuildManager.basicBuild(BuildManager.java:352)
	at org.eclipse.core.internal.events.BuildManager$1.run(BuildManager.java:441)
	at org.eclipse.core.runtime.SafeRunner.run(SafeRunner.java:47)
	at org.eclipse.core.internal.events.BuildManager.basicBuild(BuildManager.java:444)
	at org.eclipse.core.internal.events.BuildManager.basicBuildLoop(BuildManager.java:555)
	at org.eclipse.core.internal.events.BuildManager.basicBuildLoop(BuildManager.java:503)
	at org.eclipse.core.internal.events.BuildManager.build(BuildManager.java:585)
	at org.eclipse.core.internal.events.AutoBuildJob.doBuild(AutoBuildJob.java:207)
	at org.eclipse.core.internal.events.AutoBuildJob.run(AutoBuildJob.java:300)
	at org.eclipse.core.internal.jobs.Worker.run(Worker.java:63)
Caused by: org.eclipse.core.runtime.CoreException: ファイルが見つかりません: C:\pleiades\2024-12\workspace\IH13A06_JV31_07\pom.xml.
	at org.eclipse.core.internal.filesystem.Policy.error(Policy.java:32)
	at org.eclipse.core.internal.filesystem.local.LocalFile.handleReadIOException(LocalFile.java:542)
	at org.eclipse.core.internal.filesystem.local.LocalFile.openInputStream(LocalFile.java:523)
	at org.eclipse.core.internal.localstore.FileSystemResourceManager.read(FileSystemResourceManager.java:881)
	... 26 common frames omitted
Caused by: java.io.FileNotFoundException: C:\pleiades\2024-12\workspace\IH13A06_JV31_07\pom.xml (指定されたファイルが見つかりません。)
	at java.base/java.io.FileInputStream.open0(Native Method)
	at java.base/java.io.FileInputStream.open(FileInputStream.java:213)
	at java.base/java.io.FileInputStream.<init>(FileInputStream.java:152)
	at org.eclipse.core.internal.filesystem.local.LocalFile.openInputStream(LocalFile.java:521)
	... 27 common frames omitted
2025-12-04 10:12:39,059 [Worker-1: reload maven project] ERROR o.e.m.c.i.p.r.ProjectRegistryManager - Failed to read Maven project: Some problems were encountered while processing the POMs:
[FATAL] Non-readable POM C:\pleiades\2024-12\workspace\IH13A06_JV31_07\pom.xml: C:\pleiades\2024-12\workspace\IH13A06_JV31_07\pom.xml (指定されたファイルが見つかりません。) @ 

org.apache.maven.project.ProjectBuildingException: Some problems were encountered while processing the POMs:
[FATAL] Non-readable POM C:\pleiades\2024-12\workspace\IH13A06_JV31_07\pom.xml: C:\pleiades\2024-12\workspace\IH13A06_JV31_07\pom.xml (指定されたファイルが見つかりません。) @ 

	at org.eclipse.m2e.core.internal.IMavenToolbox.readMavenProjects(IMavenToolbox.java:140)
	at org.eclipse.m2e.core.internal.project.registry.ProjectRegistryManager.lambda$22(ProjectRegistryManager.java:943)
	at org.eclipse.m2e.core.internal.embedder.MavenExecutionContext.executeBare(MavenExecutionContext.java:458)
	at org.eclipse.m2e.core.internal.embedder.MavenExecutionContext.execute(MavenExecutionContext.java:339)
	at org.eclipse.m2e.core.internal.embedder.MavenExecutionContext.execute(MavenExecutionContext.java:278)
	at org.eclipse.m2e.core.internal.project.registry.ProjectRegistryManager.readProjectsWithDependencies(ProjectRegistryManager.java:939)
	at org.eclipse.m2e.core.internal.project.registry.ProjectRegistryManager.create(ProjectRegistryManager.java:219)
	at org.eclipse.m2e.core.internal.project.registry.MavenProjectManager.create(MavenProjectManager.java:105)
	at org.eclipse.m2e.core.ui.internal.actions.SelectionUtil.getMavenProject(SelectionUtil.java:239)
	at org.eclipse.m2e.editor.pom.MavenPomEditor.readMavenProject(MavenPomEditor.java:709)
	at org.eclipse.m2e.editor.pom.MavenPomEditor$4.run(MavenPomEditor.java:1029)
	at org.eclipse.core.internal.jobs.Worker.run(Worker.java:63)
2025-12-04 10:12:44,163 [Worker-2: Loading available Gradle versions] INFO  o.e.b.c.i.u.g.PublishedGradleVersions - Gradle version information cache is up-to-date. Trying to read.
2025-12-04 10:17:42,500 [Worker-8: Maven プロジェクトのインポート中] INFO  o.e.m.c.i.l.LifecycleMappingFactory - Using org.maven.ide.eclipse.wtp.WarLifecycleMapping lifecycle mapping for MavenProject: com.example:IH13A06_JV31_29_06:1.0-SNAPSHOT @ C:\pleiades\2024-12\workspace\IH13A06_JV31_07\IH13A06_JV31_07\pom.xml.
2025-12-04 10:17:43,398 [Worker-8: Maven プロジェクトのインポート中] INFO  o.e.m.j.i.AbstractJavaProjectConfigurator - Adding source folder /IH13A06_JV31_29_06/src/main/java
2025-12-04 10:17:43,399 [Worker-8: Maven プロジェクトのインポート中] INFO  o.e.m.j.i.AbstractJavaProjectConfigurator - Adding resource folder /IH13A06_JV31_29_06/src/main/resources
2025-12-04 10:17:43,400 [Worker-8: Maven プロジェクトのインポート中] INFO  o.e.m.j.i.AbstractJavaProjectConfigurator - Adding source folder /IH13A06_JV31_29_06/src/test/java
2025-12-04 10:17:43,400 [Worker-8: Maven プロジェクトのインポート中] INFO  o.e.m.j.i.AbstractJavaProjectConfigurator - Adding resource folder /IH13A06_JV31_29_06/src/test/resources
2025-12-04 10:17:44,381 [Worker-8: Maven プロジェクトのインポート中] INFO  o.e.m.c.i.p.ProjectConfigurationManager - Imported and configured 1 project(s) in 2 sec
2025-12-04 10:17:44,974 [Worker-2: ビルド] WARN  o.a.m.s.f.DefaultMavenResourcesFiltering - Using platform encoding (UTF-8 actually) to copy filtered resources, i.e. build is platform dependent!
2025-12-04 10:17:44,980 [Worker-2: ビルド] INFO  o.a.m.s.f.DefaultMavenResourcesFiltering - Copying 1 resource from src\main\resources to target\classes
2025-12-04 10:17:44,985 [Worker-2: ビルド] WARN  o.a.m.s.f.DefaultMavenResourcesFiltering - Using platform encoding (UTF-8 actually) to copy filtered resources, i.e. build is platform dependent!
2025-12-04 10:17:44,986 [Worker-2: ビルド] INFO  o.a.m.s.f.DefaultMavenResourcesFiltering - skip non existing resourceDirectory C:\pleiades\2024-12\workspace\IH13A06_JV31_07\IH13A06_JV31_07\src\test\resources
2025-12-04 10:19:06,622 [Worker-5: Maven プロジェクトのインポート中] INFO  o.e.m.c.i.l.LifecycleMappingFactory - Using org.maven.ide.eclipse.wtp.WarLifecycleMapping lifecycle mapping for MavenProject: com.example:IH13A06_JV31_29_06:1.0-SNAPSHOT @ C:\pleiades\2024-12\workspace\IH13A06_JV31_07\IH13A06_JV31_07\pom.xml.
2025-12-04 10:19:07,509 [Worker-5: Maven プロジェクトのインポート中] INFO  o.e.m.j.i.AbstractJavaProjectConfigurator - Adding source folder /IH13A06_JV31_29_06/src/main/java
2025-12-04 10:19:07,510 [Worker-5: Maven プロジェクトのインポート中] INFO  o.e.m.j.i.AbstractJavaProjectConfigurator - Adding resource folder /IH13A06_JV31_29_06/src/main/resources
2025-12-04 10:19:07,511 [Worker-5: Maven プロジェクトのインポート中] INFO  o.e.m.j.i.AbstractJavaProjectConfigurator - Adding source folder /IH13A06_JV31_29_06/src/test/java
2025-12-04 10:19:07,511 [Worker-5: Maven プロジェクトのインポート中] INFO  o.e.m.j.i.AbstractJavaProjectConfigurator - Adding resource folder /IH13A06_JV31_29_06/src/test/resources
2025-12-04 10:19:08,350 [Worker-5: Maven プロジェクトのインポート中] INFO  o.e.m.c.i.p.ProjectConfigurationManager - Imported and configured 1 project(s) in 2 sec
2025-12-04 10:19:08,930 [Worker-7: ビルド] WARN  o.a.m.s.f.DefaultMavenResourcesFiltering - Using platform encoding (UTF-8 actually) to copy filtered resources, i.e. build is platform dependent!
2025-12-04 10:19:08,936 [Worker-7: ビルド] INFO  o.a.m.s.f.DefaultMavenResourcesFiltering - Copying 1 resource from src\main\resources to target\classes
2025-12-04 10:19:08,941 [Worker-7: ビルド] WARN  o.a.m.s.f.DefaultMavenResourcesFiltering - Using platform encoding (UTF-8 actually) to copy filtered resources, i.e. build is platform dependent!
2025-12-04 10:19:08,942 [Worker-7: ビルド] INFO  o.a.m.s.f.DefaultMavenResourcesFiltering - skip non existing resourceDirectory C:\pleiades\2024-12\workspace\IH13A06_JV31_07\IH13A06_JV31_07\src\test\resources
2025-12-04 10:19:52,593 [Worker-5: Loading available Gradle versions] INFO  o.e.b.c.i.u.g.PublishedGradleVersions - Gradle version information cache is up-to-date. Trying to read.
2025-12-04 10:20:27,710 [Worker-3: ビルド] INFO  o.e.m.c.i.l.LifecycleMappingFactory - Using org.maven.ide.eclipse.wtp.WarLifecycleMapping lifecycle mapping for MavenProject: com.example:IH13A06_JV31_29_06:1.0-SNAPSHOT @ C:\pleiades\2024-12\workspace\IH13A06_JV31_07\IH13A06_JV31_07\pom.xml.
2025-12-04 10:20:28,090 [Worker-3: ビルド] WARN  o.a.m.s.f.DefaultMavenResourcesFiltering - Using platform encoding (UTF-8 actually) to copy filtered resources, i.e. build is platform dependent!
2025-12-04 10:20:28,090 [Worker-3: ビルド] INFO  o.a.m.s.f.DefaultMavenResourcesFiltering - Copying 1 resource from src\main\resources to target\classes
2025-12-04 10:20:28,090 [Worker-3: ビルド] WARN  o.a.m.s.f.DefaultMavenResourcesFiltering - Using platform encoding (UTF-8 actually) to copy filtered resources, i.e. build is platform dependent!
2025-12-04 10:20:28,090 [Worker-3: ビルド] INFO  o.a.m.s.f.DefaultMavenResourcesFiltering - skip non existing resourceDirectory C:\pleiades\2024-12\workspace\IH13A06_JV31_07\IH13A06_JV31_07\src\test\resources
2025-12-04 10:21:47,069 [Worker-8: 選択したプロジェクトのクリーニング] INFO  o.e.m.w.i.f.ResourceFilteringBuildParticipant - Cleaning filtered folder for IH13A06_JV31_07
2025-12-04 10:21:47,873 [Worker-4: ビルド] WARN  o.a.m.s.f.DefaultMavenResourcesFiltering - Using platform encoding (UTF-8 actually) to copy filtered resources, i.e. build is platform dependent!
2025-12-04 10:21:47,876 [Worker-4: ビルド] INFO  o.a.m.s.f.DefaultMavenResourcesFiltering - Copying 1 resource from src\main\resources to target\classes
2025-12-04 10:21:47,882 [Worker-4: ビルド] WARN  o.a.m.s.f.DefaultMavenResourcesFiltering - Using platform encoding (UTF-8 actually) to copy filtered resources, i.e. build is platform dependent!
2025-12-04 10:21:47,883 [Worker-4: ビルド] INFO  o.a.m.s.f.DefaultMavenResourcesFiltering - skip non existing resourceDirectory C:\pleiades\2024-12\workspace\IH13A06_JV31_07\IH13A06_JV31_07\src\test\resources
2025-12-04 10:21:47,883 [Worker-4: ビルド] INFO  o.e.m.w.i.f.ResourceFilteringBuildParticipant - Changed resources require a complete clean of filtered resources of IH13A06_JV31_07
2025-12-04 10:21:47,884 [Worker-4: ビルド] INFO  o.e.m.w.i.f.ResourceFilteringBuildParticipant - Executing resource filtering for IH13A06_JV31_07
2025-12-04 10:21:48,611 [Worker-2: Loading available Gradle versions] INFO  o.e.b.c.i.u.g.PublishedGradleVersions - Gradle version information cache is up-to-date. Trying to read.
2025-12-04 10:23:56,569 [Worker-2: ビルド] INFO  o.e.m.c.i.l.LifecycleMappingFactory - Using org.maven.ide.eclipse.wtp.WarLifecycleMapping lifecycle mapping for MavenProject: com.example:IH13A06_JV31_29_07:1.0-SNAPSHOT @ C:\pleiades\2024-12\workspace\IH13A06_JV31_07\IH13A06_JV31_07\pom.xml.
2025-12-04 10:23:57,067 [Worker-2: ビルド] WARN  o.a.m.s.f.DefaultMavenResourcesFiltering - Using platform encoding (UTF-8 actually) to copy filtered resources, i.e. build is platform dependent!
2025-12-04 10:23:57,069 [Worker-2: ビルド] INFO  o.a.m.s.f.DefaultMavenResourcesFiltering - Copying 0 resource from src\main\resources to target\classes
2025-12-04 10:23:57,071 [Worker-2: ビルド] WARN  o.a.m.s.f.DefaultMavenResourcesFiltering - Using platform encoding (UTF-8 actually) to copy filtered resources, i.e. build is platform dependent!
2025-12-04 10:23:57,072 [Worker-2: ビルド] INFO  o.a.m.s.f.DefaultMavenResourcesFiltering - skip non existing resourceDirectory C:\pleiades\2024-12\workspace\IH13A06_JV31_07\IH13A06_JV31_07\src\test\resources
2025-12-04 10:23:57,072 [Worker-2: ビルド] INFO  o.e.m.w.i.f.ResourceFilteringBuildParticipant - Changed resources require a complete clean of filtered resources of IH13A06_JV31_07
2025-12-04 10:23:57,072 [Worker-2: ビルド] INFO  o.e.m.w.i.f.ResourceFilteringBuildParticipant - Executing resource filtering for IH13A06_JV31_07
2025-12-04 10:24:01,865 [Worker-2: ビルド] INFO  o.e.m.c.i.l.LifecycleMappingFactory - Using org.maven.ide.eclipse.wtp.WarLifecycleMapping lifecycle mapping for MavenProject: com.example:IH13A06_JV31_07:1.0-SNAPSHOT @ C:\pleiades\2024-12\workspace\IH13A06_JV31_07\IH13A06_JV31_07\pom.xml.
2025-12-04 10:24:02,293 [Worker-2: ビルド] WARN  o.a.m.s.f.DefaultMavenResourcesFiltering - Using platform encoding (UTF-8 actually) to copy filtered resources, i.e. build is platform dependent!
2025-12-04 10:24:02,294 [Worker-2: ビルド] INFO  o.a.m.s.f.DefaultMavenResourcesFiltering - Copying 0 resource from src\main\resources to target\classes
2025-12-04 10:24:02,297 [Worker-2: ビルド] WARN  o.a.m.s.f.DefaultMavenResourcesFiltering - Using platform encoding (UTF-8 actually) to copy filtered resources, i.e. build is platform dependent!
2025-12-04 10:24:02,297 [Worker-2: ビルド] INFO  o.a.m.s.f.DefaultMavenResourcesFiltering - skip non existing resourceDirectory C:\pleiades\2024-12\workspace\IH13A06_JV31_07\IH13A06_JV31_07\src\test\resources
2025-12-04 10:24:02,297 [Worker-2: ビルド] INFO  o.e.m.w.i.f.ResourceFilteringBuildParticipant - Changed resources require a complete clean of filtered resources of IH13A06_JV31_07
2025-12-04 10:24:02,297 [Worker-2: ビルド] INFO  o.e.m.w.i.f.ResourceFilteringBuildParticipant - Executing resource filtering for IH13A06_JV31_07
2025-12-04 10:24:07,631 [Worker-7: ビルド] INFO  o.e.m.c.i.l.LifecycleMappingFactory - Using org.maven.ide.eclipse.wtp.WarLifecycleMapping lifecycle mapping for MavenProject: com.example:IH13A06_JV31_29_07:1.0-SNAPSHOT @ C:\pleiades\2024-12\workspace\IH13A06_JV31_07\IH13A06_JV31_07\pom.xml.
2025-12-04 10:24:07,958 [Worker-7: ビルド] WARN  o.a.m.s.f.DefaultMavenResourcesFiltering - Using platform encoding (UTF-8 actually) to copy filtered resources, i.e. build is platform dependent!
2025-12-04 10:24:07,960 [Worker-7: ビルド] INFO  o.a.m.s.f.DefaultMavenResourcesFiltering - Copying 0 resource from src\main\resources to target\classes
2025-12-04 10:24:07,962 [Worker-7: ビルド] WARN  o.a.m.s.f.DefaultMavenResourcesFiltering - Using platform encoding (UTF-8 actually) to copy filtered resources, i.e. build is platform dependent!
2025-12-04 10:24:07,963 [Worker-7: ビルド] INFO  o.a.m.s.f.DefaultMavenResourcesFiltering - skip non existing resourceDirectory C:\pleiades\2024-12\workspace\IH13A06_JV31_07\IH13A06_JV31_07\src\test\resources
2025-12-04 10:24:07,963 [Worker-7: ビルド] INFO  o.e.m.w.i.f.ResourceFilteringBuildParticipant - Changed resources require a complete clean of filtered resources of IH13A06_JV31_07
2025-12-04 10:24:07,963 [Worker-7: ビルド] INFO  o.e.m.w.i.f.ResourceFilteringBuildParticipant - Executing resource filtering for IH13A06_JV31_07
2025-12-04 10:25:52,115 [Worker-6: Maven 依存関係の更新中] INFO  o.e.m.c.i.l.LifecycleMappingFactory - Using org.maven.ide.eclipse.wtp.WarLifecycleMapping lifecycle mapping for MavenProject: com.example:IH13A06_JV31_29_05:1.0-SNAPSHOT @ C:\pleiades\2024-12\workspace\IH13A06_JV31_29_05\pom.xml.
2025-12-04 10:26:02,420 [Worker-4: Maven プロジェクトのインポート中] INFO  o.e.m.c.i.l.LifecycleMappingFactory - Using org.maven.ide.eclipse.wtp.WarLifecycleMapping lifecycle mapping for MavenProject: com.example:IH13A06_JV31_29_06:1.0-SNAPSHOT @ C:\pleiades\2024-12\workspace\IH13A06_JV31_07\pom.xml.
2025-12-04 10:26:02,746 [Worker-4: Maven プロジェクトのインポート中] INFO  o.e.m.j.i.AbstractJavaProjectConfigurator - Adding source folder /IH13A06_JV31_07/src/main/java
2025-12-04 10:26:02,747 [Worker-4: Maven プロジェクトのインポート中] INFO  o.e.m.j.i.AbstractJavaProjectConfigurator - Adding resource folder /IH13A06_JV31_07/src/main/resources
2025-12-04 10:26:02,748 [Worker-4: Maven プロジェクトのインポート中] INFO  o.e.m.j.i.AbstractJavaProjectConfigurator - Adding source folder /IH13A06_JV31_07/src/test/java
2025-12-04 10:26:02,748 [Worker-4: Maven プロジェクトのインポート中] INFO  o.e.m.j.i.AbstractJavaProjectConfigurator - Adding resource folder /IH13A06_JV31_07/src/test/resources
2025-12-04 10:26:03,354 [Worker-4: Maven プロジェクトのインポート中] INFO  o.e.m.c.i.p.ProjectConfigurationManager - Imported and configured 1 project(s) in 0 sec
2025-12-04 10:26:04,256 [Worker-0: ビルド] WARN  o.a.m.s.f.DefaultMavenResourcesFiltering - Using platform encoding (UTF-8 actually) to copy filtered resources, i.e. build is platform dependent!
2025-12-04 10:26:04,262 [Worker-0: ビルド] INFO  o.a.m.s.f.DefaultMavenResourcesFiltering - Copying 1 resource from src\main\resources to target\classes
2025-12-04 10:26:04,267 [Worker-0: ビルド] WARN  o.a.m.s.f.DefaultMavenResourcesFiltering - Using platform encoding (UTF-8 actually) to copy filtered resources, i.e. build is platform dependent!
2025-12-04 10:26:04,268 [Worker-0: ビルド] INFO  o.a.m.s.f.DefaultMavenResourcesFiltering - skip non existing resourceDirectory C:\pleiades\2024-12\workspace\IH13A06_JV31_07\src\test\resources
2025-12-04 10:26:06,592 [Worker-4: Loading available Gradle versions] INFO  o.e.b.c.i.u.g.PublishedGradleVersions - Gradle version information cache is up-to-date. Trying to read.
2025-12-04 10:27:44,495 [Worker-0: ビルド] INFO  o.e.m.c.i.l.LifecycleMappingFactory - Using org.maven.ide.eclipse.wtp.WarLifecycleMapping lifecycle mapping for MavenProject: com.example:IH13A06_JV31_29_06:1.0-SNAPSHOT @ C:\pleiades\2024-12\workspace\IH13A06_JV31_07\pom.xml.
2025-12-04 10:27:44,990 [Worker-0: ビルド] WARN  o.a.m.s.f.DefaultMavenResourcesFiltering - Using platform encoding (UTF-8 actually) to copy filtered resources, i.e. build is platform dependent!
2025-12-04 10:27:44,992 [Worker-0: ビルド] INFO  o.a.m.s.f.DefaultMavenResourcesFiltering - Copying 0 resource from src\main\resources to target\classes
2025-12-04 10:27:44,994 [Worker-0: ビルド] WARN  o.a.m.s.f.DefaultMavenResourcesFiltering - Using platform encoding (UTF-8 actually) to copy filtered resources, i.e. build is platform dependent!
2025-12-04 10:27:44,995 [Worker-0: ビルド] INFO  o.a.m.s.f.DefaultMavenResourcesFiltering - skip non existing resourceDirectory C:\pleiades\2024-12\workspace\IH13A06_JV31_07\src\test\resources
2025-12-04 10:27:44,995 [Worker-0: ビルド] INFO  o.e.m.w.i.f.ResourceFilteringBuildParticipant - Changed resources require a complete clean of filtered resources of IH13A06_JV31_07
2025-12-04 10:27:44,996 [Worker-0: ビルド] INFO  o.e.m.w.i.f.ResourceFilteringBuildParticipant - Executing resource filtering for IH13A06_JV31_07
2025-12-04 10:27:46,464 [Worker-2: ビルド] WARN  o.a.m.s.f.DefaultMavenResourcesFiltering - Using platform encoding (UTF-8 actually) to copy filtered resources, i.e. build is platform dependent!
2025-12-04 10:27:46,464 [Worker-2: ビルド] INFO  o.a.m.s.f.DefaultMavenResourcesFiltering - Copying 1 resource from src\main\resources to target\classes
2025-12-04 10:27:46,468 [Worker-2: ビルド] WARN  o.a.m.s.f.DefaultMavenResourcesFiltering - Using platform encoding (UTF-8 actually) to copy filtered resources, i.e. build is platform dependent!
2025-12-04 10:27:46,469 [Worker-2: ビルド] INFO  o.a.m.s.f.DefaultMavenResourcesFiltering - skip non existing resourceDirectory C:\pleiades\2024-12\workspace\IH13A06_JV31_07\src\test\resources
2025-12-04 10:27:53,606 [Worker-0: 選択したプロジェクトのクリーニング] INFO  o.e.m.w.i.f.ResourceFilteringBuildParticipant - Cleaning filtered folder for IH13A06_JV31_07
2025-12-04 10:27:53,823 [Worker-7: ビルド] WARN  o.a.m.s.f.DefaultMavenResourcesFiltering - Using platform encoding (UTF-8 actually) to copy filtered resources, i.e. build is platform dependent!
2025-12-04 10:27:53,824 [Worker-7: ビルド] INFO  o.a.m.s.f.DefaultMavenResourcesFiltering - Copying 1 resource from src\main\resources to target\classes
2025-12-04 10:27:53,826 [Worker-7: ビルド] WARN  o.a.m.s.f.DefaultMavenResourcesFiltering - Using platform encoding (UTF-8 actually) to copy filtered resources, i.e. build is platform dependent!
2025-12-04 10:27:53,827 [Worker-7: ビルド] INFO  o.a.m.s.f.DefaultMavenResourcesFiltering - skip non existing resourceDirectory C:\pleiades\2024-12\workspace\IH13A06_JV31_07\src\test\resources
2025-12-04 10:27:53,827 [Worker-7: ビルド] INFO  o.e.m.w.i.f.ResourceFilteringBuildParticipant - Changed resources require a complete clean of filtered resources of IH13A06_JV31_07
2025-12-04 10:27:53,827 [Worker-7: ビルド] INFO  o.e.m.w.i.f.ResourceFilteringBuildParticipant - Executing resource filtering for IH13A06_JV31_07
2025-12-04 10:29:38,084 [Worker-1: ビルド] WARN  o.a.m.s.f.DefaultMavenResourcesFiltering - Using platform encoding (UTF-8 actually) to copy filtered resources, i.e. build is platform dependent!
2025-12-04 10:29:38,085 [Worker-1: ビルド] INFO  o.a.m.s.f.DefaultMavenResourcesFiltering - Copying 0 resource from src\main\resources to target\classes
2025-12-04 10:29:38,086 [Worker-1: ビルド] WARN  o.a.m.s.f.DefaultMavenResourcesFiltering - Using platform encoding (UTF-8 actually) to copy filtered resources, i.e. build is platform dependent!
2025-12-04 10:29:38,087 [Worker-1: ビルド] INFO  o.a.m.s.f.DefaultMavenResourcesFiltering - skip non existing resourceDirectory C:\pleiades\2024-12\workspace\IH13A06_JV31_07\src\test\resources
2025-12-04 10:29:40,999 [Worker-5: 選択したプロジェクトのクリーニング] INFO  o.e.m.w.i.f.ResourceFilteringBuildParticipant - Cleaning filtered folder for IH13A06_JV31_07
2025-12-04 10:29:41,196 [Worker-6: ビルド] WARN  o.a.m.s.f.DefaultMavenResourcesFiltering - Using platform encoding (UTF-8 actually) to copy filtered resources, i.e. build is platform dependent!
2025-12-04 10:29:41,197 [Worker-6: ビルド] INFO  o.a.m.s.f.DefaultMavenResourcesFiltering - Copying 1 resource from src\main\resources to target\classes
2025-12-04 10:29:41,199 [Worker-6: ビルド] WARN  o.a.m.s.f.DefaultMavenResourcesFiltering - Using platform encoding (UTF-8 actually) to copy filtered resources, i.e. build is platform dependent!
2025-12-04 10:29:41,200 [Worker-6: ビルド] INFO  o.a.m.s.f.DefaultMavenResourcesFiltering - skip non existing resourceDirectory C:\pleiades\2024-12\workspace\IH13A06_JV31_07\src\test\resources
2025-12-04 10:29:41,200 [Worker-6: ビルド] INFO  o.e.m.w.i.f.ResourceFilteringBuildParticipant - Changed resources require a complete clean of filtered resources of IH13A06_JV31_07
2025-12-04 10:29:41,200 [Worker-6: ビルド] INFO  o.e.m.w.i.f.ResourceFilteringBuildParticipant - Executing resource filtering for IH13A06_JV31_07
2025-12-04 10:30:55,215 [Worker-1: ビルド] INFO  o.e.m.c.i.l.LifecycleMappingFactory - Using org.maven.ide.eclipse.wtp.WarLifecycleMapping lifecycle mapping for MavenProject: com.example:IH13A06_JV31_29_06:1.0-SNAPSHOT @ C:\pleiades\2024-12\workspace\IH13A06_JV31_07\pom.xml.
2025-12-04 10:30:55,711 [Worker-1: ビルド] INFO  o.e.m.c.i.e.AbstractTransferListenerAdapter - Downloading https://repo.maven.apache.org/maven2/org/glassfish/web/jakarta.servlet.jsp.jstl/2.0.0/jakarta.servlet.jsp.jstl-2.0.0.pom
2025-12-04 10:30:55,720 [Worker-1: ビルド] INFO  o.e.m.c.i.e.AbstractTransferListenerAdapter - Downloaded https://repo.maven.apache.org/maven2/org/glassfish/web/jakarta.servlet.jsp.jstl/2.0.0/jakarta.servlet.jsp.jstl-2.0.0.pom
2025-12-04 10:30:55,804 [Worker-1: ビルド] INFO  o.e.m.c.i.e.AbstractTransferListenerAdapter - Downloading https://repo.maven.apache.org/maven2/jakarta/servlet/jsp/jstl/jakarta.servlet.jsp.jstl-api/2.0.0/jakarta.servlet.jsp.jstl-api-2.0.0.pom
2025-12-04 10:30:55,807 [Worker-1: ビルド] INFO  o.e.m.c.i.e.AbstractTransferListenerAdapter - Downloaded https://repo.maven.apache.org/maven2/jakarta/servlet/jsp/jstl/jakarta.servlet.jsp.jstl-api/2.0.0/jakarta.servlet.jsp.jstl-api-2.0.0.pom
2025-12-04 10:30:55,917 [Worker-1: ビルド] INFO  o.e.m.c.i.e.AbstractTransferListenerAdapter - Downloading https://repo.maven.apache.org/maven2/jakarta/el/jakarta.el-api/4.0.0/jakarta.el-api-4.0.0.pom
2025-12-04 10:30:55,921 [Worker-1: ビルド] INFO  o.e.m.c.i.e.AbstractTransferListenerAdapter - Downloaded https://repo.maven.apache.org/maven2/jakarta/el/jakarta.el-api/4.0.0/jakarta.el-api-4.0.0.pom
2025-12-04 10:30:56,003 [Worker-1: ビルド] INFO  o.e.m.c.i.e.AbstractTransferListenerAdapter - Downloading https://repo.maven.apache.org/maven2/jakarta/xml/bind/jakarta.xml.bind-api/3.0.0/jakarta.xml.bind-api-3.0.0.pom
2025-12-04 10:30:56,006 [Worker-1: ビルド] INFO  o.e.m.c.i.e.AbstractTransferListenerAdapter - Downloaded https://repo.maven.apache.org/maven2/jakarta/xml/bind/jakarta.xml.bind-api/3.0.0/jakarta.xml.bind-api-3.0.0.pom
2025-12-04 10:30:56,074 [Worker-1: ビルド] INFO  o.e.m.c.i.e.AbstractTransferListenerAdapter - Downloading https://repo.maven.apache.org/maven2/jakarta/xml/bind/jakarta.xml.bind-api-parent/3.0.0/jakarta.xml.bind-api-parent-3.0.0.pom
2025-12-04 10:30:56,077 [Worker-1: ビルド] INFO  o.e.m.c.i.e.AbstractTransferListenerAdapter - Downloaded https://repo.maven.apache.org/maven2/jakarta/xml/bind/jakarta.xml.bind-api-parent/3.0.0/jakarta.xml.bind-api-parent-3.0.0.pom
2025-12-04 10:30:56,177 [Worker-1: ビルド] INFO  o.e.m.c.i.e.AbstractTransferListenerAdapter - Downloading https://repo.maven.apache.org/maven2/com/sun/activation/jakarta.activation/2.0.0/jakarta.activation-2.0.0.pom
2025-12-04 10:30:56,181 [Worker-1: ビルド] INFO  o.e.m.c.i.e.AbstractTransferListenerAdapter - Downloaded https://repo.maven.apache.org/maven2/com/sun/activation/jakarta.activation/2.0.0/jakarta.activation-2.0.0.pom
2025-12-04 10:30:56,270 [Worker-1: ビルド] INFO  o.e.m.c.i.e.AbstractTransferListenerAdapter - Downloading https://repo.maven.apache.org/maven2/com/sun/activation/all/2.0.0/all-2.0.0.pom
2025-12-04 10:30:56,276 [Worker-1: ビルド] INFO  o.e.m.c.i.e.AbstractTransferListenerAdapter - Downloaded https://repo.maven.apache.org/maven2/com/sun/activation/all/2.0.0/all-2.0.0.pom
2025-12-04 10:30:56,439 [Worker-1: ビルド] INFO  o.e.m.c.i.e.AbstractTransferListenerAdapter - Downloading https://repo.maven.apache.org/maven2/org/glassfish/web/jakarta.servlet.jsp.jstl/2.0.0/jakarta.servlet.jsp.jstl-2.0.0.jar
2025-12-04 10:30:58,592 [Worker-1: ビルド] INFO  o.e.m.c.i.e.AbstractTransferListenerAdapter - Downloaded https://repo.maven.apache.org/maven2/org/glassfish/web/jakarta.servlet.jsp.jstl/2.0.0/jakarta.servlet.jsp.jstl-2.0.0.jar
2025-12-04 10:30:58,679 [BasicRepositoryConnector-repo.maven.apache.org-0-0] INFO  o.e.m.c.i.e.AbstractTransferListenerAdapter - Downloading https://repo.maven.apache.org/maven2/jakarta/servlet/jsp/jstl/jakarta.servlet.jsp.jstl-api/2.0.0/jakarta.servlet.jsp.jstl-api-2.0.0.jar
2025-12-04 10:30:58,713 [BasicRepositoryConnector-repo.maven.apache.org-0-0] INFO  o.e.m.c.i.e.AbstractTransferListenerAdapter - Downloaded https://repo.maven.apache.org/maven2/jakarta/servlet/jsp/jstl/jakarta.servlet.jsp.jstl-api/2.0.0/jakarta.servlet.jsp.jstl-api-2.0.0.jar
2025-12-04 10:30:58,797 [BasicRepositoryConnector-repo.maven.apache.org-0-1] INFO  o.e.m.c.i.e.AbstractTransferListenerAdapter - Downloading https://repo.maven.apache.org/maven2/jakarta/el/jakarta.el-api/4.0.0/jakarta.el-api-4.0.0.jar
2025-12-04 10:30:58,825 [BasicRepositoryConnector-repo.maven.apache.org-0-2] INFO  o.e.m.c.i.e.AbstractTransferListenerAdapter - Downloading https://repo.maven.apache.org/maven2/jakarta/xml/bind/jakarta.xml.bind-api/3.0.0/jakarta.xml.bind-api-3.0.0.jar
2025-12-04 10:30:58,880 [BasicRepositoryConnector-repo.maven.apache.org-0-3] INFO  o.e.m.c.i.e.AbstractTransferListenerAdapter - Downloading https://repo.maven.apache.org/maven2/com/sun/activation/jakarta.activation/2.0.0/jakarta.activation-2.0.0.jar
2025-12-04 10:30:58,937 [BasicRepositoryConnector-repo.maven.apache.org-0-1] INFO  o.e.m.c.i.e.AbstractTransferListenerAdapter - Downloaded https://repo.maven.apache.org/maven2/jakarta/el/jakarta.el-api/4.0.0/jakarta.el-api-4.0.0.jar
2025-12-04 10:30:58,946 [BasicRepositoryConnector-repo.maven.apache.org-0-3] INFO  o.e.m.c.i.e.AbstractTransferListenerAdapter - Downloaded https://repo.maven.apache.org/maven2/com/sun/activation/jakarta.activation/2.0.0/jakarta.activation-2.0.0.jar
2025-12-04 10:30:58,974 [BasicRepositoryConnector-repo.maven.apache.org-0-2] INFO  o.e.m.c.i.e.AbstractTransferListenerAdapter - Downloaded https://repo.maven.apache.org/maven2/jakarta/xml/bind/jakarta.xml.bind-api/3.0.0/jakarta.xml.bind-api-3.0.0.jar
2025-12-04 10:30:59,725 [Worker-1: ビルド] WARN  o.a.m.s.f.DefaultMavenResourcesFiltering - Using platform encoding (UTF-8 actually) to copy filtered resources, i.e. build is platform dependent!
2025-12-04 10:30:59,727 [Worker-1: ビルド] INFO  o.a.m.s.f.DefaultMavenResourcesFiltering - Copying 0 resource from src\main\resources to target\classes
2025-12-04 10:30:59,730 [Worker-1: ビルド] WARN  o.a.m.s.f.DefaultMavenResourcesFiltering - Using platform encoding (UTF-8 actually) to copy filtered resources, i.e. build is platform dependent!
2025-12-04 10:30:59,730 [Worker-1: ビルド] INFO  o.a.m.s.f.DefaultMavenResourcesFiltering - skip non existing resourceDirectory C:\pleiades\2024-12\workspace\IH13A06_JV31_07\src\test\resources
2025-12-04 10:30:59,730 [Worker-1: ビルド] INFO  o.e.m.w.i.f.ResourceFilteringBuildParticipant - Changed resources require a complete clean of filtered resources of IH13A06_JV31_07
2025-12-04 10:30:59,730 [Worker-1: ビルド] INFO  o.e.m.w.i.f.ResourceFilteringBuildParticipant - Executing resource filtering for IH13A06_JV31_07
2025-12-04 10:31:00,086 [Worker-2: 選択したプロジェクトのクリーニング] INFO  o.e.m.w.i.f.ResourceFilteringBuildParticipant - Cleaning filtered folder for IH13A06_JV31_07
2025-12-04 10:31:00,876 [Worker-8: ソースおよび Javadoc のダウンロード] INFO  o.e.m.c.i.e.AbstractTransferListenerAdapter - Downloading https://repo.maven.apache.org/maven2/org/glassfish/web/jakarta.servlet.jsp.jstl/2.0.0/jakarta.servlet.jsp.jstl-2.0.0-sources.jar
2025-12-04 10:31:01,330 [Worker-8: ソースおよび Javadoc のダウンロード] INFO  o.e.m.c.i.e.AbstractTransferListenerAdapter - Downloaded https://repo.maven.apache.org/maven2/org/glassfish/web/jakarta.servlet.jsp.jstl/2.0.0/jakarta.servlet.jsp.jstl-2.0.0-sources.jar
2025-12-04 10:31:01,333 [Worker-8: ソースおよび Javadoc のダウンロード] INFO  o.e.m.j.internal.DownloadSourcesJob - Downloaded sources for org.glassfish.web:jakarta.servlet.jsp.jstl:2.0.0
2025-12-04 10:31:01,450 [Worker-2: ビルド] WARN  o.a.m.s.f.DefaultMavenResourcesFiltering - Using platform encoding (UTF-8 actually) to copy filtered resources, i.e. build is platform dependent!
2025-12-04 10:31:01,452 [Worker-2: ビルド] INFO  o.a.m.s.f.DefaultMavenResourcesFiltering - Copying 1 resource from src\main\resources to target\classes
2025-12-04 10:31:01,463 [Worker-2: ビルド] WARN  o.a.m.s.f.DefaultMavenResourcesFiltering - Using platform encoding (UTF-8 actually) to copy filtered resources, i.e. build is platform dependent!
2025-12-04 10:31:01,464 [Worker-2: ビルド] INFO  o.a.m.s.f.DefaultMavenResourcesFiltering - skip non existing resourceDirectory C:\pleiades\2024-12\workspace\IH13A06_JV31_07\src\test\resources
2025-12-04 10:31:01,464 [Worker-2: ビルド] INFO  o.e.m.w.i.f.ResourceFilteringBuildParticipant - Changed resources require a complete clean of filtered resources of IH13A06_JV31_07
2025-12-04 10:31:01,464 [Worker-2: ビルド] INFO  o.e.m.w.i.f.ResourceFilteringBuildParticipant - Executing resource filtering for IH13A06_JV31_07
2025-12-04 10:31:01,571 [Worker-8: ソースおよび Javadoc のダウンロード] INFO  o.e.m.c.i.e.AbstractTransferListenerAdapter - Downloading https://repo.maven.apache.org/maven2/jakarta/servlet/jsp/jstl/jakarta.servlet.jsp.jstl-api/2.0.0/jakarta.servlet.jsp.jstl-api-2.0.0-sources.jar
2025-12-04 10:31:01,596 [Worker-8: ソースおよび Javadoc のダウンロード] INFO  o.e.m.c.i.e.AbstractTransferListenerAdapter - Downloaded https://repo.maven.apache.org/maven2/jakarta/servlet/jsp/jstl/jakarta.servlet.jsp.jstl-api/2.0.0/jakarta.servlet.jsp.jstl-api-2.0.0-sources.jar
2025-12-04 10:31:01,599 [Worker-8: ソースおよび Javadoc のダウンロード] INFO  o.e.m.j.internal.DownloadSourcesJob - Downloaded sources for jakarta.servlet.jsp.jstl:jakarta.servlet.jsp.jstl-api:2.0.0
2025-12-04 10:31:01,785 [Worker-8: ソースおよび Javadoc のダウンロード] INFO  o.e.m.c.i.e.AbstractTransferListenerAdapter - Downloading https://repo.maven.apache.org/maven2/jakarta/el/jakarta.el-api/4.0.0/jakarta.el-api-4.0.0-sources.jar
2025-12-04 10:31:01,855 [Worker-8: ソースおよび Javadoc のダウンロード] INFO  o.e.m.c.i.e.AbstractTransferListenerAdapter - Downloaded https://repo.maven.apache.org/maven2/jakarta/el/jakarta.el-api/4.0.0/jakarta.el-api-4.0.0-sources.jar
2025-12-04 10:31:01,858 [Worker-8: ソースおよび Javadoc のダウンロード] INFO  o.e.m.j.internal.DownloadSourcesJob - Downloaded sources for jakarta.el:jakarta.el-api:4.0.0
2025-12-04 10:31:02,037 [Worker-8: ソースおよび Javadoc のダウンロード] INFO  o.e.m.c.i.e.AbstractTransferListenerAdapter - Downloading https://repo.maven.apache.org/maven2/jakarta/xml/bind/jakarta.xml.bind-api/3.0.0/jakarta.xml.bind-api-3.0.0-sources.jar
2025-12-04 10:31:02,192 [Worker-8: ソースおよび Javadoc のダウンロード] INFO  o.e.m.c.i.e.AbstractTransferListenerAdapter - Downloaded https://repo.maven.apache.org/maven2/jakarta/xml/bind/jakarta.xml.bind-api/3.0.0/jakarta.xml.bind-api-3.0.0-sources.jar
2025-12-04 10:31:02,194 [Worker-8: ソースおよび Javadoc のダウンロード] INFO  o.e.m.j.internal.DownloadSourcesJob - Downloaded sources for jakarta.xml.bind:jakarta.xml.bind-api:3.0.0
2025-12-04 10:31:02,346 [Worker-8: ソースおよび Javadoc のダウンロード] INFO  o.e.m.c.i.e.AbstractTransferListenerAdapter - Downloading https://repo.maven.apache.org/maven2/com/sun/activation/jakarta.activation/2.0.0/jakarta.activation-2.0.0-sources.jar
2025-12-04 10:31:02,369 [Worker-8: ソースおよび Javadoc のダウンロード] INFO  o.e.m.c.i.e.AbstractTransferListenerAdapter - Downloaded https://repo.maven.apache.org/maven2/com/sun/activation/jakarta.activation/2.0.0/jakarta.activation-2.0.0-sources.jar
2025-12-04 10:31:02,371 [Worker-8: ソースおよび Javadoc のダウンロード] INFO  o.e.m.j.internal.DownloadSourcesJob - Downloaded sources for com.sun.activation:jakarta.activation:2.0.0
2025-12-04 10:31:05,543 [Worker-10: ビルド] WARN  o.a.m.s.f.DefaultMavenResourcesFiltering - Using platform encoding (UTF-8 actually) to copy filtered resources, i.e. build is platform dependent!
2025-12-04 10:31:05,545 [Worker-10: ビルド] INFO  o.a.m.s.f.DefaultMavenResourcesFiltering - Copying 1 resource from src\main\resources to target\classes
2025-12-04 10:31:05,546 [Worker-10: ビルド] WARN  o.a.m.s.f.DefaultMavenResourcesFiltering - Using platform encoding (UTF-8 actually) to copy filtered resources, i.e. build is platform dependent!
2025-12-04 10:31:05,547 [Worker-10: ビルド] INFO  o.a.m.s.f.DefaultMavenResourcesFiltering - skip non existing resourceDirectory C:\pleiades\2024-12\workspace\IH13A06_JV31_07\src\test\resources
2025-12-04 10:31:42,091 [Worker-2: 選択したプロジェクトのクリーニング] INFO  o.e.m.w.i.f.ResourceFilteringBuildParticipant - Cleaning filtered folder for IH13A06_JV31_07
2025-12-04 10:31:42,440 [Worker-3: ビルド] WARN  o.a.m.s.f.DefaultMavenResourcesFiltering - Using platform encoding (UTF-8 actually) to copy filtered resources, i.e. build is platform dependent!
2025-12-04 10:31:42,441 [Worker-3: ビルド] INFO  o.a.m.s.f.DefaultMavenResourcesFiltering - Copying 1 resource from src\main\resources to target\classes
2025-12-04 10:31:42,444 [Worker-3: ビルド] WARN  o.a.m.s.f.DefaultMavenResourcesFiltering - Using platform encoding (UTF-8 actually) to copy filtered resources, i.e. build is platform dependent!
2025-12-04 10:31:42,444 [Worker-3: ビルド] INFO  o.a.m.s.f.DefaultMavenResourcesFiltering - skip non existing resourceDirectory C:\pleiades\2024-12\workspace\IH13A06_JV31_07\src\test\resources
2025-12-04 10:31:42,445 [Worker-3: ビルド] INFO  o.e.m.w.i.f.ResourceFilteringBuildParticipant - Changed resources require a complete clean of filtered resources of IH13A06_JV31_07
2025-12-04 10:31:42,445 [Worker-3: ビルド] INFO  o.e.m.w.i.f.ResourceFilteringBuildParticipant - Executing resource filtering for IH13A06_JV31_07
2025-12-04 10:33:31,944 [Worker-2: ビルド] WARN  o.a.m.s.f.DefaultMavenResourcesFiltering - Using platform encoding (UTF-8 actually) to copy filtered resources, i.e. build is platform dependent!
2025-12-04 10:33:31,946 [Worker-2: ビルド] INFO  o.a.m.s.f.DefaultMavenResourcesFiltering - Copying 0 resource from src\main\resources to target\classes
2025-12-04 10:33:31,947 [Worker-2: ビルド] WARN  o.a.m.s.f.DefaultMavenResourcesFiltering - Using platform encoding (UTF-8 actually) to copy filtered resources, i.e. build is platform dependent!
2025-12-04 10:33:31,947 [Worker-2: ビルド] INFO  o.a.m.s.f.DefaultMavenResourcesFiltering - skip non existing resourceDirectory C:\pleiades\2024-12\workspace\IH13A06_JV31_07\src\test\resources
2025-12-04 10:33:34,543 [Worker-1: 選択したプロジェクトのクリーニング] INFO  o.e.m.w.i.f.ResourceFilteringBuildParticipant - Cleaning filtered folder for IH13A06_JV31_07
2025-12-04 10:33:34,811 [Worker-2: ビルド] WARN  o.a.m.s.f.DefaultMavenResourcesFiltering - Using platform encoding (UTF-8 actually) to copy filtered resources, i.e. build is platform dependent!
2025-12-04 10:33:34,812 [Worker-2: ビルド] INFO  o.a.m.s.f.DefaultMavenResourcesFiltering - Copying 1 resource from src\main\resources to target\classes
2025-12-04 10:33:34,815 [Worker-2: ビルド] WARN  o.a.m.s.f.DefaultMavenResourcesFiltering - Using platform encoding (UTF-8 actually) to copy filtered resources, i.e. build is platform dependent!
2025-12-04 10:33:34,815 [Worker-2: ビルド] INFO  o.a.m.s.f.DefaultMavenResourcesFiltering - skip non existing resourceDirectory C:\pleiades\2024-12\workspace\IH13A06_JV31_07\src\test\resources
2025-12-04 10:33:34,815 [Worker-2: ビルド] INFO  o.e.m.w.i.f.ResourceFilteringBuildParticipant - Changed resources require a complete clean of filtered resources of IH13A06_JV31_07
2025-12-04 10:33:34,816 [Worker-2: ビルド] INFO  o.e.m.w.i.f.ResourceFilteringBuildParticipant - Executing resource filtering for IH13A06_JV31_07
2025-12-04 10:34:11,850 [Worker-1: ビルド] WARN  o.a.m.s.f.DefaultMavenResourcesFiltering - Using platform encoding (UTF-8 actually) to copy filtered resources, i.e. build is platform dependent!
2025-12-04 10:34:11,851 [Worker-1: ビルド] INFO  o.a.m.s.f.DefaultMavenResourcesFiltering - Copying 0 resource from src\main\resources to target\classes
2025-12-04 10:34:11,852 [Worker-1: ビルド] WARN  o.a.m.s.f.DefaultMavenResourcesFiltering - Using platform encoding (UTF-8 actually) to copy filtered resources, i.e. build is platform dependent!
2025-12-04 10:34:11,852 [Worker-1: ビルド] INFO  o.a.m.s.f.DefaultMavenResourcesFiltering - skip non existing resourceDirectory C:\pleiades\2024-12\workspace\IH13A06_JV31_07\src\test\resources
2025-12-04 10:34:22,990 [Worker-2: ビルド] WARN  o.a.m.s.f.DefaultMavenResourcesFiltering - Using platform encoding (UTF-8 actually) to copy filtered resources, i.e. build is platform dependent!
2025-12-04 10:34:22,991 [Worker-2: ビルド] INFO  o.a.m.s.f.DefaultMavenResourcesFiltering - Copying 0 resource from src\main\resources to target\classes
2025-12-04 10:34:22,992 [Worker-2: ビルド] WARN  o.a.m.s.f.DefaultMavenResourcesFiltering - Using platform encoding (UTF-8 actually) to copy filtered resources, i.e. build is platform dependent!
2025-12-04 10:34:22,993 [Worker-2: ビルド] INFO  o.a.m.s.f.DefaultMavenResourcesFiltering - skip non existing resourceDirectory C:\pleiades\2024-12\workspace\IH13A06_JV31_07\src\test\resources
2025-12-11 09:37:42,609 [Worker-5: Loading available Gradle versions] INFO  o.e.b.c.i.u.g.PublishedGradleVersions - Gradle version information cache is out-of-date. Trying to update.
2025-12-11 10:45:11,539 [Worker-1: Maven 依存関係の更新中] ERROR o.e.m.j.i.l.MavenLaunchConfigurationListener - 起動構成 DocsConnectionPropsHelper が参照するプロジェクト IH13A06_JV31_07 は存在しません。
org.eclipse.core.runtime.CoreException: 起動構成 DocsConnectionPropsHelper が参照するプロジェクト IH13A06_JV31_07 は存在しません。
	at org.eclipse.jdt.launching.JavaRuntime.abort(JavaRuntime.java:1870)
	at org.eclipse.jdt.launching.JavaRuntime.getJavaProject(JavaRuntime.java:1747)
	at org.eclipse.m2e.jdt.internal.launch.MavenLaunchConfigurationListener.updateLaunchConfiguration(MavenLaunchConfigurationListener.java:66)
	at org.eclipse.m2e.jdt.internal.launch.MavenLaunchConfigurationListener.launchConfigurationChanged(MavenLaunchConfigurationListener.java:52)
	at org.eclipse.debug.internal.core.LaunchManager$ConfigurationNotifier.run(LaunchManager.java:220)
	at org.eclipse.core.runtime.SafeRunner.run(SafeRunner.java:47)
	at org.eclipse.debug.internal.core.LaunchManager$ConfigurationNotifier.notify(LaunchManager.java:204)
	at org.eclipse.debug.internal.core.LaunchConfigurationWorkingCopy.setDirty(LaunchConfigurationWorkingCopy.java:527)
	at org.eclipse.debug.internal.core.LaunchConfigurationWorkingCopy.setAttribute(LaunchConfigurationWorkingCopy.java:415)
	at org.eclipse.m2e.jdt.internal.launch.MavenRuntimeClasspathProvider.disable(MavenRuntimeClasspathProvider.java:409)
	at org.eclipse.m2e.jdt.internal.launch.MavenRuntimeClasspathProvider.disable(MavenRuntimeClasspathProvider.java:435)
	at org.eclipse.m2e.jdt.internal.launch.MavenLaunchConfigurationListener.mavenProjectChanged(MavenLaunchConfigurationListener.java:137)
	at org.eclipse.m2e.core.internal.project.registry.ProjectRegistryManager.notifyProjectChangeListeners(ProjectRegistryManager.java:892)
	at org.eclipse.m2e.core.internal.project.registry.ProjectRegistryManager.applyMutableProjectRegistry(ProjectRegistryManager.java:1042)
	at org.eclipse.m2e.core.internal.project.registry.ProjectRegistryRefreshJob.lambda$0(ProjectRegistryRefreshJob.java:162)
	at org.eclipse.m2e.core.internal.embedder.MavenExecutionContext.executeBare(MavenExecutionContext.java:458)
	at org.eclipse.m2e.core.internal.embedder.MavenExecutionContext.execute(MavenExecutionContext.java:339)
	at org.eclipse.m2e.core.internal.embedder.MavenExecutionContext.execute(MavenExecutionContext.java:278)
	at org.eclipse.m2e.core.internal.project.registry.ProjectRegistryRefreshJob.run(ProjectRegistryRefreshJob.java:106)
	at org.eclipse.core.internal.jobs.Worker.run(Worker.java:63)
2025-12-11 10:45:11,542 [Worker-1: Maven 依存関係の更新中] ERROR o.e.m.j.i.l.MavenLaunchConfigurationListener - 起動構成 DocsConnectionPropsHelper が参照するプロジェクト IH13A06_JV31_07 は存在しません。
org.eclipse.core.runtime.CoreException: 起動構成 DocsConnectionPropsHelper が参照するプロジェクト IH13A06_JV31_07 は存在しません。
	at org.eclipse.jdt.launching.JavaRuntime.abort(JavaRuntime.java:1870)
	at org.eclipse.jdt.launching.JavaRuntime.getJavaProject(JavaRuntime.java:1747)
	at org.eclipse.m2e.jdt.internal.launch.MavenLaunchConfigurationListener.updateLaunchConfiguration(MavenLaunchConfigurationListener.java:66)
	at org.eclipse.m2e.jdt.internal.launch.MavenLaunchConfigurationListener.launchConfigurationChanged(MavenLaunchConfigurationListener.java:52)
	at org.eclipse.debug.internal.core.LaunchManager$ConfigurationNotifier.run(LaunchManager.java:220)
	at org.eclipse.core.runtime.SafeRunner.run(SafeRunner.java:47)
	at org.eclipse.debug.internal.core.LaunchManager$ConfigurationNotifier.notify(LaunchManager.java:204)
	at org.eclipse.debug.internal.core.LaunchConfigurationWorkingCopy.setDirty(LaunchConfigurationWorkingCopy.java:527)
	at org.eclipse.debug.internal.core.LaunchConfigurationWorkingCopy.setAttribute(LaunchConfigurationWorkingCopy.java:415)
	at org.eclipse.m2e.jdt.internal.launch.MavenRuntimeClasspathProvider.disable(MavenRuntimeClasspathProvider.java:410)
	at org.eclipse.m2e.jdt.internal.launch.MavenRuntimeClasspathProvider.disable(MavenRuntimeClasspathProvider.java:435)
	at org.eclipse.m2e.jdt.internal.launch.MavenLaunchConfigurationListener.mavenProjectChanged(MavenLaunchConfigurationListener.java:137)
	at org.eclipse.m2e.core.internal.project.registry.ProjectRegistryManager.notifyProjectChangeListeners(ProjectRegistryManager.java:892)
	at org.eclipse.m2e.core.internal.project.registry.ProjectRegistryManager.applyMutableProjectRegistry(ProjectRegistryManager.java:1042)
	at org.eclipse.m2e.core.internal.project.registry.ProjectRegistryRefreshJob.lambda$0(ProjectRegistryRefreshJob.java:162)
	at org.eclipse.m2e.core.internal.embedder.MavenExecutionContext.executeBare(MavenExecutionContext.java:458)
	at org.eclipse.m2e.core.internal.embedder.MavenExecutionContext.execute(MavenExecutionContext.java:339)
	at org.eclipse.m2e.core.internal.embedder.MavenExecutionContext.execute(MavenExecutionContext.java:278)
	at org.eclipse.m2e.core.internal.project.registry.ProjectRegistryRefreshJob.run(ProjectRegistryRefreshJob.java:106)
	at org.eclipse.core.internal.jobs.Worker.run(Worker.java:63)
2025-12-11 10:45:11,545 [Worker-1: Maven 依存関係の更新中] ERROR o.e.m.j.i.l.MavenLaunchConfigurationListener - 起動構成 DocsConnectionPropsHelper が参照するプロジェクト IH13A06_JV31_07 は存在しません。
org.eclipse.core.runtime.CoreException: 起動構成 DocsConnectionPropsHelper が参照するプロジェクト IH13A06_JV31_07 は存在しません。
	at org.eclipse.jdt.launching.JavaRuntime.abort(JavaRuntime.java:1870)
	at org.eclipse.jdt.launching.JavaRuntime.getJavaProject(JavaRuntime.java:1747)
	at org.eclipse.m2e.jdt.internal.launch.MavenLaunchConfigurationListener.updateLaunchConfiguration(MavenLaunchConfigurationListener.java:66)
	at org.eclipse.m2e.jdt.internal.launch.MavenLaunchConfigurationListener.launchConfigurationChanged(MavenLaunchConfigurationListener.java:52)
	at org.eclipse.debug.internal.core.LaunchManager$ConfigurationNotifier.run(LaunchManager.java:220)
	at org.eclipse.core.runtime.SafeRunner.run(SafeRunner.java:47)
	at org.eclipse.debug.internal.core.LaunchManager$ConfigurationNotifier.notify(LaunchManager.java:204)
	at org.eclipse.debug.internal.core.LaunchManager.launchConfigurationChanged(LaunchManager.java:2010)
	at org.eclipse.debug.internal.core.LaunchConfigurationWorkingCopy.writeNewFile(LaunchConfigurationWorkingCopy.java:380)
	at org.eclipse.debug.internal.core.LaunchConfigurationWorkingCopy.doSave0(LaunchConfigurationWorkingCopy.java:259)
	at org.eclipse.debug.internal.core.LaunchConfigurationWorkingCopy.doSave(LaunchConfigurationWorkingCopy.java:229)
	at org.eclipse.debug.internal.core.LaunchConfigurationWorkingCopy.doSave(LaunchConfigurationWorkingCopy.java:187)
	at org.eclipse.m2e.jdt.internal.launch.MavenRuntimeClasspathProvider.disable(MavenRuntimeClasspathProvider.java:411)
	at org.eclipse.m2e.jdt.internal.launch.MavenRuntimeClasspathProvider.disable(MavenRuntimeClasspathProvider.java:435)
	at org.eclipse.m2e.jdt.internal.launch.MavenLaunchConfigurationListener.mavenProjectChanged(MavenLaunchConfigurationListener.java:137)
	at org.eclipse.m2e.core.internal.project.registry.ProjectRegistryManager.notifyProjectChangeListeners(ProjectRegistryManager.java:892)
	at org.eclipse.m2e.core.internal.project.registry.ProjectRegistryManager.applyMutableProjectRegistry(ProjectRegistryManager.java:1042)
	at org.eclipse.m2e.core.internal.project.registry.ProjectRegistryRefreshJob.lambda$0(ProjectRegistryRefreshJob.java:162)
	at org.eclipse.m2e.core.internal.embedder.MavenExecutionContext.executeBare(MavenExecutionContext.java:458)
	at org.eclipse.m2e.core.internal.embedder.MavenExecutionContext.execute(MavenExecutionContext.java:339)
	at org.eclipse.m2e.core.internal.embedder.MavenExecutionContext.execute(MavenExecutionContext.java:278)
	at org.eclipse.m2e.core.internal.project.registry.ProjectRegistryRefreshJob.run(ProjectRegistryRefreshJob.java:106)
	at org.eclipse.core.internal.jobs.Worker.run(Worker.java:63)
2025-12-11 10:45:12,323 [Worker-8: ビルド] INFO  o.e.m.c.i.l.LifecycleMappingFactory - Using org.maven.ide.eclipse.wtp.WarLifecycleMapping lifecycle mapping for MavenProject: com.example:IH13A06_JV31_29_06:1.0-SNAPSHOT @ C:\pleiades\2024-12\workspace\IH13A06_JV31_08\pom.xml.
2025-12-11 10:45:13,049 [Worker-8: ビルド] WARN  o.a.m.s.f.DefaultMavenResourcesFiltering - Using platform encoding (UTF-8 actually) to copy filtered resources, i.e. build is platform dependent!
2025-12-11 10:45:13,052 [Worker-8: ビルド] INFO  o.a.m.s.f.DefaultMavenResourcesFiltering - Copying 1 resource from src\main\resources to target\classes
2025-12-11 10:45:13,057 [Worker-8: ビルド] WARN  o.a.m.s.f.DefaultMavenResourcesFiltering - Using platform encoding (UTF-8 actually) to copy filtered resources, i.e. build is platform dependent!
2025-12-11 10:45:13,058 [Worker-8: ビルド] INFO  o.a.m.s.f.DefaultMavenResourcesFiltering - skip non existing resourceDirectory C:\pleiades\2024-12\workspace\IH13A06_JV31_08\src\test\resources
2025-12-11 10:45:22,539 [Worker-0: Loading available Gradle versions] INFO  o.e.b.c.i.u.g.PublishedGradleVersions - Gradle version information cache is up-to-date. Trying to read.
2025-12-11 10:51:33,169 [Worker-9: Loading available Gradle versions] INFO  o.e.b.c.i.u.g.PublishedGradleVersions - Gradle version information cache is up-to-date. Trying to read.
2025-12-11 10:51:38,924 [Worker-9: 選択したプロジェクトのクリーニング] INFO  o.e.m.c.i.l.LifecycleMappingFactory - Using org.maven.ide.eclipse.wtp.WarLifecycleMapping lifecycle mapping for MavenProject: com.example:IH13A06_JV31_08:1.0-SNAPSHOT @ C:\pleiades\2024-12\workspace\IH13A06_JV31_08\pom.xml.
2025-12-11 10:51:39,422 [Worker-9: 選択したプロジェクトのクリーニング] INFO  o.e.m.w.i.f.ResourceFilteringBuildParticipant - Cleaning filtered folder for IH13A06_JV31_08
2025-12-11 10:51:39,809 [Worker-11: ビルド] WARN  o.a.m.s.f.DefaultMavenResourcesFiltering - Using platform encoding (UTF-8 actually) to copy filtered resources, i.e. build is platform dependent!
2025-12-11 10:51:39,816 [Worker-11: ビルド] INFO  o.a.m.s.f.DefaultMavenResourcesFiltering - Copying 1 resource from src\main\resources to target\classes
2025-12-11 10:51:39,821 [Worker-11: ビルド] WARN  o.a.m.s.f.DefaultMavenResourcesFiltering - Using platform encoding (UTF-8 actually) to copy filtered resources, i.e. build is platform dependent!
2025-12-11 10:51:39,823 [Worker-11: ビルド] INFO  o.a.m.s.f.DefaultMavenResourcesFiltering - skip non existing resourceDirectory C:\pleiades\2024-12\workspace\IH13A06_JV31_08\src\test\resources
2025-12-11 10:51:39,823 [Worker-11: ビルド] INFO  o.e.m.w.i.f.ResourceFilteringBuildParticipant - Changed resources require a complete clean of filtered resources of IH13A06_JV31_08
2025-12-11 10:51:39,824 [Worker-11: ビルド] INFO  o.e.m.w.i.f.ResourceFilteringBuildParticipant - Executing resource filtering for IH13A06_JV31_08
2025-12-11 10:52:44,777 [Worker-7: ビルド] WARN  o.a.m.s.f.DefaultMavenResourcesFiltering - Using platform encoding (UTF-8 actually) to copy filtered resources, i.e. build is platform dependent!
2025-12-11 10:52:44,783 [Worker-7: ビルド] INFO  o.a.m.s.f.DefaultMavenResourcesFiltering - Copying 1 resource from src\main\resources to target\classes
2025-12-11 10:52:44,783 [Worker-7: ビルド] WARN  o.a.m.s.f.DefaultMavenResourcesFiltering - Using platform encoding (UTF-8 actually) to copy filtered resources, i.e. build is platform dependent!
2025-12-11 10:52:44,783 [Worker-7: ビルド] INFO  o.a.m.s.f.DefaultMavenResourcesFiltering - skip non existing resourceDirectory C:\pleiades\2024-12\workspace\IH13A06_JV31_08\src\test\resources
2025-12-11 10:52:48,223 [Worker-18: 選択したプロジェクトのクリーニング] INFO  o.e.m.w.i.f.ResourceFilteringBuildParticipant - Cleaning filtered folder for IH13A06_JV31_08
2025-12-11 10:52:48,422 [Worker-8: ビルド] WARN  o.a.m.s.f.DefaultMavenResourcesFiltering - Using platform encoding (UTF-8 actually) to copy filtered resources, i.e. build is platform dependent!
2025-12-11 10:52:48,424 [Worker-8: ビルド] INFO  o.a.m.s.f.DefaultMavenResourcesFiltering - Copying 1 resource from src\main\resources to target\classes
2025-12-11 10:52:48,426 [Worker-8: ビルド] WARN  o.a.m.s.f.DefaultMavenResourcesFiltering - Using platform encoding (UTF-8 actually) to copy filtered resources, i.e. build is platform dependent!
2025-12-11 10:52:48,427 [Worker-8: ビルド] INFO  o.a.m.s.f.DefaultMavenResourcesFiltering - skip non existing resourceDirectory C:\pleiades\2024-12\workspace\IH13A06_JV31_08\src\test\resources
2025-12-11 10:52:48,427 [Worker-8: ビルド] INFO  o.e.m.w.i.f.ResourceFilteringBuildParticipant - Changed resources require a complete clean of filtered resources of IH13A06_JV31_08
2025-12-11 10:52:48,427 [Worker-8: ビルド] INFO  o.e.m.w.i.f.ResourceFilteringBuildParticipant - Executing resource filtering for IH13A06_JV31_08
2025-12-11 10:53:49,922 [Worker-15: ビルド] WARN  o.a.m.s.f.DefaultMavenResourcesFiltering - Using platform encoding (UTF-8 actually) to copy filtered resources, i.e. build is platform dependent!
2025-12-11 10:53:49,922 [Worker-15: ビルド] INFO  o.a.m.s.f.DefaultMavenResourcesFiltering - Copying 1 resource from src\main\resources to target\classes
2025-12-11 10:53:49,922 [Worker-15: ビルド] WARN  o.a.m.s.f.DefaultMavenResourcesFiltering - Using platform encoding (UTF-8 actually) to copy filtered resources, i.e. build is platform dependent!
2025-12-11 10:53:49,932 [Worker-15: ビルド] INFO  o.a.m.s.f.DefaultMavenResourcesFiltering - skip non existing resourceDirectory C:\pleiades\2024-12\workspace\IH13A06_JV31_08\src\test\resources
2025-12-11 10:53:55,583 [Worker-19: 選択したプロジェクトのクリーニング] INFO  o.e.m.w.i.f.ResourceFilteringBuildParticipant - Cleaning filtered folder for IH13A06_JV31_08
2025-12-11 10:53:55,745 [Worker-6: ビルド] WARN  o.a.m.s.f.DefaultMavenResourcesFiltering - Using platform encoding (UTF-8 actually) to copy filtered resources, i.e. build is platform dependent!
2025-12-11 10:53:55,745 [Worker-6: ビルド] INFO  o.a.m.s.f.DefaultMavenResourcesFiltering - Copying 1 resource from src\main\resources to target\classes
2025-12-11 10:53:55,748 [Worker-6: ビルド] WARN  o.a.m.s.f.DefaultMavenResourcesFiltering - Using platform encoding (UTF-8 actually) to copy filtered resources, i.e. build is platform dependent!
2025-12-11 10:53:55,748 [Worker-6: ビルド] INFO  o.a.m.s.f.DefaultMavenResourcesFiltering - skip non existing resourceDirectory C:\pleiades\2024-12\workspace\IH13A06_JV31_08\src\test\resources
2025-12-11 10:53:55,748 [Worker-6: ビルド] INFO  o.e.m.w.i.f.ResourceFilteringBuildParticipant - Changed resources require a complete clean of filtered resources of IH13A06_JV31_08
2025-12-11 10:53:55,748 [Worker-6: ビルド] INFO  o.e.m.w.i.f.ResourceFilteringBuildParticipant - Executing resource filtering for IH13A06_JV31_08
2026-01-15 11:55:53,072 [Worker-6: Loading available Gradle versions] INFO  o.e.b.c.i.u.g.PublishedGradleVersions - Gradle version information cache is out-of-date. Trying to update.
2026-01-15 11:58:31,218 [ModalContext] INFO  o.e.m.c.i.e.AbstractTransferListenerAdapter - Downloading https://repo.maven.apache.org/maven2/org/apache/maven/archetypes/maven-archetype-archetype/1.0/maven-archetype-archetype-1.0.pom
2026-01-15 11:58:31,229 [ModalContext] INFO  o.e.m.c.i.e.AbstractTransferListenerAdapter - Downloaded https://repo.maven.apache.org/maven2/org/apache/maven/archetypes/maven-archetype-archetype/1.0/maven-archetype-archetype-1.0.pom
2026-01-15 11:58:31,319 [ModalContext] INFO  o.e.m.c.i.e.AbstractTransferListenerAdapter - Downloading https://repo.maven.apache.org/maven2/org/apache/maven/archetypes/maven-archetype-bundles/2/maven-archetype-bundles-2.pom
2026-01-15 11:58:31,322 [ModalContext] INFO  o.e.m.c.i.e.AbstractTransferListenerAdapter - Downloaded https://repo.maven.apache.org/maven2/org/apache/maven/archetypes/maven-archetype-bundles/2/maven-archetype-bundles-2.pom
2026-01-15 11:58:31,403 [ModalContext] INFO  o.e.m.c.i.e.AbstractTransferListenerAdapter - Downloading https://repo.maven.apache.org/maven2/org/apache/maven/archetype/maven-archetype-parent/1/maven-archetype-parent-1.pom
2026-01-15 11:58:31,405 [ModalContext] INFO  o.e.m.c.i.e.AbstractTransferListenerAdapter - Downloaded https://repo.maven.apache.org/maven2/org/apache/maven/archetype/maven-archetype-parent/1/maven-archetype-parent-1.pom
2026-01-15 11:58:31,480 [ModalContext] INFO  o.e.m.c.i.e.AbstractTransferListenerAdapter - Downloading https://repo.maven.apache.org/maven2/org/apache/maven/maven-parent/4/maven-parent-4.pom
2026-01-15 11:58:31,483 [ModalContext] INFO  o.e.m.c.i.e.AbstractTransferListenerAdapter - Downloaded https://repo.maven.apache.org/maven2/org/apache/maven/maven-parent/4/maven-parent-4.pom
2026-01-15 11:58:31,553 [ModalContext] INFO  o.e.m.c.i.e.AbstractTransferListenerAdapter - Downloading https://repo.maven.apache.org/maven2/org/apache/apache/3/apache-3.pom
2026-01-15 11:58:31,557 [ModalContext] INFO  o.e.m.c.i.e.AbstractTransferListenerAdapter - Downloaded https://repo.maven.apache.org/maven2/org/apache/apache/3/apache-3.pom
2026-01-15 11:58:31,721 [ModalContext] INFO  o.e.m.c.i.e.AbstractTransferListenerAdapter - Downloading https://repo.maven.apache.org/maven2/org/apache/maven/archetypes/maven-archetype-archetype/1.0/maven-archetype-archetype-1.0.jar
2026-01-15 11:58:31,723 [ModalContext] INFO  o.e.m.c.i.e.AbstractTransferListenerAdapter - Downloaded https://repo.maven.apache.org/maven2/org/apache/maven/archetypes/maven-archetype-archetype/1.0/maven-archetype-archetype-1.0.jar
2026-01-15 12:01:08,162 [Worker-9: mavenrun-2ddb8d43-2690-47d1-8bda-df74d6ba2472 の起動] INFO  o.eclipse.m2e.core.internal.Bundles - getClasspathEntries(Bundle=org.eclipse.m2e.maven.runtime_3.9.900.20240824-1409 [298])
2026-01-15 12:01:08,163 [Worker-9: mavenrun-2ddb8d43-2690-47d1-8bda-df74d6ba2472 の起動] INFO  o.eclipse.m2e.core.internal.Bundles - 	Entry: C:\pleiades\2024-12\eclipse\plugins\org.eclipse.m2e.maven.runtime_3.9.900.20240824-1409
2026-01-15 12:01:08,163 [Worker-9: mavenrun-2ddb8d43-2690-47d1-8bda-df74d6ba2472 の起動] INFO  o.eclipse.m2e.core.internal.Bundles - 	Entry: C:\pleiades\2024-12\eclipse\plugins\org.eclipse.m2e.maven.runtime_3.9.900.20240824-1409\jars\aopalliance-1.0.jar
2026-01-15 12:01:08,163 [Worker-9: mavenrun-2ddb8d43-2690-47d1-8bda-df74d6ba2472 の起動] INFO  o.eclipse.m2e.core.internal.Bundles - 	Entry: C:\pleiades\2024-12\eclipse\plugins\org.eclipse.m2e.maven.runtime_3.9.900.20240824-1409\jars\guice-5.1.0.jar
2026-01-15 12:01:08,163 [Worker-9: mavenrun-2ddb8d43-2690-47d1-8bda-df74d6ba2472 の起動] INFO  o.eclipse.m2e.core.internal.Bundles - 	Entry: C:\pleiades\2024-12\eclipse\plugins\org.eclipse.m2e.maven.runtime_3.9.900.20240824-1409\jars\httpclient-4.5.14.jar
2026-01-15 12:01:08,163 [Worker-9: mavenrun-2ddb8d43-2690-47d1-8bda-df74d6ba2472 の起動] INFO  o.eclipse.m2e.core.internal.Bundles - 	Entry: C:\pleiades\2024-12\eclipse\plugins\org.eclipse.m2e.maven.runtime_3.9.900.20240824-1409\jars\httpcore-4.4.16.jar
2026-01-15 12:01:08,164 [Worker-9: mavenrun-2ddb8d43-2690-47d1-8bda-df74d6ba2472 の起動] INFO  o.eclipse.m2e.core.internal.Bundles - 	Entry: C:\pleiades\2024-12\eclipse\plugins\org.eclipse.m2e.maven.runtime_3.9.900.20240824-1409\jars\jansi-2.4.1.jar
2026-01-15 12:01:08,164 [Worker-9: mavenrun-2ddb8d43-2690-47d1-8bda-df74d6ba2472 の起動] INFO  o.eclipse.m2e.core.internal.Bundles - 	Entry: C:\pleiades\2024-12\eclipse\plugins\org.eclipse.m2e.maven.runtime_3.9.900.20240824-1409\jars\jcl-over-slf4j-1.7.36.jar
2026-01-15 12:01:08,164 [Worker-9: mavenrun-2ddb8d43-2690-47d1-8bda-df74d6ba2472 の起動] INFO  o.eclipse.m2e.core.internal.Bundles - 	Entry: C:\pleiades\2024-12\eclipse\plugins\org.eclipse.m2e.maven.runtime_3.9.900.20240824-1409\jars\maven-artifact-3.9.9.jar
2026-01-15 12:01:08,164 [Worker-9: mavenrun-2ddb8d43-2690-47d1-8bda-df74d6ba2472 の起動] INFO  o.eclipse.m2e.core.internal.Bundles - 	Entry: C:\pleiades\2024-12\eclipse\plugins\org.eclipse.m2e.maven.runtime_3.9.900.20240824-1409\jars\maven-builder-support-3.9.9.jar
2026-01-15 12:01:08,164 [Worker-9: mavenrun-2ddb8d43-2690-47d1-8bda-df74d6ba2472 の起動] INFO  o.eclipse.m2e.core.internal.Bundles - 	Entry: C:\pleiades\2024-12\eclipse\plugins\org.eclipse.m2e.maven.runtime_3.9.900.20240824-1409\jars\maven-compat-3.9.9.jar
2026-01-15 12:01:08,164 [Worker-9: mavenrun-2ddb8d43-2690-47d1-8bda-df74d6ba2472 の起動] INFO  o.eclipse.m2e.core.internal.Bundles - 	Entry: C:\pleiades\2024-12\eclipse\plugins\org.eclipse.m2e.maven.runtime_3.9.900.20240824-1409\jars\maven-core-3.9.9.jar
2026-01-15 12:01:08,164 [Worker-9: mavenrun-2ddb8d43-2690-47d1-8bda-df74d6ba2472 の起動] INFO  o.eclipse.m2e.core.internal.Bundles - 	Entry: C:\pleiades\2024-12\eclipse\plugins\org.eclipse.m2e.maven.runtime_3.9.900.20240824-1409\jars\maven-embedder-3.9.9.jar
2026-01-15 12:01:08,164 [Worker-9: mavenrun-2ddb8d43-2690-47d1-8bda-df74d6ba2472 の起動] INFO  o.eclipse.m2e.core.internal.Bundles - 	Entry: C:\pleiades\2024-12\eclipse\plugins\org.eclipse.m2e.maven.runtime_3.9.900.20240824-1409\jars\maven-model-3.9.9.jar
2026-01-15 12:01:08,165 [Worker-9: mavenrun-2ddb8d43-2690-47d1-8bda-df74d6ba2472 の起動] INFO  o.eclipse.m2e.core.internal.Bundles - 	Entry: C:\pleiades\2024-12\eclipse\plugins\org.eclipse.m2e.maven.runtime_3.9.900.20240824-1409\jars\maven-model-builder-3.9.9.jar
2026-01-15 12:01:08,165 [Worker-9: mavenrun-2ddb8d43-2690-47d1-8bda-df74d6ba2472 の起動] INFO  o.eclipse.m2e.core.internal.Bundles - 	Entry: C:\pleiades\2024-12\eclipse\plugins\org.eclipse.m2e.maven.runtime_3.9.900.20240824-1409\jars\maven-plugin-api-3.9.9.jar
2026-01-15 12:01:08,165 [Worker-9: mavenrun-2ddb8d43-2690-47d1-8bda-df74d6ba2472 の起動] INFO  o.eclipse.m2e.core.internal.Bundles - 	Entry: C:\pleiades\2024-12\eclipse\plugins\org.eclipse.m2e.maven.runtime_3.9.900.20240824-1409\jars\maven-repository-metadata-3.9.9.jar
2026-01-15 12:01:08,165 [Worker-9: mavenrun-2ddb8d43-2690-47d1-8bda-df74d6ba2472 の起動] INFO  o.eclipse.m2e.core.internal.Bundles - 	Entry: C:\pleiades\2024-12\eclipse\plugins\org.eclipse.m2e.maven.runtime_3.9.900.20240824-1409\jars\maven-resolver-api-1.9.22.jar
2026-01-15 12:01:08,165 [Worker-9: mavenrun-2ddb8d43-2690-47d1-8bda-df74d6ba2472 の起動] INFO  o.eclipse.m2e.core.internal.Bundles - 	Entry: C:\pleiades\2024-12\eclipse\plugins\org.eclipse.m2e.maven.runtime_3.9.900.20240824-1409\jars\maven-resolver-connector-basic-1.9.22.jar
2026-01-15 12:01:08,165 [Worker-9: mavenrun-2ddb8d43-2690-47d1-8bda-df74d6ba2472 の起動] INFO  o.eclipse.m2e.core.internal.Bundles - 	Entry: C:\pleiades\2024-12\eclipse\plugins\org.eclipse.m2e.maven.runtime_3.9.900.20240824-1409\jars\maven-resolver-impl-1.9.22.jar
2026-01-15 12:01:08,165 [Worker-9: mavenrun-2ddb8d43-2690-47d1-8bda-df74d6ba2472 の起動] INFO  o.eclipse.m2e.core.internal.Bundles - 	Entry: C:\pleiades\2024-12\eclipse\plugins\org.eclipse.m2e.maven.runtime_3.9.900.20240824-1409\jars\maven-resolver-named-locks-1.9.22.jar
2026-01-15 12:01:08,165 [Worker-9: mavenrun-2ddb8d43-2690-47d1-8bda-df74d6ba2472 の起動] INFO  o.eclipse.m2e.core.internal.Bundles - 	Entry: C:\pleiades\2024-12\eclipse\plugins\org.eclipse.m2e.maven.runtime_3.9.900.20240824-1409\jars\maven-resolver-provider-3.9.9.jar
2026-01-15 12:01:08,165 [Worker-9: mavenrun-2ddb8d43-2690-47d1-8bda-df74d6ba2472 の起動] INFO  o.eclipse.m2e.core.internal.Bundles - 	Entry: C:\pleiades\2024-12\eclipse\plugins\org.eclipse.m2e.maven.runtime_3.9.900.20240824-1409\jars\maven-resolver-spi-1.9.22.jar
2026-01-15 12:01:08,166 [Worker-9: mavenrun-2ddb8d43-2690-47d1-8bda-df74d6ba2472 の起動] INFO  o.eclipse.m2e.core.internal.Bundles - 	Entry: C:\pleiades\2024-12\eclipse\plugins\org.eclipse.m2e.maven.runtime_3.9.900.20240824-1409\jars\maven-resolver-transport-file-1.9.22.jar
2026-01-15 12:01:08,166 [Worker-9: mavenrun-2ddb8d43-2690-47d1-8bda-df74d6ba2472 の起動] INFO  o.eclipse.m2e.core.internal.Bundles - 	Entry: C:\pleiades\2024-12\eclipse\plugins\org.eclipse.m2e.maven.runtime_3.9.900.20240824-1409\jars\maven-resolver-transport-http-1.9.22.jar
2026-01-15 12:01:08,166 [Worker-9: mavenrun-2ddb8d43-2690-47d1-8bda-df74d6ba2472 の起動] INFO  o.eclipse.m2e.core.internal.Bundles - 	Entry: C:\pleiades\2024-12\eclipse\plugins\org.eclipse.m2e.maven.runtime_3.9.900.20240824-1409\jars\maven-resolver-transport-wagon-1.9.22.jar
2026-01-15 12:01:08,166 [Worker-9: mavenrun-2ddb8d43-2690-47d1-8bda-df74d6ba2472 の起動] INFO  o.eclipse.m2e.core.internal.Bundles - 	Entry: C:\pleiades\2024-12\eclipse\plugins\org.eclipse.m2e.maven.runtime_3.9.900.20240824-1409\jars\maven-resolver-util-1.9.22.jar
2026-01-15 12:01:08,166 [Worker-9: mavenrun-2ddb8d43-2690-47d1-8bda-df74d6ba2472 の起動] INFO  o.eclipse.m2e.core.internal.Bundles - 	Entry: C:\pleiades\2024-12\eclipse\plugins\org.eclipse.m2e.maven.runtime_3.9.900.20240824-1409\jars\maven-settings-3.9.9.jar
2026-01-15 12:01:08,166 [Worker-9: mavenrun-2ddb8d43-2690-47d1-8bda-df74d6ba2472 の起動] INFO  o.eclipse.m2e.core.internal.Bundles - 	Entry: C:\pleiades\2024-12\eclipse\plugins\org.eclipse.m2e.maven.runtime_3.9.900.20240824-1409\jars\maven-settings-builder-3.9.9.jar
2026-01-15 12:01:08,166 [Worker-9: mavenrun-2ddb8d43-2690-47d1-8bda-df74d6ba2472 の起動] INFO  o.eclipse.m2e.core.internal.Bundles - 	Entry: C:\pleiades\2024-12\eclipse\plugins\org.eclipse.m2e.maven.runtime_3.9.900.20240824-1409\jars\maven-shared-utils-3.4.2.jar
2026-01-15 12:01:08,166 [Worker-9: mavenrun-2ddb8d43-2690-47d1-8bda-df74d6ba2472 の起動] INFO  o.eclipse.m2e.core.internal.Bundles - 	Entry: C:\pleiades\2024-12\eclipse\plugins\org.eclipse.m2e.maven.runtime_3.9.900.20240824-1409\jars\org.eclipse.sisu.inject-0.9.0.M3.jar
2026-01-15 12:01:08,167 [Worker-9: mavenrun-2ddb8d43-2690-47d1-8bda-df74d6ba2472 の起動] INFO  o.eclipse.m2e.core.internal.Bundles - 	Entry: C:\pleiades\2024-12\eclipse\plugins\org.eclipse.m2e.maven.runtime_3.9.900.20240824-1409\jars\org.eclipse.sisu.plexus-0.9.0.M3.jar
2026-01-15 12:01:08,167 [Worker-9: mavenrun-2ddb8d43-2690-47d1-8bda-df74d6ba2472 の起動] INFO  o.eclipse.m2e.core.internal.Bundles - 	Entry: C:\pleiades\2024-12\eclipse\plugins\org.eclipse.m2e.maven.runtime_3.9.900.20240824-1409\jars\plexus-build-api-0.0.7.jar
2026-01-15 12:01:08,167 [Worker-9: mavenrun-2ddb8d43-2690-47d1-8bda-df74d6ba2472 の起動] INFO  o.eclipse.m2e.core.internal.Bundles - 	Entry: C:\pleiades\2024-12\eclipse\plugins\org.eclipse.m2e.maven.runtime_3.9.900.20240824-1409\jars\plexus-build-api-1.2.0.jar
2026-01-15 12:01:08,167 [Worker-9: mavenrun-2ddb8d43-2690-47d1-8bda-df74d6ba2472 の起動] INFO  o.eclipse.m2e.core.internal.Bundles - 	Entry: C:\pleiades\2024-12\eclipse\plugins\org.eclipse.m2e.maven.runtime_3.9.900.20240824-1409\jars\plexus-cipher-2.0.jar
2026-01-15 12:01:08,167 [Worker-9: mavenrun-2ddb8d43-2690-47d1-8bda-df74d6ba2472 の起動] INFO  o.eclipse.m2e.core.internal.Bundles - 	Entry: C:\pleiades\2024-12\eclipse\plugins\org.eclipse.m2e.maven.runtime_3.9.900.20240824-1409\jars\plexus-classworlds-2.8.0.jar
2026-01-15 12:01:08,167 [Worker-9: mavenrun-2ddb8d43-2690-47d1-8bda-df74d6ba2472 の起動] INFO  o.eclipse.m2e.core.internal.Bundles - 	Entry: C:\pleiades\2024-12\eclipse\plugins\org.eclipse.m2e.maven.runtime_3.9.900.20240824-1409\jars\plexus-component-annotations-2.1.0.jar
2026-01-15 12:01:08,167 [Worker-9: mavenrun-2ddb8d43-2690-47d1-8bda-df74d6ba2472 の起動] INFO  o.eclipse.m2e.core.internal.Bundles - 	Entry: C:\pleiades\2024-12\eclipse\plugins\org.eclipse.m2e.maven.runtime_3.9.900.20240824-1409\jars\plexus-interpolation-1.27.jar
2026-01-15 12:01:08,167 [Worker-9: mavenrun-2ddb8d43-2690-47d1-8bda-df74d6ba2472 の起動] INFO  o.eclipse.m2e.core.internal.Bundles - 	Entry: C:\pleiades\2024-12\eclipse\plugins\org.eclipse.m2e.maven.runtime_3.9.900.20240824-1409\jars\plexus-sec-dispatcher-2.0.jar
2026-01-15 12:01:08,167 [Worker-9: mavenrun-2ddb8d43-2690-47d1-8bda-df74d6ba2472 の起動] INFO  o.eclipse.m2e.core.internal.Bundles - 	Entry: C:\pleiades\2024-12\eclipse\plugins\org.eclipse.m2e.maven.runtime_3.9.900.20240824-1409\jars\plexus-utils-3.5.1.jar
2026-01-15 12:01:08,167 [Worker-9: mavenrun-2ddb8d43-2690-47d1-8bda-df74d6ba2472 の起動] INFO  o.eclipse.m2e.core.internal.Bundles - 	Entry: C:\pleiades\2024-12\eclipse\plugins\org.eclipse.m2e.maven.runtime_3.9.900.20240824-1409\jars\plexus-xml-3.0.1.jar
2026-01-15 12:01:08,168 [Worker-9: mavenrun-2ddb8d43-2690-47d1-8bda-df74d6ba2472 の起動] INFO  o.eclipse.m2e.core.internal.Bundles - 	Entry: C:\pleiades\2024-12\eclipse\plugins\org.eclipse.m2e.maven.runtime_3.9.900.20240824-1409\jars\wagon-file-3.5.3.jar
2026-01-15 12:01:08,168 [Worker-9: mavenrun-2ddb8d43-2690-47d1-8bda-df74d6ba2472 の起動] INFO  o.eclipse.m2e.core.internal.Bundles - 	Entry: C:\pleiades\2024-12\eclipse\plugins\org.eclipse.m2e.maven.runtime_3.9.900.20240824-1409\jars\wagon-http-3.5.3.jar
2026-01-15 12:01:08,168 [Worker-9: mavenrun-2ddb8d43-2690-47d1-8bda-df74d6ba2472 の起動] INFO  o.eclipse.m2e.core.internal.Bundles - 	Entry: C:\pleiades\2024-12\eclipse\plugins\org.eclipse.m2e.maven.runtime_3.9.900.20240824-1409\jars\wagon-http-shared-3.5.3.jar
2026-01-15 12:01:08,168 [Worker-9: mavenrun-2ddb8d43-2690-47d1-8bda-df74d6ba2472 の起動] INFO  o.eclipse.m2e.core.internal.Bundles - 	Entry: C:\pleiades\2024-12\eclipse\plugins\org.eclipse.m2e.maven.runtime_3.9.900.20240824-1409\jars\wagon-provider-api-3.5.3.jar
2026-01-15 12:01:08,169 [Worker-9: mavenrun-2ddb8d43-2690-47d1-8bda-df74d6ba2472 の起動] INFO  o.eclipse.m2e.core.internal.Bundles - getClasspathEntries(Bundle=com.google.guava_33.4.8.jre [1030])
2026-01-15 12:01:08,169 [Worker-9: mavenrun-2ddb8d43-2690-47d1-8bda-df74d6ba2472 の起動] INFO  o.eclipse.m2e.core.internal.Bundles - 	Entry: C:\pleiades\2024-12\eclipse\plugins\com.google.guava_33.4.8.jre.jar
2026-01-15 12:01:08,169 [Worker-9: mavenrun-2ddb8d43-2690-47d1-8bda-df74d6ba2472 の起動] INFO  o.eclipse.m2e.core.internal.Bundles - getClasspathEntries(Bundle=slf4j.api_2.0.17 [1027])
2026-01-15 12:01:08,169 [Worker-9: mavenrun-2ddb8d43-2690-47d1-8bda-df74d6ba2472 の起動] INFO  o.eclipse.m2e.core.internal.Bundles - 	Entry: C:\pleiades\2024-12\eclipse\plugins\slf4j.api_2.0.17.jar
2026-01-15 12:01:08,169 [Worker-9: mavenrun-2ddb8d43-2690-47d1-8bda-df74d6ba2472 の起動] INFO  o.eclipse.m2e.core.internal.Bundles - getClasspathEntries(Bundle=javax.inject_1.0.0.v20220405-0441 [524])
2026-01-15 12:01:08,170 [Worker-9: mavenrun-2ddb8d43-2690-47d1-8bda-df74d6ba2472 の起動] INFO  o.eclipse.m2e.core.internal.Bundles - 	Entry: C:\pleiades\2024-12\eclipse\dropins\CheckStyle\eclipse\plugins\javax.inject_1.0.0.v20220405-0441.jar
2026-01-15 12:01:08,170 [Worker-9: mavenrun-2ddb8d43-2690-47d1-8bda-df74d6ba2472 の起動] INFO  o.eclipse.m2e.core.internal.Bundles - getClasspathEntries(Bundle=javax.annotation_1.3.5.v20200909-1856 [523])
2026-01-15 12:01:08,170 [Worker-9: mavenrun-2ddb8d43-2690-47d1-8bda-df74d6ba2472 の起動] INFO  o.eclipse.m2e.core.internal.Bundles - 	Entry: C:\pleiades\2024-12\eclipse\dropins\CheckStyle\eclipse\plugins\javax.annotation_1.3.5.v20200909-1856.jar
2026-01-15 12:01:08,170 [Worker-9: mavenrun-2ddb8d43-2690-47d1-8bda-df74d6ba2472 の起動] INFO  o.eclipse.m2e.core.internal.Bundles - getClasspathEntries(Bundle=org.apache.commons.cli_1.10.0 [1049])
2026-01-15 12:01:08,170 [Worker-9: mavenrun-2ddb8d43-2690-47d1-8bda-df74d6ba2472 の起動] INFO  o.eclipse.m2e.core.internal.Bundles - 	Entry: C:\pleiades\2024-12\eclipse\plugins\org.apache.commons.cli_1.10.0.jar
2026-01-15 12:01:08,170 [Worker-9: mavenrun-2ddb8d43-2690-47d1-8bda-df74d6ba2472 の起動] INFO  o.eclipse.m2e.core.internal.Bundles - getClasspathEntries(Bundle=org.apache.commons.commons-codec_1.16.0 [50])
2026-01-15 12:01:08,171 [Worker-9: mavenrun-2ddb8d43-2690-47d1-8bda-df74d6ba2472 の起動] INFO  o.eclipse.m2e.core.internal.Bundles - 	Entry: C:\pleiades\2024-12\eclipse\plugins\org.apache.commons.commons-codec_1.16.0.jar
2026-01-15 12:01:08,171 [Worker-9: mavenrun-2ddb8d43-2690-47d1-8bda-df74d6ba2472 の起動] INFO  o.eclipse.m2e.core.internal.Bundles - getClasspathEntries(Bundle=com.google.guava.failureaccess_1.0.3 [1031])
2026-01-15 12:01:08,171 [Worker-9: mavenrun-2ddb8d43-2690-47d1-8bda-df74d6ba2472 の起動] INFO  o.eclipse.m2e.core.internal.Bundles - 	Entry: C:\pleiades\2024-12\eclipse\plugins\com.google.guava.failureaccess_1.0.3.jar
2026-01-15 12:01:08,176 [Worker-9: mavenrun-2ddb8d43-2690-47d1-8bda-df74d6ba2472 の起動] INFO  o.e.m.i.launch.MavenLaunchDelegate - Run build in "C:\Users\treas\AppData\Local\Temp\m2e-archetypeGenerator4965403301320501819":
2026-01-15 12:01:08,178 [Worker-9: mavenrun-2ddb8d43-2690-47d1-8bda-df74d6ba2472 の起動] INFO  o.e.m.i.launch.MavenLaunchDelegate -  mvn  -DarchetypeGroupId=org.apache.maven.archetypes -DarchetypeArtifactId=maven-archetype-archetype -DarchetypeVersion=1.0 -DgroupId=com.example -DartifactId=JV31_pdf -Dversion=0.0.1-SNAPSHOT -Dpackage=com.example.JV31_pdf -DoutputDirectory=C:\pleiades\2024-12\workspace -Dstyle.color=always -U archetype:generate
2026-01-15 12:01:51,242 [Worker-2: maven-archetype-archetype を作成中] INFO  o.e.m.c.i.p.ProjectConfigurationManager - Collecting project info '/pom.xml' C:\pleiades\2024-12\workspace\JV31_pdf\pom.xml
2026-01-15 12:01:51,496 [Worker-2: maven-archetype-archetype を作成中] INFO  o.e.m.c.i.e.AbstractTransferListenerAdapter - Downloading https://repo.maven.apache.org/maven2/org/apache/maven/plugins/maven-jar-plugin/3.4.1/maven-jar-plugin-3.4.1.jar
2026-01-15 12:01:51,522 [Worker-2: maven-archetype-archetype を作成中] INFO  o.e.m.c.i.e.AbstractTransferListenerAdapter - Downloaded https://repo.maven.apache.org/maven2/org/apache/maven/plugins/maven-jar-plugin/3.4.1/maven-jar-plugin-3.4.1.jar
2026-01-15 12:01:51,785 [Worker-2: maven-archetype-archetype を作成中] INFO  o.e.m.c.i.l.LifecycleMappingFactory - Using org.eclipse.m2e.jdt.JarLifecycleMapping lifecycle mapping for MavenProject: com.example:JV31_pdf:0.0.1-SNAPSHOT @ C:\pleiades\2024-12\workspace\JV31_pdf\pom.xml.
2026-01-15 12:01:51,872 [Worker-2: maven-archetype-archetype を作成中] INFO  o.e.m.c.i.e.AbstractTransferListenerAdapter - Downloading https://repo.maven.apache.org/maven2/org/apache/maven/plugins/maven-jar-plugin/3.4.1/maven-jar-plugin-3.4.1.pom
2026-01-15 12:01:51,875 [Worker-2: maven-archetype-archetype を作成中] INFO  o.e.m.c.i.e.AbstractTransferListenerAdapter - Downloaded https://repo.maven.apache.org/maven2/org/apache/maven/plugins/maven-jar-plugin/3.4.1/maven-jar-plugin-3.4.1.pom
2026-01-15 12:01:51,937 [Worker-2: maven-archetype-archetype を作成中] INFO  o.e.m.c.i.e.AbstractTransferListenerAdapter - Downloading https://repo.maven.apache.org/maven2/org/apache/maven/shared/file-management/3.1.0/file-management-3.1.0.pom
2026-01-15 12:01:51,940 [Worker-2: maven-archetype-archetype を作成中] INFO  o.e.m.c.i.e.AbstractTransferListenerAdapter - Downloaded https://repo.maven.apache.org/maven2/org/apache/maven/shared/file-management/3.1.0/file-management-3.1.0.pom
2026-01-15 12:01:51,987 [Worker-2: maven-archetype-archetype を作成中] INFO  o.e.m.c.i.e.AbstractTransferListenerAdapter - Downloading https://repo.maven.apache.org/maven2/org/apache/maven/shared/maven-shared-components/36/maven-shared-components-36.pom
2026-01-15 12:01:51,990 [Worker-2: maven-archetype-archetype を作成中] INFO  o.e.m.c.i.e.AbstractTransferListenerAdapter - Downloaded https://repo.maven.apache.org/maven2/org/apache/maven/shared/maven-shared-components/36/maven-shared-components-36.pom
2026-01-15 12:01:52,037 [Worker-2: maven-archetype-archetype を作成中] INFO  o.e.m.c.i.e.AbstractTransferListenerAdapter - Downloading https://repo.maven.apache.org/maven2/org/codehaus/plexus/plexus-utils/4.0.1/plexus-utils-4.0.1.pom
2026-01-15 12:01:52,040 [Worker-2: maven-archetype-archetype を作成中] INFO  o.e.m.c.i.e.AbstractTransferListenerAdapter - Downloaded https://repo.maven.apache.org/maven2/org/codehaus/plexus/plexus-utils/4.0.1/plexus-utils-4.0.1.pom
2026-01-15 12:01:52,098 [Worker-2: maven-archetype-archetype を作成中] INFO  o.e.m.c.i.e.AbstractTransferListenerAdapter - Downloading https://repo.maven.apache.org/maven2/commons-io/commons-io/2.16.1/commons-io-2.16.1.pom
2026-01-15 12:01:52,102 [Worker-2: maven-archetype-archetype を作成中] INFO  o.e.m.c.i.e.AbstractTransferListenerAdapter - Downloaded https://repo.maven.apache.org/maven2/commons-io/commons-io/2.16.1/commons-io-2.16.1.pom
2026-01-15 12:01:52,148 [Worker-2: maven-archetype-archetype を作成中] INFO  o.e.m.c.i.e.AbstractTransferListenerAdapter - Downloading https://repo.maven.apache.org/maven2/org/apache/maven/maven-archiver/3.6.2/maven-archiver-3.6.2.pom
2026-01-15 12:01:52,151 [Worker-2: maven-archetype-archetype を作成中] INFO  o.e.m.c.i.e.AbstractTransferListenerAdapter - Downloaded https://repo.maven.apache.org/maven2/org/apache/maven/maven-archiver/3.6.2/maven-archiver-3.6.2.pom
2026-01-15 12:01:52,229 [Worker-2: maven-archetype-archetype を作成中] INFO  o.e.m.c.i.e.AbstractTransferListenerAdapter - Downloading https://repo.maven.apache.org/maven2/org/codehaus/plexus/plexus-archiver/4.9.2/plexus-archiver-4.9.2.pom
2026-01-15 12:01:52,232 [Worker-2: maven-archetype-archetype を作成中] INFO  o.e.m.c.i.e.AbstractTransferListenerAdapter - Downloaded https://repo.maven.apache.org/maven2/org/codehaus/plexus/plexus-archiver/4.9.2/plexus-archiver-4.9.2.pom
2026-01-15 12:01:52,279 [Worker-2: maven-archetype-archetype を作成中] INFO  o.e.m.c.i.e.AbstractTransferListenerAdapter - Downloading https://repo.maven.apache.org/maven2/org/codehaus/plexus/plexus-io/3.4.2/plexus-io-3.4.2.pom
2026-01-15 12:01:52,282 [Worker-2: maven-archetype-archetype を作成中] INFO  o.e.m.c.i.e.AbstractTransferListenerAdapter - Downloaded https://repo.maven.apache.org/maven2/org/codehaus/plexus/plexus-io/3.4.2/plexus-io-3.4.2.pom
2026-01-15 12:01:52,338 [Worker-2: maven-archetype-archetype を作成中] INFO  o.e.m.c.i.e.AbstractTransferListenerAdapter - Downloading https://repo.maven.apache.org/maven2/org/codehaus/plexus/plexus/16/plexus-16.pom
2026-01-15 12:01:52,342 [Worker-2: maven-archetype-archetype を作成中] INFO  o.e.m.c.i.e.AbstractTransferListenerAdapter - Downloaded https://repo.maven.apache.org/maven2/org/codehaus/plexus/plexus/16/plexus-16.pom
2026-01-15 12:01:52,394 [Worker-2: maven-archetype-archetype を作成中] INFO  o.e.m.c.i.e.AbstractTransferListenerAdapter - Downloading https://repo.maven.apache.org/maven2/org/junit/junit-bom/5.10.1/junit-bom-5.10.1.pom
2026-01-15 12:01:52,397 [Worker-2: maven-archetype-archetype を作成中] INFO  o.e.m.c.i.e.AbstractTransferListenerAdapter - Downloaded https://repo.maven.apache.org/maven2/org/junit/junit-bom/5.10.1/junit-bom-5.10.1.pom
2026-01-15 12:01:52,466 [Worker-2: maven-archetype-archetype を作成中] INFO  o.e.m.c.i.e.AbstractTransferListenerAdapter - Downloading https://repo.maven.apache.org/maven2/org/apache/commons/commons-compress/1.26.1/commons-compress-1.26.1.pom
2026-01-15 12:01:52,469 [Worker-2: maven-archetype-archetype を作成中] INFO  o.e.m.c.i.e.AbstractTransferListenerAdapter - Downloaded https://repo.maven.apache.org/maven2/org/apache/commons/commons-compress/1.26.1/commons-compress-1.26.1.pom
2026-01-15 12:01:52,535 [Worker-2: maven-archetype-archetype を作成中] INFO  o.e.m.c.i.e.AbstractTransferListenerAdapter - Downloading https://repo.maven.apache.org/maven2/org/apache/commons/commons-parent/66/commons-parent-66.pom
2026-01-15 12:01:52,541 [Worker-2: maven-archetype-archetype を作成中] INFO  o.e.m.c.i.e.AbstractTransferListenerAdapter - Downloaded https://repo.maven.apache.org/maven2/org/apache/commons/commons-parent/66/commons-parent-66.pom
2026-01-15 12:01:52,609 [Worker-2: maven-archetype-archetype を作成中] INFO  o.e.m.c.i.e.AbstractTransferListenerAdapter - Downloading https://repo.maven.apache.org/maven2/commons-codec/commons-codec/1.16.1/commons-codec-1.16.1.pom
2026-01-15 12:01:52,612 [Worker-2: maven-archetype-archetype を作成中] INFO  o.e.m.c.i.e.AbstractTransferListenerAdapter - Downloaded https://repo.maven.apache.org/maven2/commons-codec/commons-codec/1.16.1/commons-codec-1.16.1.pom
2026-01-15 12:01:52,672 [Worker-2: maven-archetype-archetype を作成中] INFO  o.e.m.c.i.e.AbstractTransferListenerAdapter - Downloading https://repo.maven.apache.org/maven2/org/apache/commons/commons-lang3/3.14.0/commons-lang3-3.14.0.pom
2026-01-15 12:01:52,675 [Worker-2: maven-archetype-archetype を作成中] INFO  o.e.m.c.i.e.AbstractTransferListenerAdapter - Downloaded https://repo.maven.apache.org/maven2/org/apache/commons/commons-lang3/3.14.0/commons-lang3-3.14.0.pom
2026-01-15 12:01:52,736 [Worker-2: maven-archetype-archetype を作成中] INFO  o.e.m.c.i.e.AbstractTransferListenerAdapter - Downloading https://repo.maven.apache.org/maven2/org/apache/commons/commons-parent/64/commons-parent-64.pom
2026-01-15 12:01:52,744 [Worker-2: maven-archetype-archetype を作成中] INFO  o.e.m.c.i.e.AbstractTransferListenerAdapter - Downloaded https://repo.maven.apache.org/maven2/org/apache/commons/commons-parent/64/commons-parent-64.pom
2026-01-15 12:01:52,803 [Worker-2: maven-archetype-archetype を作成中] INFO  o.e.m.c.i.e.AbstractTransferListenerAdapter - Downloading https://repo.maven.apache.org/maven2/org/apache/apache/30/apache-30.pom
2026-01-15 12:01:52,807 [Worker-2: maven-archetype-archetype を作成中] INFO  o.e.m.c.i.e.AbstractTransferListenerAdapter - Downloaded https://repo.maven.apache.org/maven2/org/apache/apache/30/apache-30.pom
2026-01-15 12:01:52,869 [Worker-2: maven-archetype-archetype を作成中] INFO  o.e.m.c.i.e.AbstractTransferListenerAdapter - Downloading https://repo.maven.apache.org/maven2/com/github/luben/zstd-jni/1.5.5-11/zstd-jni-1.5.5-11.pom
2026-01-15 12:01:52,872 [Worker-2: maven-archetype-archetype を作成中] INFO  o.e.m.c.i.e.AbstractTransferListenerAdapter - Downloaded https://repo.maven.apache.org/maven2/com/github/luben/zstd-jni/1.5.5-11/zstd-jni-1.5.5-11.pom
2026-01-15 12:01:52,921 [Worker-2: maven-archetype-archetype を作成中] INFO  o.e.m.c.i.e.AbstractTransferListenerAdapter - Downloading https://repo.maven.apache.org/maven2/org/codehaus/plexus/plexus-interpolation/1.27/plexus-interpolation-1.27.pom
2026-01-15 12:01:52,924 [Worker-2: maven-archetype-archetype を作成中] INFO  o.e.m.c.i.e.AbstractTransferListenerAdapter - Downloaded https://repo.maven.apache.org/maven2/org/codehaus/plexus/plexus-interpolation/1.27/plexus-interpolation-1.27.pom
2026-01-15 12:01:53,026 [Worker-2: maven-archetype-archetype を作成中] INFO  o.e.m.c.i.e.AbstractTransferListenerAdapter - Downloading https://repo.maven.apache.org/maven2/org/apache/maven/shared/file-management/3.1.0/file-management-3.1.0.jar
2026-01-15 12:01:53,036 [Worker-2: maven-archetype-archetype を作成中] INFO  o.e.m.c.i.e.AbstractTransferListenerAdapter - Downloaded https://repo.maven.apache.org/maven2/org/apache/maven/shared/file-management/3.1.0/file-management-3.1.0.jar
2026-01-15 12:01:53,110 [BasicRepositoryConnector-repo.maven.apache.org-0-0] INFO  o.e.m.c.i.e.AbstractTransferListenerAdapter - Downloading https://repo.maven.apache.org/maven2/commons-io/commons-io/2.16.1/commons-io-2.16.1.jar
2026-01-15 12:01:53,195 [BasicRepositoryConnector-repo.maven.apache.org-0-1] INFO  o.e.m.c.i.e.AbstractTransferListenerAdapter - Downloading https://repo.maven.apache.org/maven2/org/apache/maven/maven-archiver/3.6.2/maven-archiver-3.6.2.jar
2026-01-15 12:01:53,195 [BasicRepositoryConnector-repo.maven.apache.org-0-2] INFO  o.e.m.c.i.e.AbstractTransferListenerAdapter - Downloading https://repo.maven.apache.org/maven2/org/codehaus/plexus/plexus-interpolation/1.27/plexus-interpolation-1.27.jar
2026-01-15 12:01:53,204 [BasicRepositoryConnector-repo.maven.apache.org-0-3] INFO  o.e.m.c.i.e.AbstractTransferListenerAdapter - Downloading https://repo.maven.apache.org/maven2/org/codehaus/plexus/plexus-utils/4.0.1/plexus-utils-4.0.1.jar
2026-01-15 12:01:53,206 [BasicRepositoryConnector-repo.maven.apache.org-0-1] INFO  o.e.m.c.i.e.AbstractTransferListenerAdapter - Downloaded https://repo.maven.apache.org/maven2/org/apache/maven/maven-archiver/3.6.2/maven-archiver-3.6.2.jar
2026-01-15 12:01:53,238 [BasicRepositoryConnector-repo.maven.apache.org-0-4] INFO  o.e.m.c.i.e.AbstractTransferListenerAdapter - Downloading https://repo.maven.apache.org/maven2/org/codehaus/plexus/plexus-archiver/4.9.2/plexus-archiver-4.9.2.jar
2026-01-15 12:01:53,264 [BasicRepositoryConnector-repo.maven.apache.org-0-2] INFO  o.e.m.c.i.e.AbstractTransferListenerAdapter - Downloaded https://repo.maven.apache.org/maven2/org/codehaus/plexus/plexus-interpolation/1.27/plexus-interpolation-1.27.jar
2026-01-15 12:01:53,265 [BasicRepositoryConnector-repo.maven.apache.org-0-0] INFO  o.e.m.c.i.e.AbstractTransferListenerAdapter - Downloaded https://repo.maven.apache.org/maven2/commons-io/commons-io/2.16.1/commons-io-2.16.1.jar
2026-01-15 12:01:53,268 [BasicRepositoryConnector-repo.maven.apache.org-0-1] INFO  o.e.m.c.i.e.AbstractTransferListenerAdapter - Downloading https://repo.maven.apache.org/maven2/org/codehaus/plexus/plexus-io/3.4.2/plexus-io-3.4.2.jar
2026-01-15 12:01:53,318 [BasicRepositoryConnector-repo.maven.apache.org-0-1] INFO  o.e.m.c.i.e.AbstractTransferListenerAdapter - Downloaded https://repo.maven.apache.org/maven2/org/codehaus/plexus/plexus-io/3.4.2/plexus-io-3.4.2.jar
2026-01-15 12:01:53,322 [BasicRepositoryConnector-repo.maven.apache.org-0-3] INFO  o.e.m.c.i.e.AbstractTransferListenerAdapter - Downloaded https://repo.maven.apache.org/maven2/org/codehaus/plexus/plexus-utils/4.0.1/plexus-utils-4.0.1.jar
2026-01-15 12:01:53,329 [BasicRepositoryConnector-repo.maven.apache.org-0-2] INFO  o.e.m.c.i.e.AbstractTransferListenerAdapter - Downloading https://repo.maven.apache.org/maven2/org/apache/commons/commons-compress/1.26.1/commons-compress-1.26.1.jar
2026-01-15 12:01:53,350 [BasicRepositoryConnector-repo.maven.apache.org-0-0] INFO  o.e.m.c.i.e.AbstractTransferListenerAdapter - Downloading https://repo.maven.apache.org/maven2/org/apache/commons/commons-lang3/3.14.0/commons-lang3-3.14.0.jar
2026-01-15 12:01:53,403 [BasicRepositoryConnector-repo.maven.apache.org-0-4] INFO  o.e.m.c.i.e.AbstractTransferListenerAdapter - Downloaded https://repo.maven.apache.org/maven2/org/codehaus/plexus/plexus-archiver/4.9.2/plexus-archiver-4.9.2.jar
2026-01-15 12:01:53,437 [BasicRepositoryConnector-repo.maven.apache.org-0-1] INFO  o.e.m.c.i.e.AbstractTransferListenerAdapter - Downloading https://repo.maven.apache.org/maven2/commons-codec/commons-codec/1.16.1/commons-codec-1.16.1.jar
2026-01-15 12:01:53,441 [BasicRepositoryConnector-repo.maven.apache.org-0-3] INFO  o.e.m.c.i.e.AbstractTransferListenerAdapter - Downloading https://repo.maven.apache.org/maven2/org/tukaani/xz/1.9/xz-1.9.jar
2026-01-15 12:01:53,473 [BasicRepositoryConnector-repo.maven.apache.org-0-3] INFO  o.e.m.c.i.e.AbstractTransferListenerAdapter - Downloaded https://repo.maven.apache.org/maven2/org/tukaani/xz/1.9/xz-1.9.jar
2026-01-15 12:01:53,550 [BasicRepositoryConnector-repo.maven.apache.org-0-4] INFO  o.e.m.c.i.e.AbstractTransferListenerAdapter - Downloading https://repo.maven.apache.org/maven2/com/github/luben/zstd-jni/1.5.5-11/zstd-jni-1.5.5-11.jar
2026-01-15 12:01:53,637 [BasicRepositoryConnector-repo.maven.apache.org-0-1] INFO  o.e.m.c.i.e.AbstractTransferListenerAdapter - Downloaded https://repo.maven.apache.org/maven2/commons-codec/commons-codec/1.16.1/commons-codec-1.16.1.jar
2026-01-15 12:01:53,639 [BasicRepositoryConnector-repo.maven.apache.org-0-2] INFO  o.e.m.c.i.e.AbstractTransferListenerAdapter - Downloaded https://repo.maven.apache.org/maven2/org/apache/commons/commons-compress/1.26.1/commons-compress-1.26.1.jar
2026-01-15 12:01:53,892 [BasicRepositoryConnector-repo.maven.apache.org-0-0] INFO  o.e.m.c.i.e.AbstractTransferListenerAdapter - Downloaded https://repo.maven.apache.org/maven2/org/apache/commons/commons-lang3/3.14.0/commons-lang3-3.14.0.jar
2026-01-15 12:01:56,398 [BasicRepositoryConnector-repo.maven.apache.org-0-4] INFO  o.e.m.c.i.e.AbstractTransferListenerAdapter - Downloaded https://repo.maven.apache.org/maven2/com/github/luben/zstd-jni/1.5.5-11/zstd-jni-1.5.5-11.jar
2026-01-15 12:01:56,686 [Worker-2: maven-archetype-archetype を作成中] INFO  o.e.m.j.i.AbstractJavaProjectConfigurator - Adding source folder /JV31_pdf/src/main/java
2026-01-15 12:01:56,687 [Worker-2: maven-archetype-archetype を作成中] INFO  o.e.m.j.i.AbstractJavaProjectConfigurator - Adding resource folder /JV31_pdf/src/main/resources
2026-01-15 12:01:56,688 [Worker-2: maven-archetype-archetype を作成中] INFO  o.e.m.j.i.AbstractJavaProjectConfigurator - Adding source folder /JV31_pdf/src/test/java
2026-01-15 12:01:56,688 [Worker-2: maven-archetype-archetype を作成中] INFO  o.e.m.j.i.AbstractJavaProjectConfigurator - Adding resource folder /JV31_pdf/src/test/resources
2026-01-15 12:01:56,757 [Worker-2: maven-archetype-archetype を作成中] INFO  o.e.m.c.i.p.ProjectConfigurationManager - Imported and configured 1 project(s) in 5 sec
2026-01-15 12:01:56,999 [Worker-16: ビルド] WARN  o.a.m.s.f.DefaultMavenResourcesFiltering - Using platform encoding (UTF-8 actually) to copy filtered resources, i.e. build is platform dependent!
2026-01-15 12:01:57,004 [Worker-16: ビルド] INFO  o.a.m.s.f.DefaultMavenResourcesFiltering - Copying 4 resources from src\main\resources to target\classes
2026-01-15 12:01:57,014 [Worker-16: ビルド] WARN  o.a.m.s.f.DefaultMavenResourcesFiltering - Using platform encoding (UTF-8 actually) to copy filtered resources, i.e. build is platform dependent!
2026-01-15 12:01:57,015 [Worker-16: ビルド] INFO  o.a.m.s.f.DefaultMavenResourcesFiltering - skip non existing resourceDirectory C:\pleiades\2024-12\workspace\JV31_pdf\src\test\resources
2026-01-15 12:02:10,242 [Worker-3: reload maven project] ERROR o.e.m2e.editor.pom.MavenPomEditor - failed to load maven project for org.eclipse.ui.part.FileEditorInput(/JV31_pdf/src/main/resources/archetype-resources/pom.xml)
org.eclipse.core.runtime.CoreException: Maven プロジェクトを読み取れませんでした
	at org.eclipse.m2e.core.internal.project.registry.ProjectRegistryManager.readProjectWithDependencies(ProjectRegistryManager.java:917)
	at org.eclipse.m2e.core.internal.project.registry.MavenProjectCache$CacheLine.lambda$1(MavenProjectCache.java:192)
	at java.base/java.util.concurrent.ConcurrentHashMap.computeIfAbsent(ConcurrentHashMap.java:1708)
	at org.eclipse.m2e.core.internal.project.registry.MavenProjectCache$CacheLine.getProject(MavenProjectCache.java:191)
	at org.eclipse.m2e.core.internal.project.registry.MavenProjectCache.getMavenProject(MavenProjectCache.java:105)
	at org.eclipse.m2e.core.internal.project.registry.ProjectRegistryManager.lambda$24(ProjectRegistryManager.java:1101)
	at java.base/java.util.Map.computeIfAbsent(Map.java:1066)
	at org.eclipse.m2e.core.internal.project.registry.ProjectRegistryManager.getMavenProject(ProjectRegistryManager.java:1100)
	at org.eclipse.m2e.core.internal.project.registry.MavenProjectFacade.getMavenProject(MavenProjectFacade.java:289)
	at org.eclipse.m2e.core.ui.internal.actions.SelectionUtil.getMavenProject(SelectionUtil.java:241)
	at org.eclipse.m2e.editor.pom.MavenPomEditor.readMavenProject(MavenPomEditor.java:709)
	at org.eclipse.m2e.editor.pom.MavenPomEditor$4.run(MavenPomEditor.java:1029)
	at org.eclipse.core.internal.jobs.Worker.run(Worker.java:63)
2026-01-15 12:02:45,144 [Worker-16: ビルド] WARN  o.a.m.s.f.DefaultMavenResourcesFiltering - Using platform encoding (UTF-8 actually) to copy filtered resources, i.e. build is platform dependent!
2026-01-15 12:02:45,147 [Worker-16: ビルド] INFO  o.a.m.s.f.DefaultMavenResourcesFiltering - Copying 1 resource from src\main\resources to target\classes
2026-01-15 12:02:45,150 [Worker-16: ビルド] WARN  o.a.m.s.f.DefaultMavenResourcesFiltering - Using platform encoding (UTF-8 actually) to copy filtered resources, i.e. build is platform dependent!
2026-01-15 12:02:45,151 [Worker-16: ビルド] INFO  o.a.m.s.f.DefaultMavenResourcesFiltering - skip non existing resourceDirectory C:\pleiades\2024-12\workspace\JV31_pdf\src\test\resources
2026-01-15 12:02:45,208 [Worker-3: reload maven project] INFO  o.e.m.c.i.e.AbstractTransferListenerAdapter - Downloading https://repo.maven.apache.org/maven2/com/itextpdf/itext7-core/8.0.3/itext7-core-8.0.3.pom
2026-01-15 12:02:45,211 [Worker-3: reload maven project] INFO  o.e.m.c.i.e.AbstractTransferListenerAdapter - Downloaded https://repo.maven.apache.org/maven2/com/itextpdf/itext7-core/8.0.3/itext7-core-8.0.3.pom
2026-01-15 12:02:45,293 [Worker-3: reload maven project] INFO  o.e.m.c.i.e.AbstractTransferListenerAdapter - Downloading https://repo.maven.apache.org/maven2/com/itextpdf/itext-core/8.0.3/itext-core-8.0.3.pom
2026-01-15 12:02:45,296 [Worker-3: reload maven project] INFO  o.e.m.c.i.e.AbstractTransferListenerAdapter - Downloaded https://repo.maven.apache.org/maven2/com/itextpdf/itext-core/8.0.3/itext-core-8.0.3.pom
2026-01-15 12:02:45,365 [Worker-3: reload maven project] INFO  o.e.m.c.i.e.AbstractTransferListenerAdapter - Downloading https://repo.maven.apache.org/maven2/com/itextpdf/barcodes/8.0.3/barcodes-8.0.3.pom
2026-01-15 12:02:45,368 [Worker-3: reload maven project] INFO  o.e.m.c.i.e.AbstractTransferListenerAdapter - Downloaded https://repo.maven.apache.org/maven2/com/itextpdf/barcodes/8.0.3/barcodes-8.0.3.pom
2026-01-15 12:02:45,452 [Worker-3: reload maven project] INFO  o.e.m.c.i.e.AbstractTransferListenerAdapter - Downloading https://repo.maven.apache.org/maven2/com/itextpdf/root/8.0.3/root-8.0.3.pom
2026-01-15 12:02:45,455 [Worker-3: reload maven project] INFO  o.e.m.c.i.e.AbstractTransferListenerAdapter - Downloaded https://repo.maven.apache.org/maven2/com/itextpdf/root/8.0.3/root-8.0.3.pom
2026-01-15 12:02:45,622 [Worker-3: reload maven project] INFO  o.e.m.c.i.e.AbstractTransferListenerAdapter - Downloading https://repo.maven.apache.org/maven2/com/itextpdf/kernel/8.0.3/kernel-8.0.3.pom
2026-01-15 12:02:45,625 [Worker-3: reload maven project] INFO  o.e.m.c.i.e.AbstractTransferListenerAdapter - Downloaded https://repo.maven.apache.org/maven2/com/itextpdf/kernel/8.0.3/kernel-8.0.3.pom
2026-01-15 12:02:45,712 [Worker-3: reload maven project] INFO  o.e.m.c.i.e.AbstractTransferListenerAdapter - Downloading https://repo.maven.apache.org/maven2/com/itextpdf/bouncy-castle-connector/8.0.3/bouncy-castle-connector-8.0.3.pom
2026-01-15 12:02:45,715 [Worker-3: reload maven project] INFO  o.e.m.c.i.e.AbstractTransferListenerAdapter - Downloaded https://repo.maven.apache.org/maven2/com/itextpdf/bouncy-castle-connector/8.0.3/bouncy-castle-connector-8.0.3.pom
2026-01-15 12:02:45,806 [Worker-3: reload maven project] INFO  o.e.m.c.i.e.AbstractTransferListenerAdapter - Downloading https://repo.maven.apache.org/maven2/com/itextpdf/io/8.0.3/io-8.0.3.pom
2026-01-15 12:02:45,809 [Worker-3: reload maven project] INFO  o.e.m.c.i.e.AbstractTransferListenerAdapter - Downloaded https://repo.maven.apache.org/maven2/com/itextpdf/io/8.0.3/io-8.0.3.pom
2026-01-15 12:02:45,887 [Worker-3: reload maven project] INFO  o.e.m.c.i.e.AbstractTransferListenerAdapter - Downloading https://repo.maven.apache.org/maven2/com/itextpdf/commons/8.0.3/commons-8.0.3.pom
2026-01-15 12:02:45,889 [Worker-3: reload maven project] INFO  o.e.m.c.i.e.AbstractTransferListenerAdapter - Downloaded https://repo.maven.apache.org/maven2/com/itextpdf/commons/8.0.3/commons-8.0.3.pom
2026-01-15 12:02:45,968 [Worker-3: reload maven project] INFO  o.e.m.c.i.e.AbstractTransferListenerAdapter - Downloading https://repo.maven.apache.org/maven2/com/itextpdf/font-asian/8.0.3/font-asian-8.0.3.pom
2026-01-15 12:02:45,970 [Worker-3: reload maven project] INFO  o.e.m.c.i.e.AbstractTransferListenerAdapter - Downloaded https://repo.maven.apache.org/maven2/com/itextpdf/font-asian/8.0.3/font-asian-8.0.3.pom
2026-01-15 12:02:46,047 [Worker-3: reload maven project] INFO  o.e.m.c.i.e.AbstractTransferListenerAdapter - Downloading https://repo.maven.apache.org/maven2/com/itextpdf/forms/8.0.3/forms-8.0.3.pom
2026-01-15 12:02:46,050 [Worker-3: reload maven project] INFO  o.e.m.c.i.e.AbstractTransferListenerAdapter - Downloaded https://repo.maven.apache.org/maven2/com/itextpdf/forms/8.0.3/forms-8.0.3.pom
2026-01-15 12:02:46,123 [Worker-3: reload maven project] INFO  o.e.m.c.i.e.AbstractTransferListenerAdapter - Downloading https://repo.maven.apache.org/maven2/com/itextpdf/layout/8.0.3/layout-8.0.3.pom
2026-01-15 12:02:46,126 [Worker-3: reload maven project] INFO  o.e.m.c.i.e.AbstractTransferListenerAdapter - Downloaded https://repo.maven.apache.org/maven2/com/itextpdf/layout/8.0.3/layout-8.0.3.pom
2026-01-15 12:02:46,200 [Worker-3: reload maven project] INFO  o.e.m.c.i.e.AbstractTransferListenerAdapter - Downloading https://repo.maven.apache.org/maven2/com/itextpdf/hyph/8.0.3/hyph-8.0.3.pom
2026-01-15 12:02:46,203 [Worker-3: reload maven project] INFO  o.e.m.c.i.e.AbstractTransferListenerAdapter - Downloaded https://repo.maven.apache.org/maven2/com/itextpdf/hyph/8.0.3/hyph-8.0.3.pom
2026-01-15 12:02:46,268 [Worker-3: reload maven project] INFO  o.e.m.c.i.e.AbstractTransferListenerAdapter - Downloading https://repo.maven.apache.org/maven2/com/itextpdf/pdfa/8.0.3/pdfa-8.0.3.pom
2026-01-15 12:02:46,271 [Worker-3: reload maven project] INFO  o.e.m.c.i.e.AbstractTransferListenerAdapter - Downloaded https://repo.maven.apache.org/maven2/com/itextpdf/pdfa/8.0.3/pdfa-8.0.3.pom
2026-01-15 12:02:46,354 [Worker-3: reload maven project] INFO  o.e.m.c.i.e.AbstractTransferListenerAdapter - Downloading https://repo.maven.apache.org/maven2/com/itextpdf/sign/8.0.3/sign-8.0.3.pom
2026-01-15 12:02:46,356 [Worker-3: reload maven project] INFO  o.e.m.c.i.e.AbstractTransferListenerAdapter - Downloaded https://repo.maven.apache.org/maven2/com/itextpdf/sign/8.0.3/sign-8.0.3.pom
2026-01-15 12:02:46,429 [Worker-3: reload maven project] INFO  o.e.m.c.i.e.AbstractTransferListenerAdapter - Downloading https://repo.maven.apache.org/maven2/com/itextpdf/styled-xml-parser/8.0.3/styled-xml-parser-8.0.3.pom
2026-01-15 12:02:46,434 [Worker-3: reload maven project] INFO  o.e.m.c.i.e.AbstractTransferListenerAdapter - Downloaded https://repo.maven.apache.org/maven2/com/itextpdf/styled-xml-parser/8.0.3/styled-xml-parser-8.0.3.pom
2026-01-15 12:02:46,499 [Worker-3: reload maven project] INFO  o.e.m.c.i.e.AbstractTransferListenerAdapter - Downloading https://repo.maven.apache.org/maven2/com/itextpdf/svg/8.0.3/svg-8.0.3.pom
2026-01-15 12:02:46,503 [Worker-3: reload maven project] INFO  o.e.m.c.i.e.AbstractTransferListenerAdapter - Downloaded https://repo.maven.apache.org/maven2/com/itextpdf/svg/8.0.3/svg-8.0.3.pom
2026-01-15 12:02:46,567 [Worker-3: reload maven project] INFO  o.e.m.c.i.e.AbstractTransferListenerAdapter - Downloading https://repo.maven.apache.org/maven2/com/itextpdf/pdfua/8.0.3/pdfua-8.0.3.pom
2026-01-15 12:02:46,569 [Worker-3: reload maven project] INFO  o.e.m.c.i.e.AbstractTransferListenerAdapter - Downloaded https://repo.maven.apache.org/maven2/com/itextpdf/pdfua/8.0.3/pdfua-8.0.3.pom
2026-01-15 12:02:46,634 [Worker-3: reload maven project] INFO  o.e.m.c.i.e.AbstractTransferListenerAdapter - Downloading https://repo.maven.apache.org/maven2/jakarta/servlet/jakarta.servlet-api/6.0.0/jakarta.servlet-api-6.0.0.pom
2026-01-15 12:02:46,637 [Worker-3: reload maven project] INFO  o.e.m.c.i.e.AbstractTransferListenerAdapter - Downloaded https://repo.maven.apache.org/maven2/jakarta/servlet/jakarta.servlet-api/6.0.0/jakarta.servlet-api-6.0.0.pom
2026-01-15 12:02:46,643 [Worker-3: reload maven project] WARN  o.e.m.c.i.embedder.EclipseLogger - The artifact com.itextpdf:itext7-core:pom:8.0.3 has been relocated to com.itextpdf:itext-core:pom:8.0.3
2026-01-15 12:02:46,727 [Worker-3: reload maven project] INFO  o.e.m.c.i.e.AbstractTransferListenerAdapter - Downloading https://repo.maven.apache.org/maven2/com/itextpdf/barcodes/8.0.3/barcodes-8.0.3.jar
2026-01-15 12:02:46,851 [Worker-3: reload maven project] INFO  o.e.m.c.i.e.AbstractTransferListenerAdapter - Downloaded https://repo.maven.apache.org/maven2/com/itextpdf/barcodes/8.0.3/barcodes-8.0.3.jar
2026-01-15 12:02:46,939 [BasicRepositoryConnector-repo.maven.apache.org-1-4] INFO  o.e.m.c.i.e.AbstractTransferListenerAdapter - Downloading https://repo.maven.apache.org/maven2/com/itextpdf/commons/8.0.3/commons-8.0.3.jar
2026-01-15 12:02:47,055 [BasicRepositoryConnector-repo.maven.apache.org-1-4] INFO  o.e.m.c.i.e.AbstractTransferListenerAdapter - Downloaded https://repo.maven.apache.org/maven2/com/itextpdf/commons/8.0.3/commons-8.0.3.jar
2026-01-15 12:02:47,062 [BasicRepositoryConnector-repo.maven.apache.org-1-1] INFO  o.e.m.c.i.e.AbstractTransferListenerAdapter - Downloading https://repo.maven.apache.org/maven2/com/itextpdf/forms/8.0.3/forms-8.0.3.jar
2026-01-15 12:02:47,065 [BasicRepositoryConnector-repo.maven.apache.org-1-0] INFO  o.e.m.c.i.e.AbstractTransferListenerAdapter - Downloading https://repo.maven.apache.org/maven2/com/itextpdf/font-asian/8.0.3/font-asian-8.0.3.jar
2026-01-15 12:02:47,101 [BasicRepositoryConnector-repo.maven.apache.org-1-2] INFO  o.e.m.c.i.e.AbstractTransferListenerAdapter - Downloading https://repo.maven.apache.org/maven2/com/itextpdf/hyph/8.0.3/hyph-8.0.3.jar
2026-01-15 12:02:47,111 [BasicRepositoryConnector-repo.maven.apache.org-1-3] INFO  o.e.m.c.i.e.AbstractTransferListenerAdapter - Downloading https://repo.maven.apache.org/maven2/com/itextpdf/io/8.0.3/io-8.0.3.jar
2026-01-15 12:02:47,206 [BasicRepositoryConnector-repo.maven.apache.org-1-4] INFO  o.e.m.c.i.e.AbstractTransferListenerAdapter - Downloading https://repo.maven.apache.org/maven2/com/itextpdf/kernel/8.0.3/kernel-8.0.3.jar
2026-01-15 12:02:47,863 [BasicRepositoryConnector-repo.maven.apache.org-1-1] INFO  o.e.m.c.i.e.AbstractTransferListenerAdapter - Downloaded https://repo.maven.apache.org/maven2/com/itextpdf/forms/8.0.3/forms-8.0.3.jar
2026-01-15 12:02:48,043 [BasicRepositoryConnector-repo.maven.apache.org-1-1] INFO  o.e.m.c.i.e.AbstractTransferListenerAdapter - Downloading https://repo.maven.apache.org/maven2/com/itextpdf/layout/8.0.3/layout-8.0.3.jar
2026-01-15 12:02:49,195 [BasicRepositoryConnector-repo.maven.apache.org-1-1] INFO  o.e.m.c.i.e.AbstractTransferListenerAdapter - Downloaded https://repo.maven.apache.org/maven2/com/itextpdf/layout/8.0.3/layout-8.0.3.jar
2026-01-15 12:02:49,279 [BasicRepositoryConnector-repo.maven.apache.org-1-4] INFO  o.e.m.c.i.e.AbstractTransferListenerAdapter - Downloaded https://repo.maven.apache.org/maven2/com/itextpdf/kernel/8.0.3/kernel-8.0.3.jar
2026-01-15 12:02:49,467 [BasicRepositoryConnector-repo.maven.apache.org-1-4] INFO  o.e.m.c.i.e.AbstractTransferListenerAdapter - Downloading https://repo.maven.apache.org/maven2/com/itextpdf/sign/8.0.3/sign-8.0.3.jar
2026-01-15 12:02:49,467 [BasicRepositoryConnector-repo.maven.apache.org-1-1] INFO  o.e.m.c.i.e.AbstractTransferListenerAdapter - Downloading https://repo.maven.apache.org/maven2/com/itextpdf/pdfa/8.0.3/pdfa-8.0.3.jar
2026-01-15 12:02:49,614 [BasicRepositoryConnector-repo.maven.apache.org-1-1] INFO  o.e.m.c.i.e.AbstractTransferListenerAdapter - Downloaded https://repo.maven.apache.org/maven2/com/itextpdf/pdfa/8.0.3/pdfa-8.0.3.jar
2026-01-15 12:02:49,643 [BasicRepositoryConnector-repo.maven.apache.org-1-3] INFO  o.e.m.c.i.e.AbstractTransferListenerAdapter - Downloaded https://repo.maven.apache.org/maven2/com/itextpdf/io/8.0.3/io-8.0.3.jar
2026-01-15 12:02:50,783 [BasicRepositoryConnector-repo.maven.apache.org-1-1] INFO  o.e.m.c.i.e.AbstractTransferListenerAdapter - Downloading https://repo.maven.apache.org/maven2/com/itextpdf/styled-xml-parser/8.0.3/styled-xml-parser-8.0.3.jar
2026-01-15 12:02:50,794 [BasicRepositoryConnector-repo.maven.apache.org-1-3] INFO  o.e.m.c.i.e.AbstractTransferListenerAdapter - Downloading https://repo.maven.apache.org/maven2/com/itextpdf/svg/8.0.3/svg-8.0.3.jar
2026-01-15 12:02:51,443 [BasicRepositoryConnector-repo.maven.apache.org-1-3] INFO  o.e.m.c.i.e.AbstractTransferListenerAdapter - Downloaded https://repo.maven.apache.org/maven2/com/itextpdf/svg/8.0.3/svg-8.0.3.jar
2026-01-15 12:02:51,638 [BasicRepositoryConnector-repo.maven.apache.org-1-2] INFO  o.e.m.c.i.e.AbstractTransferListenerAdapter - Downloaded https://repo.maven.apache.org/maven2/com/itextpdf/hyph/8.0.3/hyph-8.0.3.jar
2026-01-15 12:02:51,699 [BasicRepositoryConnector-repo.maven.apache.org-1-3] INFO  o.e.m.c.i.e.AbstractTransferListenerAdapter - Downloading https://repo.maven.apache.org/maven2/com/itextpdf/bouncy-castle-connector/8.0.3/bouncy-castle-connector-8.0.3.jar
2026-01-15 12:02:51,701 [BasicRepositoryConnector-repo.maven.apache.org-1-3] INFO  o.e.m.c.i.e.AbstractTransferListenerAdapter - Downloaded https://repo.maven.apache.org/maven2/com/itextpdf/bouncy-castle-connector/8.0.3/bouncy-castle-connector-8.0.3.jar
2026-01-15 12:02:51,821 [BasicRepositoryConnector-repo.maven.apache.org-1-2] INFO  o.e.m.c.i.e.AbstractTransferListenerAdapter - Downloading https://repo.maven.apache.org/maven2/com/itextpdf/pdfua/8.0.3/pdfua-8.0.3.jar
2026-01-15 12:02:51,824 [BasicRepositoryConnector-repo.maven.apache.org-1-2] INFO  o.e.m.c.i.e.AbstractTransferListenerAdapter - Downloaded https://repo.maven.apache.org/maven2/com/itextpdf/pdfua/8.0.3/pdfua-8.0.3.jar
2026-01-15 12:02:51,890 [BasicRepositoryConnector-repo.maven.apache.org-1-4] INFO  o.e.m.c.i.e.AbstractTransferListenerAdapter - Downloaded https://repo.maven.apache.org/maven2/com/itextpdf/sign/8.0.3/sign-8.0.3.jar
2026-01-15 12:02:51,933 [BasicRepositoryConnector-repo.maven.apache.org-1-3] INFO  o.e.m.c.i.e.AbstractTransferListenerAdapter - Downloading https://repo.maven.apache.org/maven2/jakarta/servlet/jakarta.servlet-api/6.0.0/jakarta.servlet-api-6.0.0.jar
2026-01-15 12:02:51,939 [BasicRepositoryConnector-repo.maven.apache.org-1-1] INFO  o.e.m.c.i.e.AbstractTransferListenerAdapter - Downloaded https://repo.maven.apache.org/maven2/com/itextpdf/styled-xml-parser/8.0.3/styled-xml-parser-8.0.3.jar
2026-01-15 12:02:53,986 [BasicRepositoryConnector-repo.maven.apache.org-1-3] INFO  o.e.m.c.i.e.AbstractTransferListenerAdapter - Downloaded https://repo.maven.apache.org/maven2/jakarta/servlet/jakarta.servlet-api/6.0.0/jakarta.servlet-api-6.0.0.jar
2026-01-15 12:02:56,320 [BasicRepositoryConnector-repo.maven.apache.org-1-0] INFO  o.e.m.c.i.e.AbstractTransferListenerAdapter - Downloaded https://repo.maven.apache.org/maven2/com/itextpdf/font-asian/8.0.3/font-asian-8.0.3.jar
2026-01-15 12:02:56,372 [Worker-3: reload maven project] WARN  o.e.m.c.i.embedder.EclipseLogger - The artifact com.itextpdf:itext7-core:pom:8.0.3 has been relocated to com.itextpdf:itext-core:pom:8.0.3
2026-01-15 12:03:42,676 [Worker-16: reload maven project] WARN  o.e.m.c.i.embedder.EclipseLogger - The artifact com.itextpdf:itext7-core:pom:8.0.3 has been relocated to com.itextpdf:itext-core:pom:8.0.3
2026-01-15 12:03:42,864 [Worker-2: ビルド] INFO  o.e.m.c.i.l.LifecycleMappingFactory - Using org.eclipse.m2e.jdt.JarLifecycleMapping lifecycle mapping for MavenProject: com.example:JV31_pdf:0.0.1-SNAPSHOT @ C:\pleiades\2024-12\workspace\JV31_pdf\pom.xml.
2026-01-15 12:03:42,927 [Worker-2: ビルド] WARN  o.a.m.s.f.DefaultMavenResourcesFiltering - Using platform encoding (UTF-8 actually) to copy filtered resources, i.e. build is platform dependent!
2026-01-15 12:03:42,930 [Worker-2: ビルド] INFO  o.a.m.s.f.DefaultMavenResourcesFiltering - Copying 1 resource from src\main\resources to target\classes
2026-01-15 12:03:42,933 [Worker-2: ビルド] WARN  o.a.m.s.f.DefaultMavenResourcesFiltering - Using platform encoding (UTF-8 actually) to copy filtered resources, i.e. build is platform dependent!
2026-01-15 12:03:42,933 [Worker-2: ビルド] INFO  o.a.m.s.f.DefaultMavenResourcesFiltering - skip non existing resourceDirectory C:\pleiades\2024-12\workspace\JV31_pdf\src\test\resources
2026-01-15 12:04:08,358 [Worker-2: ビルド] WARN  o.e.m.c.i.embedder.EclipseLogger - The artifact com.itextpdf:itext7-core:pom:8.0.3 has been relocated to com.itextpdf:itext-core:pom:8.0.3
2026-01-15 12:04:08,454 [Worker-2: ビルド] INFO  o.e.m.c.i.l.LifecycleMappingFactory - Using org.maven.ide.eclipse.wtp.WarLifecycleMapping lifecycle mapping for MavenProject: com.example:HelloIText:1.0-SNAPSHOT @ C:\pleiades\2024-12\workspace\JV31_pdf\pom.xml.
2026-01-15 12:04:08,456 [Worker-2: ビルド] WARN  o.e.m.c.i.embedder.EclipseLogger - The artifact com.itextpdf:itext7-core:pom:8.0.3 has been relocated to com.itextpdf:itext-core:pom:8.0.3
2026-01-15 12:04:08,944 [Worker-2: ビルド] WARN  o.a.m.s.f.DefaultMavenResourcesFiltering - Using platform encoding (UTF-8 actually) to copy filtered resources, i.e. build is platform dependent!
2026-01-15 12:04:08,947 [Worker-2: ビルド] INFO  o.a.m.s.f.DefaultMavenResourcesFiltering - Copying 0 resource from src\main\resources to target\classes
2026-01-15 12:04:08,949 [Worker-2: ビルド] WARN  o.a.m.s.f.DefaultMavenResourcesFiltering - Using platform encoding (UTF-8 actually) to copy filtered resources, i.e. build is platform dependent!
2026-01-15 12:04:08,950 [Worker-2: ビルド] INFO  o.a.m.s.f.DefaultMavenResourcesFiltering - skip non existing resourceDirectory C:\pleiades\2024-12\workspace\JV31_pdf\src\test\resources
2026-01-15 12:04:08,951 [Worker-2: ビルド] INFO  o.e.m.w.i.f.ResourceFilteringBuildParticipant - Changed resources require a complete clean of filtered resources of JV31_pdf
2026-01-15 12:04:08,951 [Worker-2: ビルド] INFO  o.e.m.w.i.f.ResourceFilteringBuildParticipant - Executing resource filtering for JV31_pdf
2026-01-15 12:04:09,107 [Worker-3: Maven プロジェクトの更新中] INFO  o.e.m.c.i.p.ProjectConfigurationManager - Update started
2026-01-15 12:04:09,204 [Worker-3: Maven プロジェクトの更新中] INFO  o.e.m.c.i.l.LifecycleMappingFactory - Using org.maven.ide.eclipse.wtp.WarLifecycleMapping lifecycle mapping for MavenProject: com.example:HelloIText:1.0-SNAPSHOT @ C:\pleiades\2024-12\workspace\JV31_pdf\pom.xml.
2026-01-15 12:04:09,222 [Worker-3: Maven プロジェクトの更新中] WARN  o.e.m.c.i.embedder.EclipseLogger - The artifact com.itextpdf:itext7-core:pom:8.0.3 has been relocated to com.itextpdf:itext-core:pom:8.0.3
2026-01-15 12:04:09,525 [Worker-3: Maven プロジェクトの更新中] INFO  o.e.m.j.i.AbstractJavaProjectConfigurator - Adding source folder /JV31_pdf/src/main/java
2026-01-15 12:04:09,525 [Worker-3: Maven プロジェクトの更新中] INFO  o.e.m.j.i.AbstractJavaProjectConfigurator - Adding resource folder /JV31_pdf/src/main/resources
2026-01-15 12:04:09,526 [Worker-3: Maven プロジェクトの更新中] INFO  o.e.m.j.i.AbstractJavaProjectConfigurator - Adding source folder /JV31_pdf/src/test/java
2026-01-15 12:04:09,526 [Worker-3: Maven プロジェクトの更新中] INFO  o.e.m.j.i.AbstractJavaProjectConfigurator - Adding resource folder /JV31_pdf/src/test/resources
2026-01-15 12:04:09,985 [Worker-3: Maven プロジェクトの更新中] WARN  o.e.m.c.i.embedder.EclipseLogger - The artifact com.itextpdf:itext7-core:pom:8.0.3 has been relocated to com.itextpdf:itext-core:pom:8.0.3
2026-01-15 12:04:10,110 [Worker-17: ソースおよび Javadoc のダウンロード] INFO  o.e.m.c.i.e.AbstractTransferListenerAdapter - Downloading https://repo.maven.apache.org/maven2/com/itextpdf/barcodes/8.0.3/barcodes-8.0.3-sources.jar
2026-01-15 12:04:10,206 [Worker-17: ソースおよび Javadoc のダウンロード] INFO  o.e.m.c.i.e.AbstractTransferListenerAdapter - Downloaded https://repo.maven.apache.org/maven2/com/itextpdf/barcodes/8.0.3/barcodes-8.0.3-sources.jar
2026-01-15 12:04:10,208 [Worker-17: ソースおよび Javadoc のダウンロード] INFO  o.e.m.j.internal.DownloadSourcesJob - Downloaded sources for com.itextpdf:barcodes:8.0.3
2026-01-15 12:04:10,371 [Worker-17: ソースおよび Javadoc のダウンロード] INFO  o.e.m.c.i.e.AbstractTransferListenerAdapter - Downloading https://repo.maven.apache.org/maven2/org/slf4j/slf4j-api/1.7.36/slf4j-api-1.7.36-sources.jar
2026-01-15 12:04:10,391 [Worker-17: ソースおよび Javadoc のダウンロード] INFO  o.e.m.c.i.e.AbstractTransferListenerAdapter - Downloaded https://repo.maven.apache.org/maven2/org/slf4j/slf4j-api/1.7.36/slf4j-api-1.7.36-sources.jar
2026-01-15 12:04:10,394 [Worker-17: ソースおよび Javadoc のダウンロード] INFO  o.e.m.j.internal.DownloadSourcesJob - Downloaded sources for org.slf4j:slf4j-api:1.7.36
2026-01-15 12:04:10,452 [Worker-3: Maven プロジェクトの更新中] INFO  o.e.m.w.i.f.ResourceFilteringBuildParticipant - Cleaning filtered folder for JV31_pdf
2026-01-15 12:04:10,458 [Worker-3: Maven プロジェクトの更新中] INFO  o.e.m.c.i.p.ProjectConfigurationManager - Update completed for 1 poms: local refresh takes 0.00 sec, refresh facades takes 0.00 sec, update config takes 0.00 sec 
2026-01-15 12:04:10,569 [Worker-17: ソースおよび Javadoc のダウンロード] INFO  o.e.m.c.i.e.AbstractTransferListenerAdapter - Downloaded https://repo.maven.apache.org/maven2/com/itextpdf/font-asian/8.0.3/font-asian-8.0.3-sources.jar
2026-01-15 12:04:10,571 [Worker-17: ソースおよび Javadoc のダウンロード] ERROR o.e.m.j.internal.DownloadSourcesJob - Could not download sources for com.itextpdf:font-asian:8.0.3
org.eclipse.core.runtime.CoreException: Could not resolve artifact com.itextpdf:font-asian:jar:sources:8.0.3
	at org.eclipse.m2e.core.internal.embedder.MavenImpl.lambda$7(MavenImpl.java:540)
	at org.eclipse.m2e.core.internal.embedder.MavenExecutionContext.executeBare(MavenExecutionContext.java:458)
	at org.eclipse.m2e.core.internal.embedder.MavenExecutionContext.execute(MavenExecutionContext.java:292)
	at org.eclipse.m2e.core.internal.embedder.MavenExecutionContext.execute(MavenExecutionContext.java:278)
	at org.eclipse.m2e.core.internal.embedder.MavenImpl.resolve(MavenImpl.java:509)
	at org.eclipse.m2e.core.internal.embedder.MavenImpl.resolve(MavenImpl.java:494)
	at org.eclipse.m2e.jdt.internal.DownloadSourcesJob.download(DownloadSourcesJob.java:308)
	at org.eclipse.m2e.jdt.internal.DownloadSourcesJob.downloadAttachments(DownloadSourcesJob.java:282)
	at org.eclipse.m2e.jdt.internal.DownloadSourcesJob.downloadMaven(DownloadSourcesJob.java:252)
	at org.eclipse.m2e.jdt.internal.DownloadSourcesJob.downloadFilesAndPopulateToUpdate(DownloadSourcesJob.java:220)
	at org.eclipse.m2e.jdt.internal.DownloadSourcesJob.lambda$0(DownloadSourcesJob.java:149)
	at org.eclipse.m2e.core.internal.embedder.MavenExecutionContext.executeBare(MavenExecutionContext.java:458)
	at org.eclipse.m2e.core.internal.embedder.MavenExecutionContext.execute(MavenExecutionContext.java:339)
	at org.eclipse.m2e.core.internal.embedder.MavenExecutionContext.execute(MavenExecutionContext.java:278)
	at org.eclipse.m2e.core.embedder.IMaven.execute(IMaven.java:300)
	at org.eclipse.m2e.jdt.internal.DownloadSourcesJob.run(DownloadSourcesJob.java:149)
	at org.eclipse.core.internal.jobs.Worker.run(Worker.java:63)
2026-01-15 12:04:10,602 [Worker-9: ビルド] WARN  o.a.m.s.f.DefaultMavenResourcesFiltering - Using platform encoding (UTF-8 actually) to copy filtered resources, i.e. build is platform dependent!
2026-01-15 12:04:10,603 [Worker-9: ビルド] INFO  o.a.m.s.f.DefaultMavenResourcesFiltering - Copying 3 resources from src\main\resources to target\classes
2026-01-15 12:04:10,612 [Worker-9: ビルド] WARN  o.a.m.s.f.DefaultMavenResourcesFiltering - Using platform encoding (UTF-8 actually) to copy filtered resources, i.e. build is platform dependent!
2026-01-15 12:04:10,613 [Worker-9: ビルド] INFO  o.a.m.s.f.DefaultMavenResourcesFiltering - skip non existing resourceDirectory C:\pleiades\2024-12\workspace\JV31_pdf\src\test\resources
2026-01-15 12:04:10,613 [Worker-9: ビルド] INFO  o.e.m.w.i.f.ResourceFilteringBuildParticipant - Changed resources require a complete clean of filtered resources of JV31_pdf
2026-01-15 12:04:10,613 [Worker-9: ビルド] INFO  o.e.m.w.i.f.ResourceFilteringBuildParticipant - Executing resource filtering for JV31_pdf
2026-01-15 12:04:10,725 [Worker-17: ソースおよび Javadoc のダウンロード] INFO  o.e.m.c.i.e.AbstractTransferListenerAdapter - Downloading https://repo.maven.apache.org/maven2/com/itextpdf/forms/8.0.3/forms-8.0.3-sources.jar
2026-01-15 12:04:10,856 [Worker-17: ソースおよび Javadoc のダウンロード] INFO  o.e.m.c.i.e.AbstractTransferListenerAdapter - Downloaded https://repo.maven.apache.org/maven2/com/itextpdf/forms/8.0.3/forms-8.0.3-sources.jar
2026-01-15 12:04:10,858 [Worker-17: ソースおよび Javadoc のダウンロード] INFO  o.e.m.j.internal.DownloadSourcesJob - Downloaded sources for com.itextpdf:forms:8.0.3
2026-01-15 12:04:10,987 [Worker-15: ビルド] WARN  o.a.m.s.f.DefaultMavenResourcesFiltering - Using platform encoding (UTF-8 actually) to copy filtered resources, i.e. build is platform dependent!
2026-01-15 12:04:10,989 [Worker-15: ビルド] INFO  o.a.m.s.f.DefaultMavenResourcesFiltering - Copying 0 resource from src\main\resources to target\classes
2026-01-15 12:04:10,990 [Worker-15: ビルド] WARN  o.a.m.s.f.DefaultMavenResourcesFiltering - Using platform encoding (UTF-8 actually) to copy filtered resources, i.e. build is platform dependent!
2026-01-15 12:04:10,991 [Worker-15: ビルド] INFO  o.a.m.s.f.DefaultMavenResourcesFiltering - skip non existing resourceDirectory C:\pleiades\2024-12\workspace\JV31_pdf\src\test\resources
2026-01-15 12:04:11,007 [Worker-17: ソースおよび Javadoc のダウンロード] INFO  o.e.m.c.i.e.AbstractTransferListenerAdapter - Downloaded https://repo.maven.apache.org/maven2/com/itextpdf/hyph/8.0.3/hyph-8.0.3-sources.jar
2026-01-15 12:04:11,009 [Worker-17: ソースおよび Javadoc のダウンロード] ERROR o.e.m.j.internal.DownloadSourcesJob - Could not download sources for com.itextpdf:hyph:8.0.3
org.eclipse.core.runtime.CoreException: Could not resolve artifact com.itextpdf:hyph:jar:sources:8.0.3
	at org.eclipse.m2e.core.internal.embedder.MavenImpl.lambda$7(MavenImpl.java:540)
	at org.eclipse.m2e.core.internal.embedder.MavenExecutionContext.executeBare(MavenExecutionContext.java:458)
	at org.eclipse.m2e.core.internal.embedder.MavenExecutionContext.execute(MavenExecutionContext.java:292)
	at org.eclipse.m2e.core.internal.embedder.MavenExecutionContext.execute(MavenExecutionContext.java:278)
	at org.eclipse.m2e.core.internal.embedder.MavenImpl.resolve(MavenImpl.java:509)
	at org.eclipse.m2e.core.internal.embedder.MavenImpl.resolve(MavenImpl.java:494)
	at org.eclipse.m2e.jdt.internal.DownloadSourcesJob.download(DownloadSourcesJob.java:308)
	at org.eclipse.m2e.jdt.internal.DownloadSourcesJob.downloadAttachments(DownloadSourcesJob.java:282)
	at org.eclipse.m2e.jdt.internal.DownloadSourcesJob.downloadMaven(DownloadSourcesJob.java:252)
	at org.eclipse.m2e.jdt.internal.DownloadSourcesJob.downloadFilesAndPopulateToUpdate(DownloadSourcesJob.java:220)
	at org.eclipse.m2e.jdt.internal.DownloadSourcesJob.lambda$0(DownloadSourcesJob.java:149)
	at org.eclipse.m2e.core.internal.embedder.MavenExecutionContext.executeBare(MavenExecutionContext.java:458)
	at org.eclipse.m2e.core.internal.embedder.MavenExecutionContext.execute(MavenExecutionContext.java:339)
	at org.eclipse.m2e.core.internal.embedder.MavenExecutionContext.execute(MavenExecutionContext.java:278)
	at org.eclipse.m2e.core.embedder.IMaven.execute(IMaven.java:300)
	at org.eclipse.m2e.jdt.internal.DownloadSourcesJob.run(DownloadSourcesJob.java:149)
	at org.eclipse.core.internal.jobs.Worker.run(Worker.java:63)
2026-01-15 12:04:11,145 [Worker-17: ソースおよび Javadoc のダウンロード] INFO  o.e.m.c.i.e.AbstractTransferListenerAdapter - Downloading https://repo.maven.apache.org/maven2/com/itextpdf/io/8.0.3/io-8.0.3-sources.jar
2026-01-15 12:04:11,355 [Worker-17: ソースおよび Javadoc のダウンロード] INFO  o.e.m.c.i.e.AbstractTransferListenerAdapter - Downloaded https://repo.maven.apache.org/maven2/com/itextpdf/io/8.0.3/io-8.0.3-sources.jar
2026-01-15 12:04:11,357 [Worker-17: ソースおよび Javadoc のダウンロード] INFO  o.e.m.j.internal.DownloadSourcesJob - Downloaded sources for com.itextpdf:io:8.0.3
2026-01-15 12:04:11,568 [Worker-17: ソースおよび Javadoc のダウンロード] INFO  o.e.m.c.i.e.AbstractTransferListenerAdapter - Downloading https://repo.maven.apache.org/maven2/com/itextpdf/commons/8.0.3/commons-8.0.3-sources.jar
2026-01-15 12:04:11,708 [Worker-17: ソースおよび Javadoc のダウンロード] INFO  o.e.m.c.i.e.AbstractTransferListenerAdapter - Downloaded https://repo.maven.apache.org/maven2/com/itextpdf/commons/8.0.3/commons-8.0.3-sources.jar
2026-01-15 12:04:11,710 [Worker-17: ソースおよび Javadoc のダウンロード] INFO  o.e.m.j.internal.DownloadSourcesJob - Downloaded sources for com.itextpdf:commons:8.0.3
2026-01-15 12:04:11,882 [Worker-17: ソースおよび Javadoc のダウンロード] INFO  o.e.m.c.i.e.AbstractTransferListenerAdapter - Downloading https://repo.maven.apache.org/maven2/com/itextpdf/kernel/8.0.3/kernel-8.0.3-sources.jar
2026-01-15 12:04:12,375 [Worker-17: ソースおよび Javadoc のダウンロード] INFO  o.e.m.c.i.e.AbstractTransferListenerAdapter - Downloaded https://repo.maven.apache.org/maven2/com/itextpdf/kernel/8.0.3/kernel-8.0.3-sources.jar
2026-01-15 12:04:12,377 [Worker-17: ソースおよび Javadoc のダウンロード] INFO  o.e.m.j.internal.DownloadSourcesJob - Downloaded sources for com.itextpdf:kernel:8.0.3
2026-01-15 12:04:12,548 [Worker-17: ソースおよび Javadoc のダウンロード] INFO  o.e.m.c.i.e.AbstractTransferListenerAdapter - Downloading https://repo.maven.apache.org/maven2/com/itextpdf/layout/8.0.3/layout-8.0.3-sources.jar
2026-01-15 12:04:12,781 [Worker-17: ソースおよび Javadoc のダウンロード] INFO  o.e.m.c.i.e.AbstractTransferListenerAdapter - Downloaded https://repo.maven.apache.org/maven2/com/itextpdf/layout/8.0.3/layout-8.0.3-sources.jar
2026-01-15 12:04:12,783 [Worker-17: ソースおよび Javadoc のダウンロード] INFO  o.e.m.j.internal.DownloadSourcesJob - Downloaded sources for com.itextpdf:layout:8.0.3
2026-01-15 12:04:12,941 [Worker-17: ソースおよび Javadoc のダウンロード] INFO  o.e.m.c.i.e.AbstractTransferListenerAdapter - Downloading https://repo.maven.apache.org/maven2/com/itextpdf/pdfa/8.0.3/pdfa-8.0.3-sources.jar
2026-01-15 12:04:13,007 [Worker-17: ソースおよび Javadoc のダウンロード] INFO  o.e.m.c.i.e.AbstractTransferListenerAdapter - Downloaded https://repo.maven.apache.org/maven2/com/itextpdf/pdfa/8.0.3/pdfa-8.0.3-sources.jar
2026-01-15 12:04:13,009 [Worker-17: ソースおよび Javadoc のダウンロード] INFO  o.e.m.j.internal.DownloadSourcesJob - Downloaded sources for com.itextpdf:pdfa:8.0.3
2026-01-15 12:04:13,172 [Worker-17: ソースおよび Javadoc のダウンロード] INFO  o.e.m.c.i.e.AbstractTransferListenerAdapter - Downloading https://repo.maven.apache.org/maven2/com/itextpdf/sign/8.0.3/sign-8.0.3-sources.jar
2026-01-15 12:04:13,280 [Worker-17: ソースおよび Javadoc のダウンロード] INFO  o.e.m.c.i.e.AbstractTransferListenerAdapter - Downloaded https://repo.maven.apache.org/maven2/com/itextpdf/sign/8.0.3/sign-8.0.3-sources.jar
2026-01-15 12:04:13,282 [Worker-17: ソースおよび Javadoc のダウンロード] INFO  o.e.m.j.internal.DownloadSourcesJob - Downloaded sources for com.itextpdf:sign:8.0.3
2026-01-15 12:04:13,460 [Worker-17: ソースおよび Javadoc のダウンロード] INFO  o.e.m.c.i.e.AbstractTransferListenerAdapter - Downloading https://repo.maven.apache.org/maven2/com/itextpdf/styled-xml-parser/8.0.3/styled-xml-parser-8.0.3-sources.jar
2026-01-15 12:04:13,657 [Worker-17: ソースおよび Javadoc のダウンロード] INFO  o.e.m.c.i.e.AbstractTransferListenerAdapter - Downloaded https://repo.maven.apache.org/maven2/com/itextpdf/styled-xml-parser/8.0.3/styled-xml-parser-8.0.3-sources.jar
2026-01-15 12:04:13,659 [Worker-17: ソースおよび Javadoc のダウンロード] INFO  o.e.m.j.internal.DownloadSourcesJob - Downloaded sources for com.itextpdf:styled-xml-parser:8.0.3
2026-01-15 12:04:13,807 [Worker-17: ソースおよび Javadoc のダウンロード] INFO  o.e.m.c.i.e.AbstractTransferListenerAdapter - Downloading https://repo.maven.apache.org/maven2/com/itextpdf/svg/8.0.3/svg-8.0.3-sources.jar
2026-01-15 12:04:13,890 [Worker-17: ソースおよび Javadoc のダウンロード] INFO  o.e.m.c.i.e.AbstractTransferListenerAdapter - Downloaded https://repo.maven.apache.org/maven2/com/itextpdf/svg/8.0.3/svg-8.0.3-sources.jar
2026-01-15 12:04:13,892 [Worker-17: ソースおよび Javadoc のダウンロード] INFO  o.e.m.j.internal.DownloadSourcesJob - Downloaded sources for com.itextpdf:svg:8.0.3
2026-01-15 12:04:14,054 [Worker-17: ソースおよび Javadoc のダウンロード] INFO  o.e.m.c.i.e.AbstractTransferListenerAdapter - Downloading https://repo.maven.apache.org/maven2/com/itextpdf/bouncy-castle-connector/8.0.3/bouncy-castle-connector-8.0.3-sources.jar
2026-01-15 12:04:14,065 [Worker-17: ソースおよび Javadoc のダウンロード] INFO  o.e.m.c.i.e.AbstractTransferListenerAdapter - Downloaded https://repo.maven.apache.org/maven2/com/itextpdf/bouncy-castle-connector/8.0.3/bouncy-castle-connector-8.0.3-sources.jar
2026-01-15 12:04:14,067 [Worker-17: ソースおよび Javadoc のダウンロード] INFO  o.e.m.j.internal.DownloadSourcesJob - Downloaded sources for com.itextpdf:bouncy-castle-connector:8.0.3
2026-01-15 12:04:14,209 [Worker-17: ソースおよび Javadoc のダウンロード] INFO  o.e.m.c.i.e.AbstractTransferListenerAdapter - Downloading https://repo.maven.apache.org/maven2/com/itextpdf/pdfua/8.0.3/pdfua-8.0.3-sources.jar
2026-01-15 12:04:14,214 [Worker-17: ソースおよび Javadoc のダウンロード] INFO  o.e.m.c.i.e.AbstractTransferListenerAdapter - Downloaded https://repo.maven.apache.org/maven2/com/itextpdf/pdfua/8.0.3/pdfua-8.0.3-sources.jar
2026-01-15 12:04:14,216 [Worker-17: ソースおよび Javadoc のダウンロード] INFO  o.e.m.j.internal.DownloadSourcesJob - Downloaded sources for com.itextpdf:pdfua:8.0.3
2026-01-15 12:04:14,454 [Worker-17: ソースおよび Javadoc のダウンロード] INFO  o.e.m.c.i.e.AbstractTransferListenerAdapter - Downloading https://repo.maven.apache.org/maven2/jakarta/servlet/jakarta.servlet-api/6.0.0/jakarta.servlet-api-6.0.0-sources.jar
2026-01-15 12:04:14,642 [Worker-17: ソースおよび Javadoc のダウンロード] INFO  o.e.m.c.i.e.AbstractTransferListenerAdapter - Downloaded https://repo.maven.apache.org/maven2/jakarta/servlet/jakarta.servlet-api/6.0.0/jakarta.servlet-api-6.0.0-sources.jar
2026-01-15 12:04:14,645 [Worker-17: ソースおよび Javadoc のダウンロード] INFO  o.e.m.j.internal.DownloadSourcesJob - Downloaded sources for jakarta.servlet:jakarta.servlet-api:6.0.0
2026-01-15 12:06:08,054 [ModalContext] INFO  o.e.m.c.i.e.AbstractTransferListenerAdapter - Downloading https://repo.maven.apache.org/maven2/org/apache/maven/archetypes/maven-archetype-j2ee-simple/1.0/maven-archetype-j2ee-simple-1.0.pom
2026-01-15 12:06:08,060 [ModalContext] INFO  o.e.m.c.i.e.AbstractTransferListenerAdapter - Downloaded https://repo.maven.apache.org/maven2/org/apache/maven/archetypes/maven-archetype-j2ee-simple/1.0/maven-archetype-j2ee-simple-1.0.pom
2026-01-15 12:06:08,216 [ModalContext] INFO  o.e.m.c.i.e.AbstractTransferListenerAdapter - Downloading https://repo.maven.apache.org/maven2/org/apache/maven/archetypes/maven-archetype-j2ee-simple/1.0/maven-archetype-j2ee-simple-1.0.jar
2026-01-15 12:06:08,232 [ModalContext] INFO  o.e.m.c.i.e.AbstractTransferListenerAdapter - Downloaded https://repo.maven.apache.org/maven2/org/apache/maven/archetypes/maven-archetype-j2ee-simple/1.0/maven-archetype-j2ee-simple-1.0.jar
2026-01-15 12:06:27,495 [Worker-17: mavenrun-23eaed76-02c8-4a3f-9b03-5fafcf79d49e の起動] INFO  o.eclipse.m2e.core.internal.Bundles - getClasspathEntries(Bundle=org.eclipse.m2e.maven.runtime_3.9.900.20240824-1409 [298])
2026-01-15 12:06:27,496 [Worker-17: mavenrun-23eaed76-02c8-4a3f-9b03-5fafcf79d49e の起動] INFO  o.eclipse.m2e.core.internal.Bundles - 	Entry: C:\pleiades\2024-12\eclipse\plugins\org.eclipse.m2e.maven.runtime_3.9.900.20240824-1409
2026-01-15 12:06:27,496 [Worker-17: mavenrun-23eaed76-02c8-4a3f-9b03-5fafcf79d49e の起動] INFO  o.eclipse.m2e.core.internal.Bundles - 	Entry: C:\pleiades\2024-12\eclipse\plugins\org.eclipse.m2e.maven.runtime_3.9.900.20240824-1409\jars\aopalliance-1.0.jar
2026-01-15 12:06:27,496 [Worker-17: mavenrun-23eaed76-02c8-4a3f-9b03-5fafcf79d49e の起動] INFO  o.eclipse.m2e.core.internal.Bundles - 	Entry: C:\pleiades\2024-12\eclipse\plugins\org.eclipse.m2e.maven.runtime_3.9.900.20240824-1409\jars\guice-5.1.0.jar
2026-01-15 12:06:27,496 [Worker-17: mavenrun-23eaed76-02c8-4a3f-9b03-5fafcf79d49e の起動] INFO  o.eclipse.m2e.core.internal.Bundles - 	Entry: C:\pleiades\2024-12\eclipse\plugins\org.eclipse.m2e.maven.runtime_3.9.900.20240824-1409\jars\httpclient-4.5.14.jar
2026-01-15 12:06:27,496 [Worker-17: mavenrun-23eaed76-02c8-4a3f-9b03-5fafcf79d49e の起動] INFO  o.eclipse.m2e.core.internal.Bundles - 	Entry: C:\pleiades\2024-12\eclipse\plugins\org.eclipse.m2e.maven.runtime_3.9.900.20240824-1409\jars\httpcore-4.4.16.jar
2026-01-15 12:06:27,496 [Worker-17: mavenrun-23eaed76-02c8-4a3f-9b03-5fafcf79d49e の起動] INFO  o.eclipse.m2e.core.internal.Bundles - 	Entry: C:\pleiades\2024-12\eclipse\plugins\org.eclipse.m2e.maven.runtime_3.9.900.20240824-1409\jars\jansi-2.4.1.jar
2026-01-15 12:06:27,496 [Worker-17: mavenrun-23eaed76-02c8-4a3f-9b03-5fafcf79d49e の起動] INFO  o.eclipse.m2e.core.internal.Bundles - 	Entry: C:\pleiades\2024-12\eclipse\plugins\org.eclipse.m2e.maven.runtime_3.9.900.20240824-1409\jars\jcl-over-slf4j-1.7.36.jar
2026-01-15 12:06:27,496 [Worker-17: mavenrun-23eaed76-02c8-4a3f-9b03-5fafcf79d49e の起動] INFO  o.eclipse.m2e.core.internal.Bundles - 	Entry: C:\pleiades\2024-12\eclipse\plugins\org.eclipse.m2e.maven.runtime_3.9.900.20240824-1409\jars\maven-artifact-3.9.9.jar
2026-01-15 12:06:27,496 [Worker-17: mavenrun-23eaed76-02c8-4a3f-9b03-5fafcf79d49e の起動] INFO  o.eclipse.m2e.core.internal.Bundles - 	Entry: C:\pleiades\2024-12\eclipse\plugins\org.eclipse.m2e.maven.runtime_3.9.900.20240824-1409\jars\maven-builder-support-3.9.9.jar
2026-01-15 12:06:27,496 [Worker-17: mavenrun-23eaed76-02c8-4a3f-9b03-5fafcf79d49e の起動] INFO  o.eclipse.m2e.core.internal.Bundles - 	Entry: C:\pleiades\2024-12\eclipse\plugins\org.eclipse.m2e.maven.runtime_3.9.900.20240824-1409\jars\maven-compat-3.9.9.jar
2026-01-15 12:06:27,497 [Worker-17: mavenrun-23eaed76-02c8-4a3f-9b03-5fafcf79d49e の起動] INFO  o.eclipse.m2e.core.internal.Bundles - 	Entry: C:\pleiades\2024-12\eclipse\plugins\org.eclipse.m2e.maven.runtime_3.9.900.20240824-1409\jars\maven-core-3.9.9.jar
2026-01-15 12:06:27,497 [Worker-17: mavenrun-23eaed76-02c8-4a3f-9b03-5fafcf79d49e の起動] INFO  o.eclipse.m2e.core.internal.Bundles - 	Entry: C:\pleiades\2024-12\eclipse\plugins\org.eclipse.m2e.maven.runtime_3.9.900.20240824-1409\jars\maven-embedder-3.9.9.jar
2026-01-15 12:06:27,497 [Worker-17: mavenrun-23eaed76-02c8-4a3f-9b03-5fafcf79d49e の起動] INFO  o.eclipse.m2e.core.internal.Bundles - 	Entry: C:\pleiades\2024-12\eclipse\plugins\org.eclipse.m2e.maven.runtime_3.9.900.20240824-1409\jars\maven-model-3.9.9.jar
2026-01-15 12:06:27,497 [Worker-17: mavenrun-23eaed76-02c8-4a3f-9b03-5fafcf79d49e の起動] INFO  o.eclipse.m2e.core.internal.Bundles - 	Entry: C:\pleiades\2024-12\eclipse\plugins\org.eclipse.m2e.maven.runtime_3.9.900.20240824-1409\jars\maven-model-builder-3.9.9.jar
2026-01-15 12:06:27,497 [Worker-17: mavenrun-23eaed76-02c8-4a3f-9b03-5fafcf79d49e の起動] INFO  o.eclipse.m2e.core.internal.Bundles - 	Entry: C:\pleiades\2024-12\eclipse\plugins\org.eclipse.m2e.maven.runtime_3.9.900.20240824-1409\jars\maven-plugin-api-3.9.9.jar
2026-01-15 12:06:27,497 [Worker-17: mavenrun-23eaed76-02c8-4a3f-9b03-5fafcf79d49e の起動] INFO  o.eclipse.m2e.core.internal.Bundles - 	Entry: C:\pleiades\2024-12\eclipse\plugins\org.eclipse.m2e.maven.runtime_3.9.900.20240824-1409\jars\maven-repository-metadata-3.9.9.jar
2026-01-15 12:06:27,497 [Worker-17: mavenrun-23eaed76-02c8-4a3f-9b03-5fafcf79d49e の起動] INFO  o.eclipse.m2e.core.internal.Bundles - 	Entry: C:\pleiades\2024-12\eclipse\plugins\org.eclipse.m2e.maven.runtime_3.9.900.20240824-1409\jars\maven-resolver-api-1.9.22.jar
2026-01-15 12:06:27,497 [Worker-17: mavenrun-23eaed76-02c8-4a3f-9b03-5fafcf79d49e の起動] INFO  o.eclipse.m2e.core.internal.Bundles - 	Entry: C:\pleiades\2024-12\eclipse\plugins\org.eclipse.m2e.maven.runtime_3.9.900.20240824-1409\jars\maven-resolver-connector-basic-1.9.22.jar
2026-01-15 12:06:27,497 [Worker-17: mavenrun-23eaed76-02c8-4a3f-9b03-5fafcf79d49e の起動] INFO  o.eclipse.m2e.core.internal.Bundles - 	Entry: C:\pleiades\2024-12\eclipse\plugins\org.eclipse.m2e.maven.runtime_3.9.900.20240824-1409\jars\maven-resolver-impl-1.9.22.jar
2026-01-15 12:06:27,497 [Worker-17: mavenrun-23eaed76-02c8-4a3f-9b03-5fafcf79d49e の起動] INFO  o.eclipse.m2e.core.internal.Bundles - 	Entry: C:\pleiades\2024-12\eclipse\plugins\org.eclipse.m2e.maven.runtime_3.9.900.20240824-1409\jars\maven-resolver-named-locks-1.9.22.jar
2026-01-15 12:06:27,497 [Worker-17: mavenrun-23eaed76-02c8-4a3f-9b03-5fafcf79d49e の起動] INFO  o.eclipse.m2e.core.internal.Bundles - 	Entry: C:\pleiades\2024-12\eclipse\plugins\org.eclipse.m2e.maven.runtime_3.9.900.20240824-1409\jars\maven-resolver-provider-3.9.9.jar
2026-01-15 12:06:27,498 [Worker-17: mavenrun-23eaed76-02c8-4a3f-9b03-5fafcf79d49e の起動] INFO  o.eclipse.m2e.core.internal.Bundles - 	Entry: C:\pleiades\2024-12\eclipse\plugins\org.eclipse.m2e.maven.runtime_3.9.900.20240824-1409\jars\maven-resolver-spi-1.9.22.jar
2026-01-15 12:06:27,498 [Worker-17: mavenrun-23eaed76-02c8-4a3f-9b03-5fafcf79d49e の起動] INFO  o.eclipse.m2e.core.internal.Bundles - 	Entry: C:\pleiades\2024-12\eclipse\plugins\org.eclipse.m2e.maven.runtime_3.9.900.20240824-1409\jars\maven-resolver-transport-file-1.9.22.jar
2026-01-15 12:06:27,498 [Worker-17: mavenrun-23eaed76-02c8-4a3f-9b03-5fafcf79d49e の起動] INFO  o.eclipse.m2e.core.internal.Bundles - 	Entry: C:\pleiades\2024-12\eclipse\plugins\org.eclipse.m2e.maven.runtime_3.9.900.20240824-1409\jars\maven-resolver-transport-http-1.9.22.jar
2026-01-15 12:06:27,498 [Worker-17: mavenrun-23eaed76-02c8-4a3f-9b03-5fafcf79d49e の起動] INFO  o.eclipse.m2e.core.internal.Bundles - 	Entry: C:\pleiades\2024-12\eclipse\plugins\org.eclipse.m2e.maven.runtime_3.9.900.20240824-1409\jars\maven-resolver-transport-wagon-1.9.22.jar
2026-01-15 12:06:27,498 [Worker-17: mavenrun-23eaed76-02c8-4a3f-9b03-5fafcf79d49e の起動] INFO  o.eclipse.m2e.core.internal.Bundles - 	Entry: C:\pleiades\2024-12\eclipse\plugins\org.eclipse.m2e.maven.runtime_3.9.900.20240824-1409\jars\maven-resolver-util-1.9.22.jar
2026-01-15 12:06:27,498 [Worker-17: mavenrun-23eaed76-02c8-4a3f-9b03-5fafcf79d49e の起動] INFO  o.eclipse.m2e.core.internal.Bundles - 	Entry: C:\pleiades\2024-12\eclipse\plugins\org.eclipse.m2e.maven.runtime_3.9.900.20240824-1409\jars\maven-settings-3.9.9.jar
2026-01-15 12:06:27,498 [Worker-17: mavenrun-23eaed76-02c8-4a3f-9b03-5fafcf79d49e の起動] INFO  o.eclipse.m2e.core.internal.Bundles - 	Entry: C:\pleiades\2024-12\eclipse\plugins\org.eclipse.m2e.maven.runtime_3.9.900.20240824-1409\jars\maven-settings-builder-3.9.9.jar
2026-01-15 12:06:27,498 [Worker-17: mavenrun-23eaed76-02c8-4a3f-9b03-5fafcf79d49e の起動] INFO  o.eclipse.m2e.core.internal.Bundles - 	Entry: C:\pleiades\2024-12\eclipse\plugins\org.eclipse.m2e.maven.runtime_3.9.900.20240824-1409\jars\maven-shared-utils-3.4.2.jar
2026-01-15 12:06:27,498 [Worker-17: mavenrun-23eaed76-02c8-4a3f-9b03-5fafcf79d49e の起動] INFO  o.eclipse.m2e.core.internal.Bundles - 	Entry: C:\pleiades\2024-12\eclipse\plugins\org.eclipse.m2e.maven.runtime_3.9.900.20240824-1409\jars\org.eclipse.sisu.inject-0.9.0.M3.jar
2026-01-15 12:06:27,498 [Worker-17: mavenrun-23eaed76-02c8-4a3f-9b03-5fafcf79d49e の起動] INFO  o.eclipse.m2e.core.internal.Bundles - 	Entry: C:\pleiades\2024-12\eclipse\plugins\org.eclipse.m2e.maven.runtime_3.9.900.20240824-1409\jars\org.eclipse.sisu.plexus-0.9.0.M3.jar
2026-01-15 12:06:27,498 [Worker-17: mavenrun-23eaed76-02c8-4a3f-9b03-5fafcf79d49e の起動] INFO  o.eclipse.m2e.core.internal.Bundles - 	Entry: C:\pleiades\2024-12\eclipse\plugins\org.eclipse.m2e.maven.runtime_3.9.900.20240824-1409\jars\plexus-build-api-0.0.7.jar
2026-01-15 12:06:27,499 [Worker-17: mavenrun-23eaed76-02c8-4a3f-9b03-5fafcf79d49e の起動] INFO  o.eclipse.m2e.core.internal.Bundles - 	Entry: C:\pleiades\2024-12\eclipse\plugins\org.eclipse.m2e.maven.runtime_3.9.900.20240824-1409\jars\plexus-build-api-1.2.0.jar
2026-01-15 12:06:27,499 [Worker-17: mavenrun-23eaed76-02c8-4a3f-9b03-5fafcf79d49e の起動] INFO  o.eclipse.m2e.core.internal.Bundles - 	Entry: C:\pleiades\2024-12\eclipse\plugins\org.eclipse.m2e.maven.runtime_3.9.900.20240824-1409\jars\plexus-cipher-2.0.jar
2026-01-15 12:06:27,499 [Worker-17: mavenrun-23eaed76-02c8-4a3f-9b03-5fafcf79d49e の起動] INFO  o.eclipse.m2e.core.internal.Bundles - 	Entry: C:\pleiades\2024-12\eclipse\plugins\org.eclipse.m2e.maven.runtime_3.9.900.20240824-1409\jars\plexus-classworlds-2.8.0.jar
2026-01-15 12:06:27,499 [Worker-17: mavenrun-23eaed76-02c8-4a3f-9b03-5fafcf79d49e の起動] INFO  o.eclipse.m2e.core.internal.Bundles - 	Entry: C:\pleiades\2024-12\eclipse\plugins\org.eclipse.m2e.maven.runtime_3.9.900.20240824-1409\jars\plexus-component-annotations-2.1.0.jar
2026-01-15 12:06:27,499 [Worker-17: mavenrun-23eaed76-02c8-4a3f-9b03-5fafcf79d49e の起動] INFO  o.eclipse.m2e.core.internal.Bundles - 	Entry: C:\pleiades\2024-12\eclipse\plugins\org.eclipse.m2e.maven.runtime_3.9.900.20240824-1409\jars\plexus-interpolation-1.27.jar
2026-01-15 12:06:27,499 [Worker-17: mavenrun-23eaed76-02c8-4a3f-9b03-5fafcf79d49e の起動] INFO  o.eclipse.m2e.core.internal.Bundles - 	Entry: C:\pleiades\2024-12\eclipse\plugins\org.eclipse.m2e.maven.runtime_3.9.900.20240824-1409\jars\plexus-sec-dispatcher-2.0.jar
2026-01-15 12:06:27,499 [Worker-17: mavenrun-23eaed76-02c8-4a3f-9b03-5fafcf79d49e の起動] INFO  o.eclipse.m2e.core.internal.Bundles - 	Entry: C:\pleiades\2024-12\eclipse\plugins\org.eclipse.m2e.maven.runtime_3.9.900.20240824-1409\jars\plexus-utils-3.5.1.jar
2026-01-15 12:06:27,499 [Worker-17: mavenrun-23eaed76-02c8-4a3f-9b03-5fafcf79d49e の起動] INFO  o.eclipse.m2e.core.internal.Bundles - 	Entry: C:\pleiades\2024-12\eclipse\plugins\org.eclipse.m2e.maven.runtime_3.9.900.20240824-1409\jars\plexus-xml-3.0.1.jar
2026-01-15 12:06:27,499 [Worker-17: mavenrun-23eaed76-02c8-4a3f-9b03-5fafcf79d49e の起動] INFO  o.eclipse.m2e.core.internal.Bundles - 	Entry: C:\pleiades\2024-12\eclipse\plugins\org.eclipse.m2e.maven.runtime_3.9.900.20240824-1409\jars\wagon-file-3.5.3.jar
2026-01-15 12:06:27,499 [Worker-17: mavenrun-23eaed76-02c8-4a3f-9b03-5fafcf79d49e の起動] INFO  o.eclipse.m2e.core.internal.Bundles - 	Entry: C:\pleiades\2024-12\eclipse\plugins\org.eclipse.m2e.maven.runtime_3.9.900.20240824-1409\jars\wagon-http-3.5.3.jar
2026-01-15 12:06:27,499 [Worker-17: mavenrun-23eaed76-02c8-4a3f-9b03-5fafcf79d49e の起動] INFO  o.eclipse.m2e.core.internal.Bundles - 	Entry: C:\pleiades\2024-12\eclipse\plugins\org.eclipse.m2e.maven.runtime_3.9.900.20240824-1409\jars\wagon-http-shared-3.5.3.jar
2026-01-15 12:06:27,500 [Worker-17: mavenrun-23eaed76-02c8-4a3f-9b03-5fafcf79d49e の起動] INFO  o.eclipse.m2e.core.internal.Bundles - 	Entry: C:\pleiades\2024-12\eclipse\plugins\org.eclipse.m2e.maven.runtime_3.9.900.20240824-1409\jars\wagon-provider-api-3.5.3.jar
2026-01-15 12:06:27,500 [Worker-17: mavenrun-23eaed76-02c8-4a3f-9b03-5fafcf79d49e の起動] INFO  o.eclipse.m2e.core.internal.Bundles - getClasspathEntries(Bundle=com.google.guava_33.4.8.jre [1030])
2026-01-15 12:06:27,500 [Worker-17: mavenrun-23eaed76-02c8-4a3f-9b03-5fafcf79d49e の起動] INFO  o.eclipse.m2e.core.internal.Bundles - 	Entry: C:\pleiades\2024-12\eclipse\plugins\com.google.guava_33.4.8.jre.jar
2026-01-15 12:06:27,500 [Worker-17: mavenrun-23eaed76-02c8-4a3f-9b03-5fafcf79d49e の起動] INFO  o.eclipse.m2e.core.internal.Bundles - getClasspathEntries(Bundle=slf4j.api_2.0.17 [1027])
2026-01-15 12:06:27,500 [Worker-17: mavenrun-23eaed76-02c8-4a3f-9b03-5fafcf79d49e の起動] INFO  o.eclipse.m2e.core.internal.Bundles - 	Entry: C:\pleiades\2024-12\eclipse\plugins\slf4j.api_2.0.17.jar
2026-01-15 12:06:27,500 [Worker-17: mavenrun-23eaed76-02c8-4a3f-9b03-5fafcf79d49e の起動] INFO  o.eclipse.m2e.core.internal.Bundles - getClasspathEntries(Bundle=javax.inject_1.0.0.v20220405-0441 [524])
2026-01-15 12:06:27,501 [Worker-17: mavenrun-23eaed76-02c8-4a3f-9b03-5fafcf79d49e の起動] INFO  o.eclipse.m2e.core.internal.Bundles - 	Entry: C:\pleiades\2024-12\eclipse\dropins\CheckStyle\eclipse\plugins\javax.inject_1.0.0.v20220405-0441.jar
2026-01-15 12:06:27,501 [Worker-17: mavenrun-23eaed76-02c8-4a3f-9b03-5fafcf79d49e の起動] INFO  o.eclipse.m2e.core.internal.Bundles - getClasspathEntries(Bundle=javax.annotation_1.3.5.v20200909-1856 [523])
2026-01-15 12:06:27,501 [Worker-17: mavenrun-23eaed76-02c8-4a3f-9b03-5fafcf79d49e の起動] INFO  o.eclipse.m2e.core.internal.Bundles - 	Entry: C:\pleiades\2024-12\eclipse\dropins\CheckStyle\eclipse\plugins\javax.annotation_1.3.5.v20200909-1856.jar
2026-01-15 12:06:27,501 [Worker-17: mavenrun-23eaed76-02c8-4a3f-9b03-5fafcf79d49e の起動] INFO  o.eclipse.m2e.core.internal.Bundles - getClasspathEntries(Bundle=org.apache.commons.cli_1.10.0 [1049])
2026-01-15 12:06:27,501 [Worker-17: mavenrun-23eaed76-02c8-4a3f-9b03-5fafcf79d49e の起動] INFO  o.eclipse.m2e.core.internal.Bundles - 	Entry: C:\pleiades\2024-12\eclipse\plugins\org.apache.commons.cli_1.10.0.jar
2026-01-15 12:06:27,501 [Worker-17: mavenrun-23eaed76-02c8-4a3f-9b03-5fafcf79d49e の起動] INFO  o.eclipse.m2e.core.internal.Bundles - getClasspathEntries(Bundle=org.apache.commons.commons-codec_1.16.0 [50])
2026-01-15 12:06:27,501 [Worker-17: mavenrun-23eaed76-02c8-4a3f-9b03-5fafcf79d49e の起動] INFO  o.eclipse.m2e.core.internal.Bundles - 	Entry: C:\pleiades\2024-12\eclipse\plugins\org.apache.commons.commons-codec_1.16.0.jar
2026-01-15 12:06:27,501 [Worker-17: mavenrun-23eaed76-02c8-4a3f-9b03-5fafcf79d49e の起動] INFO  o.eclipse.m2e.core.internal.Bundles - getClasspathEntries(Bundle=com.google.guava.failureaccess_1.0.3 [1031])
2026-01-15 12:06:27,501 [Worker-17: mavenrun-23eaed76-02c8-4a3f-9b03-5fafcf79d49e の起動] INFO  o.eclipse.m2e.core.internal.Bundles - 	Entry: C:\pleiades\2024-12\eclipse\plugins\com.google.guava.failureaccess_1.0.3.jar
2026-01-15 12:06:27,502 [Worker-17: mavenrun-23eaed76-02c8-4a3f-9b03-5fafcf79d49e の起動] INFO  o.e.m.i.launch.MavenLaunchDelegate - Run build in "C:\Users\treas\AppData\Local\Temp\m2e-archetypeGenerator8059243252103952984":
2026-01-15 12:06:27,503 [Worker-17: mavenrun-23eaed76-02c8-4a3f-9b03-5fafcf79d49e の起動] INFO  o.e.m.i.launch.MavenLaunchDelegate -  mvn  -DarchetypeGroupId=org.apache.maven.archetypes -DarchetypeArtifactId=maven-archetype-j2ee-simple -DarchetypeVersion=1.0 -DgroupId=com.example -DartifactId=JV31_pdf -Dversion=0.0.1-SNAPSHOT -Dpackage=com.example.JV31_pdf -DoutputDirectory=C:\pleiades\2024-12\workspace -Dstyle.color=always -U archetype:generate
2026-01-15 12:06:41,383 [Worker-14: maven-archetype-j2ee-simple を作成中] INFO  o.e.m.c.i.p.ProjectConfigurationManager - Collecting project info '/pom.xml' C:\pleiades\2024-12\workspace\JV31_pdf\pom.xml
2026-01-15 12:06:41,384 [Worker-14: maven-archetype-j2ee-simple を作成中] INFO  o.e.m.c.i.p.ProjectConfigurationManager - Collecting project info 'projects/pom.xml' C:\pleiades\2024-12\workspace\JV31_pdf\projects\pom.xml
2026-01-15 12:06:41,384 [Worker-14: maven-archetype-j2ee-simple を作成中] INFO  o.e.m.c.i.p.ProjectConfigurationManager - Collecting project info 'logging/pom.xml' C:\pleiades\2024-12\workspace\JV31_pdf\projects\logging\pom.xml
2026-01-15 12:06:41,384 [Worker-14: maven-archetype-j2ee-simple を作成中] INFO  o.e.m.c.i.p.ProjectConfigurationManager - Collecting project info 'primary-source/pom.xml' C:\pleiades\2024-12\workspace\JV31_pdf\primary-source\pom.xml
2026-01-15 12:06:41,384 [Worker-14: maven-archetype-j2ee-simple を作成中] INFO  o.e.m.c.i.p.ProjectConfigurationManager - Collecting project info 'servlets/pom.xml' C:\pleiades\2024-12\workspace\JV31_pdf\servlets\pom.xml
2026-01-15 12:06:41,384 [Worker-14: maven-archetype-j2ee-simple を作成中] INFO  o.e.m.c.i.p.ProjectConfigurationManager - Collecting project info 'servlet/pom.xml' C:\pleiades\2024-12\workspace\JV31_pdf\servlets\servlet\pom.xml
2026-01-15 12:06:41,384 [Worker-14: maven-archetype-j2ee-simple を作成中] INFO  o.e.m.c.i.p.ProjectConfigurationManager - Collecting project info 'ejbs/pom.xml' C:\pleiades\2024-12\workspace\JV31_pdf\ejbs\pom.xml
2026-01-15 12:06:41,384 [Worker-14: maven-archetype-j2ee-simple を作成中] INFO  o.e.m.c.i.p.ProjectConfigurationManager - Collecting project info 'ear/pom.xml' C:\pleiades\2024-12\workspace\JV31_pdf\ear\pom.xml
2026-01-15 12:06:41,472 [Worker-14: maven-archetype-j2ee-simple を作成中] INFO  o.e.m.c.i.l.LifecycleMappingFactory - Using NULL lifecycle mapping for MavenProject: root:project:1.0 @ C:\pleiades\2024-12\workspace\project\pom.xml.
2026-01-15 12:06:41,474 [Worker-14: maven-archetype-j2ee-simple を作成中] INFO  o.e.m.c.i.l.LifecycleMappingFactory - Using NULL lifecycle mapping for MavenProject: root.project:projects:1.0 @ C:\pleiades\2024-12\workspace\project\projects\pom.xml.
2026-01-15 12:06:41,574 [Worker-14: maven-archetype-j2ee-simple を作成中] INFO  o.e.m.c.i.l.LifecycleMappingFactory - Using org.eclipse.m2e.jdt.JarLifecycleMapping lifecycle mapping for MavenProject: root.project.projects:logging:1.0 @ C:\pleiades\2024-12\workspace\project\projects\logging\pom.xml.
2026-01-15 12:06:41,834 [Worker-14: maven-archetype-j2ee-simple を作成中] INFO  o.e.m.c.i.e.AbstractTransferListenerAdapter - Downloading https://repo.maven.apache.org/maven2/org/apache/maven/plugins/maven-javadoc-plugin/maven-metadata.xml
2026-01-15 12:06:41,839 [Worker-14: maven-archetype-j2ee-simple を作成中] INFO  o.e.m.c.i.e.AbstractTransferListenerAdapter - Downloaded https://repo.maven.apache.org/maven2/org/apache/maven/plugins/maven-javadoc-plugin/maven-metadata.xml
2026-01-15 12:06:41,948 [Worker-14: maven-archetype-j2ee-simple を作成中] INFO  o.e.m.c.i.e.AbstractTransferListenerAdapter - Downloading https://repo.maven.apache.org/maven2/org/apache/maven/plugins/maven-javadoc-plugin/3.12.0/maven-javadoc-plugin-3.12.0.pom
2026-01-15 12:06:41,952 [Worker-14: maven-archetype-j2ee-simple を作成中] INFO  o.e.m.c.i.e.AbstractTransferListenerAdapter - Downloaded https://repo.maven.apache.org/maven2/org/apache/maven/plugins/maven-javadoc-plugin/3.12.0/maven-javadoc-plugin-3.12.0.pom
2026-01-15 12:06:42,026 [Worker-14: maven-archetype-j2ee-simple を作成中] INFO  o.e.m.c.i.e.AbstractTransferListenerAdapter - Downloading https://repo.maven.apache.org/maven2/org/apache/maven/plugins/maven-plugins/45/maven-plugins-45.pom
2026-01-15 12:06:42,033 [Worker-14: maven-archetype-j2ee-simple を作成中] INFO  o.e.m.c.i.e.AbstractTransferListenerAdapter - Downloaded https://repo.maven.apache.org/maven2/org/apache/maven/plugins/maven-plugins/45/maven-plugins-45.pom
2026-01-15 12:06:42,116 [Worker-14: maven-archetype-j2ee-simple を作成中] INFO  o.e.m.c.i.e.AbstractTransferListenerAdapter - Downloading https://repo.maven.apache.org/maven2/org/apache/maven/plugins/maven-javadoc-plugin/3.12.0/maven-javadoc-plugin-3.12.0.jar
2026-01-15 12:06:42,344 [Worker-14: maven-archetype-j2ee-simple を作成中] INFO  o.e.m.c.i.e.AbstractTransferListenerAdapter - Downloaded https://repo.maven.apache.org/maven2/org/apache/maven/plugins/maven-javadoc-plugin/3.12.0/maven-javadoc-plugin-3.12.0.jar
2026-01-15 12:06:42,375 [Worker-14: maven-archetype-j2ee-simple を作成中] INFO  o.e.m.c.i.l.LifecycleMappingFactory - Using org.eclipse.m2e.jdt.JarLifecycleMapping lifecycle mapping for MavenProject: root.project:primary-source:1.0 @ C:\pleiades\2024-12\workspace\project\primary-source\pom.xml.
2026-01-15 12:06:42,380 [Worker-14: maven-archetype-j2ee-simple を作成中] INFO  o.e.m.c.i.p.WorkspaceClassifierResolverManager - Resolving P/logging: root.project.projects:logging:1.0 with classifier  to /logging/target/classes
2026-01-15 12:06:42,381 [Worker-14: maven-archetype-j2ee-simple を作成中] INFO  o.e.m.c.i.l.LifecycleMappingFactory - Using NULL lifecycle mapping for MavenProject: root.project:servlets:1.0 @ C:\pleiades\2024-12\workspace\project\servlets\pom.xml.
2026-01-15 12:06:42,489 [Worker-14: maven-archetype-j2ee-simple を作成中] INFO  o.e.m.c.i.e.AbstractTransferListenerAdapter - Downloading https://repo.maven.apache.org/maven2/org/apache/maven/plugins/maven-war-plugin/3.4.0/maven-war-plugin-3.4.0.jar
2026-01-15 12:06:42,497 [Worker-14: maven-archetype-j2ee-simple を作成中] INFO  o.e.m.c.i.e.AbstractTransferListenerAdapter - Downloaded https://repo.maven.apache.org/maven2/org/apache/maven/plugins/maven-war-plugin/3.4.0/maven-war-plugin-3.4.0.jar
2026-01-15 12:06:42,506 [Worker-14: maven-archetype-j2ee-simple を作成中] INFO  o.e.m.c.i.l.LifecycleMappingFactory - Using org.maven.ide.eclipse.wtp.WarLifecycleMapping lifecycle mapping for MavenProject: root.project.servlets:servlet:1.0 @ C:\pleiades\2024-12\workspace\project\servlets\servlet\pom.xml.
2026-01-15 12:06:42,507 [Worker-14: maven-archetype-j2ee-simple を作成中] INFO  o.e.m.c.i.p.WorkspaceClassifierResolverManager - Resolving P/primary-source: root.project:primary-source:1.0 with classifier  to /primary-source/target/classes
2026-01-15 12:06:42,508 [Worker-14: maven-archetype-j2ee-simple を作成中] INFO  o.e.m.c.i.p.WorkspaceClassifierResolverManager - Resolving P/logging: root.project.projects:logging:1.0 with classifier  to /logging/target/classes
2026-01-15 12:06:42,652 [Worker-14: maven-archetype-j2ee-simple を作成中] INFO  o.e.m.c.i.e.AbstractTransferListenerAdapter - Downloading https://repo.maven.apache.org/maven2/org/apache/maven/plugins/maven-ejb-plugin/3.2.1/maven-ejb-plugin-3.2.1.jar
2026-01-15 12:06:42,666 [Worker-14: maven-archetype-j2ee-simple を作成中] INFO  o.e.m.c.i.e.AbstractTransferListenerAdapter - Downloaded https://repo.maven.apache.org/maven2/org/apache/maven/plugins/maven-ejb-plugin/3.2.1/maven-ejb-plugin-3.2.1.jar
2026-01-15 12:06:42,675 [Worker-14: maven-archetype-j2ee-simple を作成中] INFO  o.e.m.c.i.l.LifecycleMappingFactory - Using org.maven.ide.eclipse.wtp.EjbLifecycleMapping lifecycle mapping for MavenProject: root.project:ejbs:1.0 @ C:\pleiades\2024-12\workspace\project\ejbs\pom.xml.
2026-01-15 12:06:42,676 [Worker-14: maven-archetype-j2ee-simple を作成中] INFO  o.e.m.c.i.p.WorkspaceClassifierResolverManager - Resolving P/primary-source: root.project:primary-source:1.0 with classifier  to /primary-source/target/classes
2026-01-15 12:06:42,676 [Worker-14: maven-archetype-j2ee-simple を作成中] INFO  o.e.m.c.i.p.WorkspaceClassifierResolverManager - Resolving P/logging: root.project.projects:logging:1.0 with classifier  to /logging/target/classes
2026-01-15 12:06:42,742 [Worker-14: maven-archetype-j2ee-simple を作成中] INFO  o.e.m.c.i.e.AbstractTransferListenerAdapter - Downloading https://repo.maven.apache.org/maven2/org/apache/maven/plugins/maven-ear-plugin/3.3.0/maven-ear-plugin-3.3.0.jar
2026-01-15 12:06:42,810 [Worker-14: maven-archetype-j2ee-simple を作成中] INFO  o.e.m.c.i.e.AbstractTransferListenerAdapter - Downloaded https://repo.maven.apache.org/maven2/org/apache/maven/plugins/maven-ear-plugin/3.3.0/maven-ear-plugin-3.3.0.jar
2026-01-15 12:06:42,818 [Worker-14: maven-archetype-j2ee-simple を作成中] INFO  o.e.m.c.i.l.LifecycleMappingFactory - Using org.maven.ide.eclipse.wtp.EarLifecycleMapping lifecycle mapping for MavenProject: root.project:ear:1.0 @ C:\pleiades\2024-12\workspace\project\ear\pom.xml.
2026-01-15 12:06:42,820 [Worker-14: maven-archetype-j2ee-simple を作成中] INFO  o.e.m.c.i.p.WorkspaceClassifierResolverManager - Resolving P/ejbs: root.project:ejbs:1.0 with classifier  to /ejbs/target/classes
2026-01-15 12:06:42,820 [Worker-14: maven-archetype-j2ee-simple を作成中] INFO  o.e.m.c.i.p.WorkspaceClassifierResolverManager - Resolving P/servlet: root.project.servlets:servlet:1.0 with classifier  to /servlet/target/classes
2026-01-15 12:06:42,820 [Worker-14: maven-archetype-j2ee-simple を作成中] INFO  o.e.m.c.i.p.WorkspaceClassifierResolverManager - Resolving P/primary-source: root.project:primary-source:1.0 with classifier  to /primary-source/target/classes
2026-01-15 12:06:42,820 [Worker-14: maven-archetype-j2ee-simple を作成中] INFO  o.e.m.c.i.p.WorkspaceClassifierResolverManager - Resolving P/logging: root.project.projects:logging:1.0 with classifier  to /logging/target/classes
2026-01-15 12:06:42,928 [Worker-14: maven-archetype-j2ee-simple を作成中] INFO  o.e.m.c.i.e.AbstractTransferListenerAdapter - Downloading https://repo.maven.apache.org/maven2/org/apache/maven/plugins/maven-war-plugin/3.4.0/maven-war-plugin-3.4.0.pom
2026-01-15 12:06:42,930 [Worker-14: maven-archetype-j2ee-simple を作成中] INFO  o.e.m.c.i.e.AbstractTransferListenerAdapter - Downloaded https://repo.maven.apache.org/maven2/org/apache/maven/plugins/maven-war-plugin/3.4.0/maven-war-plugin-3.4.0.pom
2026-01-15 12:06:43,029 [Worker-14: maven-archetype-j2ee-simple を作成中] INFO  o.e.m.c.i.e.AbstractTransferListenerAdapter - Downloading https://repo.maven.apache.org/maven2/org/apache/maven/maven-archiver/3.6.0/maven-archiver-3.6.0.pom
2026-01-15 12:06:43,034 [Worker-14: maven-archetype-j2ee-simple を作成中] INFO  o.e.m.c.i.e.AbstractTransferListenerAdapter - Downloaded https://repo.maven.apache.org/maven2/org/apache/maven/maven-archiver/3.6.0/maven-archiver-3.6.0.pom
2026-01-15 12:06:43,110 [Worker-14: maven-archetype-j2ee-simple を作成中] INFO  o.e.m.c.i.e.AbstractTransferListenerAdapter - Downloading https://repo.maven.apache.org/maven2/org/codehaus/plexus/plexus-io/3.4.0/plexus-io-3.4.0.pom
2026-01-15 12:06:43,114 [Worker-14: maven-archetype-j2ee-simple を作成中] INFO  o.e.m.c.i.e.AbstractTransferListenerAdapter - Downloaded https://repo.maven.apache.org/maven2/org/codehaus/plexus/plexus-io/3.4.0/plexus-io-3.4.0.pom
2026-01-15 12:06:43,193 [Worker-14: maven-archetype-j2ee-simple を作成中] INFO  o.e.m.c.i.e.AbstractTransferListenerAdapter - Downloading https://repo.maven.apache.org/maven2/org/codehaus/plexus/plexus-archiver/4.4.0/plexus-archiver-4.4.0.pom
2026-01-15 12:06:43,196 [Worker-14: maven-archetype-j2ee-simple を作成中] INFO  o.e.m.c.i.e.AbstractTransferListenerAdapter - Downloaded https://repo.maven.apache.org/maven2/org/codehaus/plexus/plexus-archiver/4.4.0/plexus-archiver-4.4.0.pom
2026-01-15 12:06:43,278 [Worker-14: maven-archetype-j2ee-simple を作成中] INFO  o.e.m.c.i.e.AbstractTransferListenerAdapter - Downloading https://repo.maven.apache.org/maven2/org/apache/commons/commons-compress/1.21/commons-compress-1.21.pom
2026-01-15 12:06:43,280 [Worker-14: maven-archetype-j2ee-simple を作成中] INFO  o.e.m.c.i.e.AbstractTransferListenerAdapter - Downloaded https://repo.maven.apache.org/maven2/org/apache/commons/commons-compress/1.21/commons-compress-1.21.pom
2026-01-15 12:06:43,358 [Worker-14: maven-archetype-j2ee-simple を作成中] INFO  o.e.m.c.i.e.AbstractTransferListenerAdapter - Downloading https://repo.maven.apache.org/maven2/commons-io/commons-io/2.13.0/commons-io-2.13.0.pom
2026-01-15 12:06:43,361 [Worker-14: maven-archetype-j2ee-simple を作成中] INFO  o.e.m.c.i.e.AbstractTransferListenerAdapter - Downloaded https://repo.maven.apache.org/maven2/commons-io/commons-io/2.13.0/commons-io-2.13.0.pom
2026-01-15 12:06:43,452 [Worker-14: maven-archetype-j2ee-simple を作成中] INFO  o.e.m.c.i.e.AbstractTransferListenerAdapter - Downloading https://repo.maven.apache.org/maven2/org/apache/commons/commons-parent/58/commons-parent-58.pom
2026-01-15 12:06:43,457 [Worker-14: maven-archetype-j2ee-simple を作成中] INFO  o.e.m.c.i.e.AbstractTransferListenerAdapter - Downloaded https://repo.maven.apache.org/maven2/org/apache/commons/commons-parent/58/commons-parent-58.pom
2026-01-15 12:06:43,545 [Worker-14: maven-archetype-j2ee-simple を作成中] INFO  o.e.m.c.i.e.AbstractTransferListenerAdapter - Downloading https://repo.maven.apache.org/maven2/org/codehaus/plexus/plexus-archiver/4.7.1/plexus-archiver-4.7.1.pom
2026-01-15 12:06:43,548 [Worker-14: maven-archetype-j2ee-simple を作成中] INFO  o.e.m.c.i.e.AbstractTransferListenerAdapter - Downloaded https://repo.maven.apache.org/maven2/org/codehaus/plexus/plexus-archiver/4.7.1/plexus-archiver-4.7.1.pom
2026-01-15 12:06:43,633 [Worker-14: maven-archetype-j2ee-simple を作成中] INFO  o.e.m.c.i.e.AbstractTransferListenerAdapter - Downloading https://repo.maven.apache.org/maven2/org/codehaus/plexus/plexus-io/3.4.1/plexus-io-3.4.1.pom
2026-01-15 12:06:43,636 [Worker-14: maven-archetype-j2ee-simple を作成中] INFO  o.e.m.c.i.e.AbstractTransferListenerAdapter - Downloaded https://repo.maven.apache.org/maven2/org/codehaus/plexus/plexus-io/3.4.1/plexus-io-3.4.1.pom
2026-01-15 12:06:43,703 [Worker-14: maven-archetype-j2ee-simple を作成中] INFO  o.e.m.c.i.e.AbstractTransferListenerAdapter - Downloading https://repo.maven.apache.org/maven2/org/apache/commons/commons-compress/1.23.0/commons-compress-1.23.0.pom
2026-01-15 12:06:43,707 [Worker-14: maven-archetype-j2ee-simple を作成中] INFO  o.e.m.c.i.e.AbstractTransferListenerAdapter - Downloaded https://repo.maven.apache.org/maven2/org/apache/commons/commons-compress/1.23.0/commons-compress-1.23.0.pom
2026-01-15 12:06:43,806 [Worker-14: maven-archetype-j2ee-simple を作成中] INFO  o.e.m.c.i.e.AbstractTransferListenerAdapter - Downloading https://repo.maven.apache.org/maven2/org/apache/commons/commons-parent/56/commons-parent-56.pom
2026-01-15 12:06:43,810 [Worker-14: maven-archetype-j2ee-simple を作成中] INFO  o.e.m.c.i.e.AbstractTransferListenerAdapter - Downloaded https://repo.maven.apache.org/maven2/org/apache/commons/commons-parent/56/commons-parent-56.pom
2026-01-15 12:06:43,894 [Worker-14: maven-archetype-j2ee-simple を作成中] INFO  o.e.m.c.i.e.AbstractTransferListenerAdapter - Downloading https://repo.maven.apache.org/maven2/org/junit/junit-bom/5.9.1/junit-bom-5.9.1.pom
2026-01-15 12:06:43,897 [Worker-14: maven-archetype-j2ee-simple を作成中] INFO  o.e.m.c.i.e.AbstractTransferListenerAdapter - Downloaded https://repo.maven.apache.org/maven2/org/junit/junit-bom/5.9.1/junit-bom-5.9.1.pom
2026-01-15 12:06:43,983 [Worker-14: maven-archetype-j2ee-simple を作成中] INFO  o.e.m.c.i.e.AbstractTransferListenerAdapter - Downloading https://repo.maven.apache.org/maven2/com/github/luben/zstd-jni/1.5.5-2/zstd-jni-1.5.5-2.pom
2026-01-15 12:06:43,990 [Worker-14: maven-archetype-j2ee-simple を作成中] INFO  o.e.m.c.i.e.AbstractTransferListenerAdapter - Downloaded https://repo.maven.apache.org/maven2/com/github/luben/zstd-jni/1.5.5-2/zstd-jni-1.5.5-2.pom
2026-01-15 12:06:44,110 [Worker-14: maven-archetype-j2ee-simple を作成中] INFO  o.e.m.c.i.e.AbstractTransferListenerAdapter - Downloading https://repo.maven.apache.org/maven2/org/apache/maven/maven-settings/3.2.5/maven-settings-3.2.5.pom
2026-01-15 12:06:44,113 [Worker-14: maven-archetype-j2ee-simple を作成中] INFO  o.e.m.c.i.e.AbstractTransferListenerAdapter - Downloaded https://repo.maven.apache.org/maven2/org/apache/maven/maven-settings/3.2.5/maven-settings-3.2.5.pom
2026-01-15 12:06:44,186 [Worker-14: maven-archetype-j2ee-simple を作成中] INFO  o.e.m.c.i.e.AbstractTransferListenerAdapter - Downloading https://repo.maven.apache.org/maven2/org/apache/maven/maven/3.2.5/maven-3.2.5.pom
2026-01-15 12:06:44,190 [Worker-14: maven-archetype-j2ee-simple を作成中] INFO  o.e.m.c.i.e.AbstractTransferListenerAdapter - Downloaded https://repo.maven.apache.org/maven2/org/apache/maven/maven/3.2.5/maven-3.2.5.pom
2026-01-15 12:06:44,260 [Worker-14: maven-archetype-j2ee-simple を作成中] INFO  o.e.m.c.i.e.AbstractTransferListenerAdapter - Downloading https://repo.maven.apache.org/maven2/org/codehaus/plexus/plexus-component-annotations/1.5.5/plexus-component-annotations-1.5.5.pom
2026-01-15 12:06:44,267 [Worker-14: maven-archetype-j2ee-simple を作成中] INFO  o.e.m.c.i.e.AbstractTransferListenerAdapter - Downloaded https://repo.maven.apache.org/maven2/org/codehaus/plexus/plexus-component-annotations/1.5.5/plexus-component-annotations-1.5.5.pom
2026-01-15 12:06:44,346 [Worker-14: maven-archetype-j2ee-simple を作成中] INFO  o.e.m.c.i.e.AbstractTransferListenerAdapter - Downloading https://repo.maven.apache.org/maven2/org/codehaus/plexus/plexus-containers/1.5.5/plexus-containers-1.5.5.pom
2026-01-15 12:06:44,349 [Worker-14: maven-archetype-j2ee-simple を作成中] INFO  o.e.m.c.i.e.AbstractTransferListenerAdapter - Downloaded https://repo.maven.apache.org/maven2/org/codehaus/plexus/plexus-containers/1.5.5/plexus-containers-1.5.5.pom
2026-01-15 12:06:44,438 [Worker-14: maven-archetype-j2ee-simple を作成中] INFO  o.e.m.c.i.e.AbstractTransferListenerAdapter - Downloading https://repo.maven.apache.org/maven2/org/codehaus/plexus/plexus-component-annotations/1.5.4/plexus-component-annotations-1.5.4.pom
2026-01-15 12:06:44,442 [Worker-14: maven-archetype-j2ee-simple を作成中] INFO  o.e.m.c.i.e.AbstractTransferListenerAdapter - Downloaded https://repo.maven.apache.org/maven2/org/codehaus/plexus/plexus-component-annotations/1.5.4/plexus-component-annotations-1.5.4.pom
2026-01-15 12:06:44,504 [Worker-14: maven-archetype-j2ee-simple を作成中] INFO  o.e.m.c.i.e.AbstractTransferListenerAdapter - Downloading https://repo.maven.apache.org/maven2/org/codehaus/plexus/plexus-containers/1.5.4/plexus-containers-1.5.4.pom
2026-01-15 12:06:44,508 [Worker-14: maven-archetype-j2ee-simple を作成中] INFO  o.e.m.c.i.e.AbstractTransferListenerAdapter - Downloaded https://repo.maven.apache.org/maven2/org/codehaus/plexus/plexus-containers/1.5.4/plexus-containers-1.5.4.pom
2026-01-15 12:06:44,589 [Worker-14: maven-archetype-j2ee-simple を作成中] INFO  o.e.m.c.i.e.AbstractTransferListenerAdapter - Downloading https://repo.maven.apache.org/maven2/org/codehaus/plexus/plexus/2.0.5/plexus-2.0.5.pom
2026-01-15 12:06:44,592 [Worker-14: maven-archetype-j2ee-simple を作成中] INFO  o.e.m.c.i.e.AbstractTransferListenerAdapter - Downloaded https://repo.maven.apache.org/maven2/org/codehaus/plexus/plexus/2.0.5/plexus-2.0.5.pom
2026-01-15 12:06:44,711 [Worker-14: maven-archetype-j2ee-simple を作成中] INFO  o.e.m.c.i.e.AbstractTransferListenerAdapter - Downloading https://repo.maven.apache.org/maven2/org/apache/maven/maven-archiver/3.6.0/maven-archiver-3.6.0.jar
2026-01-15 12:06:44,714 [Worker-14: maven-archetype-j2ee-simple を作成中] INFO  o.e.m.c.i.e.AbstractTransferListenerAdapter - Downloaded https://repo.maven.apache.org/maven2/org/apache/maven/maven-archiver/3.6.0/maven-archiver-3.6.0.jar
2026-01-15 12:06:44,786 [BasicRepositoryConnector-repo.maven.apache.org-2-0] INFO  o.e.m.c.i.e.AbstractTransferListenerAdapter - Downloading https://repo.maven.apache.org/maven2/org/codehaus/plexus/plexus-io/3.4.0/plexus-io-3.4.0.jar
2026-01-15 12:06:44,804 [BasicRepositoryConnector-repo.maven.apache.org-2-0] INFO  o.e.m.c.i.e.AbstractTransferListenerAdapter - Downloaded https://repo.maven.apache.org/maven2/org/codehaus/plexus/plexus-io/3.4.0/plexus-io-3.4.0.jar
2026-01-15 12:06:44,866 [BasicRepositoryConnector-repo.maven.apache.org-2-1] INFO  o.e.m.c.i.e.AbstractTransferListenerAdapter - Downloading https://repo.maven.apache.org/maven2/commons-io/commons-io/2.13.0/commons-io-2.13.0.jar
2026-01-15 12:06:44,886 [BasicRepositoryConnector-repo.maven.apache.org-2-0] INFO  o.e.m.c.i.e.AbstractTransferListenerAdapter - Downloading https://repo.maven.apache.org/maven2/org/codehaus/plexus/plexus-component-annotations/1.5.5/plexus-component-annotations-1.5.5.jar
2026-01-15 12:06:44,888 [BasicRepositoryConnector-repo.maven.apache.org-2-0] INFO  o.e.m.c.i.e.AbstractTransferListenerAdapter - Downloaded https://repo.maven.apache.org/maven2/org/codehaus/plexus/plexus-component-annotations/1.5.5/plexus-component-annotations-1.5.5.jar
2026-01-15 12:06:44,889 [BasicRepositoryConnector-repo.maven.apache.org-2-4] INFO  o.e.m.c.i.e.AbstractTransferListenerAdapter - Downloading https://repo.maven.apache.org/maven2/com/github/luben/zstd-jni/1.5.5-2/zstd-jni-1.5.5-2.jar
2026-01-15 12:06:44,932 [BasicRepositoryConnector-repo.maven.apache.org-2-2] INFO  o.e.m.c.i.e.AbstractTransferListenerAdapter - Downloading https://repo.maven.apache.org/maven2/org/codehaus/plexus/plexus-archiver/4.7.1/plexus-archiver-4.7.1.jar
2026-01-15 12:06:44,932 [BasicRepositoryConnector-repo.maven.apache.org-2-3] INFO  o.e.m.c.i.e.AbstractTransferListenerAdapter - Downloading https://repo.maven.apache.org/maven2/org/apache/commons/commons-compress/1.23.0/commons-compress-1.23.0.jar
2026-01-15 12:06:45,201 [BasicRepositoryConnector-repo.maven.apache.org-2-2] INFO  o.e.m.c.i.e.AbstractTransferListenerAdapter - Downloaded https://repo.maven.apache.org/maven2/org/codehaus/plexus/plexus-archiver/4.7.1/plexus-archiver-4.7.1.jar
2026-01-15 12:06:45,448 [BasicRepositoryConnector-repo.maven.apache.org-2-1] INFO  o.e.m.c.i.e.AbstractTransferListenerAdapter - Downloaded https://repo.maven.apache.org/maven2/commons-io/commons-io/2.13.0/commons-io-2.13.0.jar
2026-01-15 12:06:45,872 [BasicRepositoryConnector-repo.maven.apache.org-2-3] INFO  o.e.m.c.i.e.AbstractTransferListenerAdapter - Downloaded https://repo.maven.apache.org/maven2/org/apache/commons/commons-compress/1.23.0/commons-compress-1.23.0.jar
2026-01-15 12:06:48,239 [BasicRepositoryConnector-repo.maven.apache.org-2-4] INFO  o.e.m.c.i.e.AbstractTransferListenerAdapter - Downloaded https://repo.maven.apache.org/maven2/com/github/luben/zstd-jni/1.5.5-2/zstd-jni-1.5.5-2.jar
2026-01-15 12:06:48,625 [Worker-14: maven-archetype-j2ee-simple を作成中] INFO  o.e.m.c.i.e.AbstractTransferListenerAdapter - Downloading https://repo.maven.apache.org/maven2/org/apache/maven/plugins/maven-ejb-plugin/3.2.1/maven-ejb-plugin-3.2.1.pom
2026-01-15 12:06:48,627 [Worker-14: maven-archetype-j2ee-simple を作成中] INFO  o.e.m.c.i.e.AbstractTransferListenerAdapter - Downloaded https://repo.maven.apache.org/maven2/org/apache/maven/plugins/maven-ejb-plugin/3.2.1/maven-ejb-plugin-3.2.1.pom
2026-01-15 12:06:48,713 [Worker-14: maven-archetype-j2ee-simple を作成中] INFO  o.e.m.c.i.e.AbstractTransferListenerAdapter - Downloading https://repo.maven.apache.org/maven2/org/apache/maven/maven-archiver/3.5.2/maven-archiver-3.5.2.pom
2026-01-15 12:06:48,716 [Worker-14: maven-archetype-j2ee-simple を作成中] INFO  o.e.m.c.i.e.AbstractTransferListenerAdapter - Downloaded https://repo.maven.apache.org/maven2/org/apache/maven/maven-archiver/3.5.2/maven-archiver-3.5.2.pom
2026-01-15 12:06:48,791 [Worker-14: maven-archetype-j2ee-simple を作成中] INFO  o.e.m.c.i.e.AbstractTransferListenerAdapter - Downloading https://repo.maven.apache.org/maven2/org/apache/maven/maven-artifact/3.1.1/maven-artifact-3.1.1.pom
2026-01-15 12:06:48,794 [Worker-14: maven-archetype-j2ee-simple を作成中] INFO  o.e.m.c.i.e.AbstractTransferListenerAdapter - Downloaded https://repo.maven.apache.org/maven2/org/apache/maven/maven-artifact/3.1.1/maven-artifact-3.1.1.pom
2026-01-15 12:06:48,870 [Worker-14: maven-archetype-j2ee-simple を作成中] INFO  o.e.m.c.i.e.AbstractTransferListenerAdapter - Downloading https://repo.maven.apache.org/maven2/org/apache/maven/maven/3.1.1/maven-3.1.1.pom
2026-01-15 12:06:48,874 [Worker-14: maven-archetype-j2ee-simple を作成中] INFO  o.e.m.c.i.e.AbstractTransferListenerAdapter - Downloaded https://repo.maven.apache.org/maven2/org/apache/maven/maven/3.1.1/maven-3.1.1.pom
2026-01-15 12:06:48,961 [Worker-14: maven-archetype-j2ee-simple を作成中] INFO  o.e.m.c.i.e.AbstractTransferListenerAdapter - Downloading https://repo.maven.apache.org/maven2/org/codehaus/plexus/plexus-utils/3.3.0/plexus-utils-3.3.0.pom
2026-01-15 12:06:48,965 [Worker-14: maven-archetype-j2ee-simple を作成中] INFO  o.e.m.c.i.e.AbstractTransferListenerAdapter - Downloaded https://repo.maven.apache.org/maven2/org/codehaus/plexus/plexus-utils/3.3.0/plexus-utils-3.3.0.pom
2026-01-15 12:06:49,044 [Worker-14: maven-archetype-j2ee-simple を作成中] INFO  o.e.m.c.i.e.AbstractTransferListenerAdapter - Downloading https://repo.maven.apache.org/maven2/org/apache/maven/maven-model/3.1.1/maven-model-3.1.1.pom
2026-01-15 12:06:49,046 [Worker-14: maven-archetype-j2ee-simple を作成中] INFO  o.e.m.c.i.e.AbstractTransferListenerAdapter - Downloaded https://repo.maven.apache.org/maven2/org/apache/maven/maven-model/3.1.1/maven-model-3.1.1.pom
2026-01-15 12:06:49,112 [Worker-14: maven-archetype-j2ee-simple を作成中] INFO  o.e.m.c.i.e.AbstractTransferListenerAdapter - Downloading https://repo.maven.apache.org/maven2/org/apache/maven/maven-core/3.1.1/maven-core-3.1.1.pom
2026-01-15 12:06:49,115 [Worker-14: maven-archetype-j2ee-simple を作成中] INFO  o.e.m.c.i.e.AbstractTransferListenerAdapter - Downloaded https://repo.maven.apache.org/maven2/org/apache/maven/maven-core/3.1.1/maven-core-3.1.1.pom
2026-01-15 12:06:49,182 [Worker-14: maven-archetype-j2ee-simple を作成中] INFO  o.e.m.c.i.e.AbstractTransferListenerAdapter - Downloading https://repo.maven.apache.org/maven2/org/apache/maven/maven-settings/3.1.1/maven-settings-3.1.1.pom
2026-01-15 12:06:49,184 [Worker-14: maven-archetype-j2ee-simple を作成中] INFO  o.e.m.c.i.e.AbstractTransferListenerAdapter - Downloaded https://repo.maven.apache.org/maven2/org/apache/maven/maven-settings/3.1.1/maven-settings-3.1.1.pom
2026-01-15 12:06:49,255 [Worker-14: maven-archetype-j2ee-simple を作成中] INFO  o.e.m.c.i.e.AbstractTransferListenerAdapter - Downloading https://repo.maven.apache.org/maven2/org/apache/maven/maven-settings-builder/3.1.1/maven-settings-builder-3.1.1.pom
2026-01-15 12:06:49,257 [Worker-14: maven-archetype-j2ee-simple を作成中] INFO  o.e.m.c.i.e.AbstractTransferListenerAdapter - Downloaded https://repo.maven.apache.org/maven2/org/apache/maven/maven-settings-builder/3.1.1/maven-settings-builder-3.1.1.pom
2026-01-15 12:06:49,324 [Worker-14: maven-archetype-j2ee-simple を作成中] INFO  o.e.m.c.i.e.AbstractTransferListenerAdapter - Downloading https://repo.maven.apache.org/maven2/org/codehaus/plexus/plexus-interpolation/1.19/plexus-interpolation-1.19.pom
2026-01-15 12:06:49,327 [Worker-14: maven-archetype-j2ee-simple を作成中] INFO  o.e.m.c.i.e.AbstractTransferListenerAdapter - Downloaded https://repo.maven.apache.org/maven2/org/codehaus/plexus/plexus-interpolation/1.19/plexus-interpolation-1.19.pom
2026-01-15 12:06:49,389 [Worker-14: maven-archetype-j2ee-simple を作成中] INFO  o.e.m.c.i.e.AbstractTransferListenerAdapter - Downloading https://repo.maven.apache.org/maven2/org/codehaus/plexus/plexus-component-annotations/2.1.1/plexus-component-annotations-2.1.1.pom
2026-01-15 12:06:49,392 [Worker-14: maven-archetype-j2ee-simple を作成中] INFO  o.e.m.c.i.e.AbstractTransferListenerAdapter - Downloaded https://repo.maven.apache.org/maven2/org/codehaus/plexus/plexus-component-annotations/2.1.1/plexus-component-annotations-2.1.1.pom
2026-01-15 12:06:49,465 [Worker-14: maven-archetype-j2ee-simple を作成中] INFO  o.e.m.c.i.e.AbstractTransferListenerAdapter - Downloading https://repo.maven.apache.org/maven2/org/codehaus/plexus/plexus-containers/2.1.1/plexus-containers-2.1.1.pom
2026-01-15 12:06:49,469 [Worker-14: maven-archetype-j2ee-simple を作成中] INFO  o.e.m.c.i.e.AbstractTransferListenerAdapter - Downloaded https://repo.maven.apache.org/maven2/org/codehaus/plexus/plexus-containers/2.1.1/plexus-containers-2.1.1.pom
2026-01-15 12:06:49,550 [Worker-14: maven-archetype-j2ee-simple を作成中] INFO  o.e.m.c.i.e.AbstractTransferListenerAdapter - Downloading https://repo.maven.apache.org/maven2/org/codehaus/plexus/plexus/6.5/plexus-6.5.pom
2026-01-15 12:06:49,553 [Worker-14: maven-archetype-j2ee-simple を作成中] INFO  o.e.m.c.i.e.AbstractTransferListenerAdapter - Downloaded https://repo.maven.apache.org/maven2/org/codehaus/plexus/plexus/6.5/plexus-6.5.pom
2026-01-15 12:06:49,612 [Worker-14: maven-archetype-j2ee-simple を作成中] INFO  o.e.m.c.i.e.AbstractTransferListenerAdapter - Downloading https://repo.maven.apache.org/maven2/org/apache/maven/maven-repository-metadata/3.1.1/maven-repository-metadata-3.1.1.pom
2026-01-15 12:06:49,615 [Worker-14: maven-archetype-j2ee-simple を作成中] INFO  o.e.m.c.i.e.AbstractTransferListenerAdapter - Downloaded https://repo.maven.apache.org/maven2/org/apache/maven/maven-repository-metadata/3.1.1/maven-repository-metadata-3.1.1.pom
2026-01-15 12:06:49,678 [Worker-14: maven-archetype-j2ee-simple を作成中] INFO  o.e.m.c.i.e.AbstractTransferListenerAdapter - Downloading https://repo.maven.apache.org/maven2/org/apache/maven/maven-plugin-api/3.1.1/maven-plugin-api-3.1.1.pom
2026-01-15 12:06:49,680 [Worker-14: maven-archetype-j2ee-simple を作成中] INFO  o.e.m.c.i.e.AbstractTransferListenerAdapter - Downloaded https://repo.maven.apache.org/maven2/org/apache/maven/maven-plugin-api/3.1.1/maven-plugin-api-3.1.1.pom
2026-01-15 12:06:49,753 [Worker-14: maven-archetype-j2ee-simple を作成中] INFO  o.e.m.c.i.e.AbstractTransferListenerAdapter - Downloading https://repo.maven.apache.org/maven2/org/eclipse/sisu/org.eclipse.sisu.plexus/0.3.5/org.eclipse.sisu.plexus-0.3.5.pom
2026-01-15 12:06:49,755 [Worker-14: maven-archetype-j2ee-simple を作成中] INFO  o.e.m.c.i.e.AbstractTransferListenerAdapter - Downloaded https://repo.maven.apache.org/maven2/org/eclipse/sisu/org.eclipse.sisu.plexus/0.3.5/org.eclipse.sisu.plexus-0.3.5.pom
2026-01-15 12:06:49,819 [Worker-14: maven-archetype-j2ee-simple を作成中] INFO  o.e.m.c.i.e.AbstractTransferListenerAdapter - Downloading https://repo.maven.apache.org/maven2/org/eclipse/sisu/sisu-plexus/0.3.5/sisu-plexus-0.3.5.pom
2026-01-15 12:06:49,822 [Worker-14: maven-archetype-j2ee-simple を作成中] INFO  o.e.m.c.i.e.AbstractTransferListenerAdapter - Downloaded https://repo.maven.apache.org/maven2/org/eclipse/sisu/sisu-plexus/0.3.5/sisu-plexus-0.3.5.pom
2026-01-15 12:06:49,889 [Worker-14: maven-archetype-j2ee-simple を作成中] INFO  o.e.m.c.i.e.AbstractTransferListenerAdapter - Downloading https://repo.maven.apache.org/maven2/javax/annotation/javax.annotation-api/1.2/javax.annotation-api-1.2.pom
2026-01-15 12:06:49,893 [Worker-14: maven-archetype-j2ee-simple を作成中] INFO  o.e.m.c.i.e.AbstractTransferListenerAdapter - Downloaded https://repo.maven.apache.org/maven2/javax/annotation/javax.annotation-api/1.2/javax.annotation-api-1.2.pom
2026-01-15 12:06:49,964 [Worker-14: maven-archetype-j2ee-simple を作成中] INFO  o.e.m.c.i.e.AbstractTransferListenerAdapter - Downloading https://repo.maven.apache.org/maven2/javax/enterprise/cdi-api/1.2/cdi-api-1.2.pom
2026-01-15 12:06:49,966 [Worker-14: maven-archetype-j2ee-simple を作成中] INFO  o.e.m.c.i.e.AbstractTransferListenerAdapter - Downloaded https://repo.maven.apache.org/maven2/javax/enterprise/cdi-api/1.2/cdi-api-1.2.pom
2026-01-15 12:06:50,053 [Worker-14: maven-archetype-j2ee-simple を作成中] INFO  o.e.m.c.i.e.AbstractTransferListenerAdapter - Downloading https://repo.maven.apache.org/maven2/org/jboss/weld/weld-parent/26/weld-parent-26.pom
2026-01-15 12:06:50,056 [Worker-14: maven-archetype-j2ee-simple を作成中] INFO  o.e.m.c.i.e.AbstractTransferListenerAdapter - Downloaded https://repo.maven.apache.org/maven2/org/jboss/weld/weld-parent/26/weld-parent-26.pom
2026-01-15 12:06:50,123 [Worker-14: maven-archetype-j2ee-simple を作成中] INFO  o.e.m.c.i.e.AbstractTransferListenerAdapter - Downloading https://repo.maven.apache.org/maven2/org/eclipse/sisu/org.eclipse.sisu.inject/0.3.5/org.eclipse.sisu.inject-0.3.5.pom
2026-01-15 12:06:50,125 [Worker-14: maven-archetype-j2ee-simple を作成中] INFO  o.e.m.c.i.e.AbstractTransferListenerAdapter - Downloaded https://repo.maven.apache.org/maven2/org/eclipse/sisu/org.eclipse.sisu.inject/0.3.5/org.eclipse.sisu.inject-0.3.5.pom
2026-01-15 12:06:50,187 [Worker-14: maven-archetype-j2ee-simple を作成中] INFO  o.e.m.c.i.e.AbstractTransferListenerAdapter - Downloading https://repo.maven.apache.org/maven2/org/eclipse/sisu/sisu-inject/0.3.5/sisu-inject-0.3.5.pom
2026-01-15 12:06:50,190 [Worker-14: maven-archetype-j2ee-simple を作成中] INFO  o.e.m.c.i.e.AbstractTransferListenerAdapter - Downloaded https://repo.maven.apache.org/maven2/org/eclipse/sisu/sisu-inject/0.3.5/sisu-inject-0.3.5.pom
2026-01-15 12:06:50,272 [Worker-14: maven-archetype-j2ee-simple を作成中] INFO  o.e.m.c.i.e.AbstractTransferListenerAdapter - Downloading https://repo.maven.apache.org/maven2/org/codehaus/plexus/plexus-classworlds/2.5.2/plexus-classworlds-2.5.2.pom
2026-01-15 12:06:50,274 [Worker-14: maven-archetype-j2ee-simple を作成中] INFO  o.e.m.c.i.e.AbstractTransferListenerAdapter - Downloaded https://repo.maven.apache.org/maven2/org/codehaus/plexus/plexus-classworlds/2.5.2/plexus-classworlds-2.5.2.pom
2026-01-15 12:06:50,324 [Worker-14: maven-archetype-j2ee-simple を作成中] INFO  o.e.m.c.i.e.AbstractTransferListenerAdapter - Downloading https://repo.maven.apache.org/maven2/org/apache/maven/maven-model-builder/3.1.1/maven-model-builder-3.1.1.pom
2026-01-15 12:06:50,337 [Worker-14: maven-archetype-j2ee-simple を作成中] INFO  o.e.m.c.i.e.AbstractTransferListenerAdapter - Downloaded https://repo.maven.apache.org/maven2/org/apache/maven/maven-model-builder/3.1.1/maven-model-builder-3.1.1.pom
2026-01-15 12:06:50,430 [Worker-14: maven-archetype-j2ee-simple を作成中] INFO  o.e.m.c.i.e.AbstractTransferListenerAdapter - Downloading https://repo.maven.apache.org/maven2/org/apache/maven/maven-aether-provider/3.1.1/maven-aether-provider-3.1.1.pom
2026-01-15 12:06:50,433 [Worker-14: maven-archetype-j2ee-simple を作成中] INFO  o.e.m.c.i.e.AbstractTransferListenerAdapter - Downloaded https://repo.maven.apache.org/maven2/org/apache/maven/maven-aether-provider/3.1.1/maven-aether-provider-3.1.1.pom
2026-01-15 12:06:50,494 [Worker-14: maven-archetype-j2ee-simple を作成中] INFO  o.e.m.c.i.e.AbstractTransferListenerAdapter - Downloading https://repo.maven.apache.org/maven2/org/eclipse/aether/aether-api/0.9.0.M2/aether-api-0.9.0.M2.pom
2026-01-15 12:06:50,497 [Worker-14: maven-archetype-j2ee-simple を作成中] INFO  o.e.m.c.i.e.AbstractTransferListenerAdapter - Downloaded https://repo.maven.apache.org/maven2/org/eclipse/aether/aether-api/0.9.0.M2/aether-api-0.9.0.M2.pom
2026-01-15 12:06:50,571 [Worker-14: maven-archetype-j2ee-simple を作成中] INFO  o.e.m.c.i.e.AbstractTransferListenerAdapter - Downloading https://repo.maven.apache.org/maven2/org/eclipse/aether/aether/0.9.0.M2/aether-0.9.0.M2.pom
2026-01-15 12:06:50,574 [Worker-14: maven-archetype-j2ee-simple を作成中] INFO  o.e.m.c.i.e.AbstractTransferListenerAdapter - Downloaded https://repo.maven.apache.org/maven2/org/eclipse/aether/aether/0.9.0.M2/aether-0.9.0.M2.pom
2026-01-15 12:06:50,643 [Worker-14: maven-archetype-j2ee-simple を作成中] INFO  o.e.m.c.i.e.AbstractTransferListenerAdapter - Downloading https://repo.maven.apache.org/maven2/org/eclipse/aether/aether-spi/0.9.0.M2/aether-spi-0.9.0.M2.pom
2026-01-15 12:06:50,645 [Worker-14: maven-archetype-j2ee-simple を作成中] INFO  o.e.m.c.i.e.AbstractTransferListenerAdapter - Downloaded https://repo.maven.apache.org/maven2/org/eclipse/aether/aether-spi/0.9.0.M2/aether-spi-0.9.0.M2.pom
2026-01-15 12:06:50,700 [Worker-14: maven-archetype-j2ee-simple を作成中] INFO  o.e.m.c.i.e.AbstractTransferListenerAdapter - Downloading https://repo.maven.apache.org/maven2/org/eclipse/aether/aether-util/0.9.0.M2/aether-util-0.9.0.M2.pom
2026-01-15 12:06:50,703 [Worker-14: maven-archetype-j2ee-simple を作成中] INFO  o.e.m.c.i.e.AbstractTransferListenerAdapter - Downloaded https://repo.maven.apache.org/maven2/org/eclipse/aether/aether-util/0.9.0.M2/aether-util-0.9.0.M2.pom
2026-01-15 12:06:50,776 [Worker-14: maven-archetype-j2ee-simple を作成中] INFO  o.e.m.c.i.e.AbstractTransferListenerAdapter - Downloading https://repo.maven.apache.org/maven2/org/eclipse/aether/aether-impl/0.9.0.M2/aether-impl-0.9.0.M2.pom
2026-01-15 12:06:50,779 [Worker-14: maven-archetype-j2ee-simple を作成中] INFO  o.e.m.c.i.e.AbstractTransferListenerAdapter - Downloaded https://repo.maven.apache.org/maven2/org/eclipse/aether/aether-impl/0.9.0.M2/aether-impl-0.9.0.M2.pom
2026-01-15 12:06:50,845 [Worker-14: maven-archetype-j2ee-simple を作成中] INFO  o.e.m.c.i.e.AbstractTransferListenerAdapter - Downloading https://repo.maven.apache.org/maven2/org/codehaus/plexus/plexus-classworlds/2.5.1/plexus-classworlds-2.5.1.pom
2026-01-15 12:06:50,848 [Worker-14: maven-archetype-j2ee-simple を作成中] INFO  o.e.m.c.i.e.AbstractTransferListenerAdapter - Downloaded https://repo.maven.apache.org/maven2/org/codehaus/plexus/plexus-classworlds/2.5.1/plexus-classworlds-2.5.1.pom
2026-01-15 12:06:50,916 [Worker-14: maven-archetype-j2ee-simple を作成中] INFO  o.e.m.c.i.e.AbstractTransferListenerAdapter - Downloading https://repo.maven.apache.org/maven2/org/apache/maven/shared/maven-shared-utils/3.3.3/maven-shared-utils-3.3.3.pom
2026-01-15 12:06:50,918 [Worker-14: maven-archetype-j2ee-simple を作成中] INFO  o.e.m.c.i.e.AbstractTransferListenerAdapter - Downloaded https://repo.maven.apache.org/maven2/org/apache/maven/shared/maven-shared-utils/3.3.3/maven-shared-utils-3.3.3.pom
2026-01-15 12:06:50,997 [Worker-14: maven-archetype-j2ee-simple を作成中] INFO  o.e.m.c.i.e.AbstractTransferListenerAdapter - Downloading https://repo.maven.apache.org/maven2/org/apache/commons/commons-compress/1.20/commons-compress-1.20.pom
2026-01-15 12:06:51,000 [Worker-14: maven-archetype-j2ee-simple を作成中] INFO  o.e.m.c.i.e.AbstractTransferListenerAdapter - Downloaded https://repo.maven.apache.org/maven2/org/apache/commons/commons-compress/1.20/commons-compress-1.20.pom
2026-01-15 12:06:51,076 [Worker-14: maven-archetype-j2ee-simple を作成中] INFO  o.e.m.c.i.e.AbstractTransferListenerAdapter - Downloading https://repo.maven.apache.org/maven2/org/apache/commons/commons-parent/48/commons-parent-48.pom
2026-01-15 12:06:51,079 [Worker-14: maven-archetype-j2ee-simple を作成中] INFO  o.e.m.c.i.e.AbstractTransferListenerAdapter - Downloaded https://repo.maven.apache.org/maven2/org/apache/commons/commons-parent/48/commons-parent-48.pom
2026-01-15 12:06:51,150 [Worker-14: maven-archetype-j2ee-simple を作成中] INFO  o.e.m.c.i.e.AbstractTransferListenerAdapter - Downloading https://repo.maven.apache.org/maven2/org/codehaus/plexus/plexus-archiver/4.2.7/plexus-archiver-4.2.7.pom
2026-01-15 12:06:51,152 [Worker-14: maven-archetype-j2ee-simple を作成中] INFO  o.e.m.c.i.e.AbstractTransferListenerAdapter - Downloaded https://repo.maven.apache.org/maven2/org/codehaus/plexus/plexus-archiver/4.2.7/plexus-archiver-4.2.7.pom
2026-01-15 12:06:51,219 [Worker-14: maven-archetype-j2ee-simple を作成中] INFO  o.e.m.c.i.e.AbstractTransferListenerAdapter - Downloading https://repo.maven.apache.org/maven2/org/codehaus/plexus/plexus/8/plexus-8.pom
2026-01-15 12:06:51,222 [Worker-14: maven-archetype-j2ee-simple を作成中] INFO  o.e.m.c.i.e.AbstractTransferListenerAdapter - Downloaded https://repo.maven.apache.org/maven2/org/codehaus/plexus/plexus/8/plexus-8.pom
2026-01-15 12:06:51,305 [Worker-14: maven-archetype-j2ee-simple を作成中] INFO  o.e.m.c.i.e.AbstractTransferListenerAdapter - Downloading https://repo.maven.apache.org/maven2/org/codehaus/plexus/plexus-io/3.2.0/plexus-io-3.2.0.pom
2026-01-15 12:06:51,308 [Worker-14: maven-archetype-j2ee-simple を作成中] INFO  o.e.m.c.i.e.AbstractTransferListenerAdapter - Downloaded https://repo.maven.apache.org/maven2/org/codehaus/plexus/plexus-io/3.2.0/plexus-io-3.2.0.pom
2026-01-15 12:06:51,377 [Worker-14: maven-archetype-j2ee-simple を作成中] INFO  o.e.m.c.i.e.AbstractTransferListenerAdapter - Downloading https://repo.maven.apache.org/maven2/org/apache/maven/shared/maven-filtering/3.2.0/maven-filtering-3.2.0.pom
2026-01-15 12:06:51,380 [Worker-14: maven-archetype-j2ee-simple を作成中] INFO  o.e.m.c.i.e.AbstractTransferListenerAdapter - Downloaded https://repo.maven.apache.org/maven2/org/apache/maven/shared/maven-filtering/3.2.0/maven-filtering-3.2.0.pom
2026-01-15 12:06:51,443 [Worker-14: maven-archetype-j2ee-simple を作成中] INFO  o.e.m.c.i.e.AbstractTransferListenerAdapter - Downloading https://repo.maven.apache.org/maven2/org/apache/maven/maven-core/3.1.0/maven-core-3.1.0.pom
2026-01-15 12:06:51,447 [Worker-14: maven-archetype-j2ee-simple を作成中] INFO  o.e.m.c.i.e.AbstractTransferListenerAdapter - Downloaded https://repo.maven.apache.org/maven2/org/apache/maven/maven-core/3.1.0/maven-core-3.1.0.pom
2026-01-15 12:06:51,514 [Worker-14: maven-archetype-j2ee-simple を作成中] INFO  o.e.m.c.i.e.AbstractTransferListenerAdapter - Downloading https://repo.maven.apache.org/maven2/org/apache/maven/maven/3.1.0/maven-3.1.0.pom
2026-01-15 12:06:51,517 [Worker-14: maven-archetype-j2ee-simple を作成中] INFO  o.e.m.c.i.e.AbstractTransferListenerAdapter - Downloaded https://repo.maven.apache.org/maven2/org/apache/maven/maven/3.1.0/maven-3.1.0.pom
2026-01-15 12:06:51,584 [Worker-14: maven-archetype-j2ee-simple を作成中] INFO  o.e.m.c.i.e.AbstractTransferListenerAdapter - Downloading https://repo.maven.apache.org/maven2/org/apache/maven/maven-model/3.1.0/maven-model-3.1.0.pom
2026-01-15 12:06:51,586 [Worker-14: maven-archetype-j2ee-simple を作成中] INFO  o.e.m.c.i.e.AbstractTransferListenerAdapter - Downloaded https://repo.maven.apache.org/maven2/org/apache/maven/maven-model/3.1.0/maven-model-3.1.0.pom
2026-01-15 12:06:51,653 [Worker-14: maven-archetype-j2ee-simple を作成中] INFO  o.e.m.c.i.e.AbstractTransferListenerAdapter - Downloading https://repo.maven.apache.org/maven2/org/apache/maven/maven-settings/3.1.0/maven-settings-3.1.0.pom
2026-01-15 12:06:51,656 [Worker-14: maven-archetype-j2ee-simple を作成中] INFO  o.e.m.c.i.e.AbstractTransferListenerAdapter - Downloaded https://repo.maven.apache.org/maven2/org/apache/maven/maven-settings/3.1.0/maven-settings-3.1.0.pom
2026-01-15 12:06:51,739 [Worker-14: maven-archetype-j2ee-simple を作成中] INFO  o.e.m.c.i.e.AbstractTransferListenerAdapter - Downloading https://repo.maven.apache.org/maven2/org/apache/maven/maven-settings-builder/3.1.0/maven-settings-builder-3.1.0.pom
2026-01-15 12:06:51,741 [Worker-14: maven-archetype-j2ee-simple を作成中] INFO  o.e.m.c.i.e.AbstractTransferListenerAdapter - Downloaded https://repo.maven.apache.org/maven2/org/apache/maven/maven-settings-builder/3.1.0/maven-settings-builder-3.1.0.pom
2026-01-15 12:06:51,801 [Worker-14: maven-archetype-j2ee-simple を作成中] INFO  o.e.m.c.i.e.AbstractTransferListenerAdapter - Downloading https://repo.maven.apache.org/maven2/org/codehaus/plexus/plexus-interpolation/1.16/plexus-interpolation-1.16.pom
2026-01-15 12:06:51,803 [Worker-14: maven-archetype-j2ee-simple を作成中] INFO  o.e.m.c.i.e.AbstractTransferListenerAdapter - Downloaded https://repo.maven.apache.org/maven2/org/codehaus/plexus/plexus-interpolation/1.16/plexus-interpolation-1.16.pom
2026-01-15 12:06:51,869 [Worker-14: maven-archetype-j2ee-simple を作成中] INFO  o.e.m.c.i.e.AbstractTransferListenerAdapter - Downloading https://repo.maven.apache.org/maven2/org/codehaus/plexus/plexus-components/1.3/plexus-components-1.3.pom
2026-01-15 12:06:51,871 [Worker-14: maven-archetype-j2ee-simple を作成中] INFO  o.e.m.c.i.e.AbstractTransferListenerAdapter - Downloaded https://repo.maven.apache.org/maven2/org/codehaus/plexus/plexus-components/1.3/plexus-components-1.3.pom
2026-01-15 12:06:51,956 [Worker-14: maven-archetype-j2ee-simple を作成中] INFO  o.e.m.c.i.e.AbstractTransferListenerAdapter - Downloading https://repo.maven.apache.org/maven2/org/codehaus/plexus/plexus/3.3/plexus-3.3.pom
2026-01-15 12:06:51,959 [Worker-14: maven-archetype-j2ee-simple を作成中] INFO  o.e.m.c.i.e.AbstractTransferListenerAdapter - Downloaded https://repo.maven.apache.org/maven2/org/codehaus/plexus/plexus/3.3/plexus-3.3.pom
2026-01-15 12:06:52,024 [Worker-14: maven-archetype-j2ee-simple を作成中] INFO  o.e.m.c.i.e.AbstractTransferListenerAdapter - Downloading https://repo.maven.apache.org/maven2/org/apache/maven/maven-repository-metadata/3.1.0/maven-repository-metadata-3.1.0.pom
2026-01-15 12:06:52,027 [Worker-14: maven-archetype-j2ee-simple を作成中] INFO  o.e.m.c.i.e.AbstractTransferListenerAdapter - Downloaded https://repo.maven.apache.org/maven2/org/apache/maven/maven-repository-metadata/3.1.0/maven-repository-metadata-3.1.0.pom
2026-01-15 12:06:52,094 [Worker-14: maven-archetype-j2ee-simple を作成中] INFO  o.e.m.c.i.e.AbstractTransferListenerAdapter - Downloading https://repo.maven.apache.org/maven2/org/apache/maven/maven-artifact/3.1.0/maven-artifact-3.1.0.pom
2026-01-15 12:06:52,096 [Worker-14: maven-archetype-j2ee-simple を作成中] INFO  o.e.m.c.i.e.AbstractTransferListenerAdapter - Downloaded https://repo.maven.apache.org/maven2/org/apache/maven/maven-artifact/3.1.0/maven-artifact-3.1.0.pom
2026-01-15 12:06:52,166 [Worker-14: maven-archetype-j2ee-simple を作成中] INFO  o.e.m.c.i.e.AbstractTransferListenerAdapter - Downloading https://repo.maven.apache.org/maven2/org/apache/maven/maven-plugin-api/3.1.0/maven-plugin-api-3.1.0.pom
2026-01-15 12:06:52,169 [Worker-14: maven-archetype-j2ee-simple を作成中] INFO  o.e.m.c.i.e.AbstractTransferListenerAdapter - Downloaded https://repo.maven.apache.org/maven2/org/apache/maven/maven-plugin-api/3.1.0/maven-plugin-api-3.1.0.pom
2026-01-15 12:06:52,240 [Worker-14: maven-archetype-j2ee-simple を作成中] INFO  o.e.m.c.i.e.AbstractTransferListenerAdapter - Downloading https://repo.maven.apache.org/maven2/org/apache/maven/maven-model-builder/3.1.0/maven-model-builder-3.1.0.pom
2026-01-15 12:06:52,243 [Worker-14: maven-archetype-j2ee-simple を作成中] INFO  o.e.m.c.i.e.AbstractTransferListenerAdapter - Downloaded https://repo.maven.apache.org/maven2/org/apache/maven/maven-model-builder/3.1.0/maven-model-builder-3.1.0.pom
2026-01-15 12:06:52,312 [Worker-14: maven-archetype-j2ee-simple を作成中] INFO  o.e.m.c.i.e.AbstractTransferListenerAdapter - Downloading https://repo.maven.apache.org/maven2/org/apache/maven/maven-aether-provider/3.1.0/maven-aether-provider-3.1.0.pom
2026-01-15 12:06:52,315 [Worker-14: maven-archetype-j2ee-simple を作成中] INFO  o.e.m.c.i.e.AbstractTransferListenerAdapter - Downloaded https://repo.maven.apache.org/maven2/org/apache/maven/maven-aether-provider/3.1.0/maven-aether-provider-3.1.0.pom
2026-01-15 12:06:52,382 [Worker-14: maven-archetype-j2ee-simple を作成中] INFO  o.e.m.c.i.e.AbstractTransferListenerAdapter - Downloading https://repo.maven.apache.org/maven2/org/codehaus/plexus/plexus-classworlds/2.4.2/plexus-classworlds-2.4.2.pom
2026-01-15 12:06:52,386 [Worker-14: maven-archetype-j2ee-simple を作成中] INFO  o.e.m.c.i.e.AbstractTransferListenerAdapter - Downloaded https://repo.maven.apache.org/maven2/org/codehaus/plexus/plexus-classworlds/2.4.2/plexus-classworlds-2.4.2.pom
2026-01-15 12:06:52,455 [Worker-14: maven-archetype-j2ee-simple を作成中] INFO  o.e.m.c.i.e.AbstractTransferListenerAdapter - Downloading https://repo.maven.apache.org/maven2/org/codehaus/plexus/plexus/3.0.1/plexus-3.0.1.pom
2026-01-15 12:06:52,458 [Worker-14: maven-archetype-j2ee-simple を作成中] INFO  o.e.m.c.i.e.AbstractTransferListenerAdapter - Downloaded https://repo.maven.apache.org/maven2/org/codehaus/plexus/plexus/3.0.1/plexus-3.0.1.pom
2026-01-15 12:06:52,564 [Worker-14: maven-archetype-j2ee-simple を作成中] INFO  o.e.m.c.i.e.AbstractTransferListenerAdapter - Downloading https://repo.maven.apache.org/maven2/org/codehaus/plexus/plexus-utils/3.3.1/plexus-utils-3.3.1.pom
2026-01-15 12:06:52,567 [Worker-14: maven-archetype-j2ee-simple を作成中] INFO  o.e.m.c.i.e.AbstractTransferListenerAdapter - Downloaded https://repo.maven.apache.org/maven2/org/codehaus/plexus/plexus-utils/3.3.1/plexus-utils-3.3.1.pom
2026-01-15 12:06:52,670 [Worker-14: maven-archetype-j2ee-simple を作成中] INFO  o.e.m.c.i.e.AbstractTransferListenerAdapter - Downloading https://repo.maven.apache.org/maven2/org/apache/maven/maven-archiver/3.5.2/maven-archiver-3.5.2.jar
2026-01-15 12:06:52,675 [Worker-14: maven-archetype-j2ee-simple を作成中] INFO  o.e.m.c.i.e.AbstractTransferListenerAdapter - Downloaded https://repo.maven.apache.org/maven2/org/apache/maven/maven-archiver/3.5.2/maven-archiver-3.5.2.jar
2026-01-15 12:06:52,786 [BasicRepositoryConnector-repo.maven.apache.org-3-1] INFO  o.e.m.c.i.e.AbstractTransferListenerAdapter - Downloading https://repo.maven.apache.org/maven2/org/apache/maven/maven-model/3.1.1/maven-model-3.1.1.jar
2026-01-15 12:06:52,813 [BasicRepositoryConnector-repo.maven.apache.org-3-0] INFO  o.e.m.c.i.e.AbstractTransferListenerAdapter - Downloading https://repo.maven.apache.org/maven2/org/apache/maven/maven-artifact/3.1.1/maven-artifact-3.1.1.jar
2026-01-15 12:06:52,851 [BasicRepositoryConnector-repo.maven.apache.org-3-3] INFO  o.e.m.c.i.e.AbstractTransferListenerAdapter - Downloading https://repo.maven.apache.org/maven2/org/apache/maven/maven-settings-builder/3.1.1/maven-settings-builder-3.1.1.jar
2026-01-15 12:06:52,859 [BasicRepositoryConnector-repo.maven.apache.org-3-2] INFO  o.e.m.c.i.e.AbstractTransferListenerAdapter - Downloading https://repo.maven.apache.org/maven2/org/apache/maven/maven-core/3.1.1/maven-core-3.1.1.jar
2026-01-15 12:06:52,865 [BasicRepositoryConnector-repo.maven.apache.org-3-3] INFO  o.e.m.c.i.e.AbstractTransferListenerAdapter - Downloaded https://repo.maven.apache.org/maven2/org/apache/maven/maven-settings-builder/3.1.1/maven-settings-builder-3.1.1.jar
2026-01-15 12:06:52,878 [BasicRepositoryConnector-repo.maven.apache.org-3-4] INFO  o.e.m.c.i.e.AbstractTransferListenerAdapter - Downloading https://repo.maven.apache.org/maven2/org/apache/maven/maven-repository-metadata/3.1.1/maven-repository-metadata-3.1.1.jar
2026-01-15 12:06:52,923 [BasicRepositoryConnector-repo.maven.apache.org-3-0] INFO  o.e.m.c.i.e.AbstractTransferListenerAdapter - Downloaded https://repo.maven.apache.org/maven2/org/apache/maven/maven-artifact/3.1.1/maven-artifact-3.1.1.jar
2026-01-15 12:06:52,943 [BasicRepositoryConnector-repo.maven.apache.org-3-4] INFO  o.e.m.c.i.e.AbstractTransferListenerAdapter - Downloaded https://repo.maven.apache.org/maven2/org/apache/maven/maven-repository-metadata/3.1.1/maven-repository-metadata-3.1.1.jar
2026-01-15 12:06:52,951 [BasicRepositoryConnector-repo.maven.apache.org-3-1] INFO  o.e.m.c.i.e.AbstractTransferListenerAdapter - Downloaded https://repo.maven.apache.org/maven2/org/apache/maven/maven-model/3.1.1/maven-model-3.1.1.jar
2026-01-15 12:06:52,978 [BasicRepositoryConnector-repo.maven.apache.org-3-3] INFO  o.e.m.c.i.e.AbstractTransferListenerAdapter - Downloading https://repo.maven.apache.org/maven2/org/apache/maven/maven-plugin-api/3.1.1/maven-plugin-api-3.1.1.jar
2026-01-15 12:06:53,008 [BasicRepositoryConnector-repo.maven.apache.org-3-3] INFO  o.e.m.c.i.e.AbstractTransferListenerAdapter - Downloaded https://repo.maven.apache.org/maven2/org/apache/maven/maven-plugin-api/3.1.1/maven-plugin-api-3.1.1.jar
2026-01-15 12:06:53,055 [BasicRepositoryConnector-repo.maven.apache.org-3-2] INFO  o.e.m.c.i.e.AbstractTransferListenerAdapter - Downloaded https://repo.maven.apache.org/maven2/org/apache/maven/maven-core/3.1.1/maven-core-3.1.1.jar
2026-01-15 12:06:53,055 [BasicRepositoryConnector-repo.maven.apache.org-3-0] INFO  o.e.m.c.i.e.AbstractTransferListenerAdapter - Downloading https://repo.maven.apache.org/maven2/org/apache/maven/maven-model-builder/3.1.1/maven-model-builder-3.1.1.jar
2026-01-15 12:06:53,060 [BasicRepositoryConnector-repo.maven.apache.org-3-1] INFO  o.e.m.c.i.e.AbstractTransferListenerAdapter - Downloading https://repo.maven.apache.org/maven2/org/eclipse/aether/aether-spi/0.9.0.M2/aether-spi-0.9.0.M2.jar
2026-01-15 12:06:53,062 [BasicRepositoryConnector-repo.maven.apache.org-3-1] INFO  o.e.m.c.i.e.AbstractTransferListenerAdapter - Downloaded https://repo.maven.apache.org/maven2/org/eclipse/aether/aether-spi/0.9.0.M2/aether-spi-0.9.0.M2.jar
2026-01-15 12:06:53,063 [BasicRepositoryConnector-repo.maven.apache.org-3-4] INFO  o.e.m.c.i.e.AbstractTransferListenerAdapter - Downloading https://repo.maven.apache.org/maven2/org/apache/maven/maven-aether-provider/3.1.1/maven-aether-provider-3.1.1.jar
2026-01-15 12:06:53,105 [BasicRepositoryConnector-repo.maven.apache.org-3-0] INFO  o.e.m.c.i.e.AbstractTransferListenerAdapter - Downloaded https://repo.maven.apache.org/maven2/org/apache/maven/maven-model-builder/3.1.1/maven-model-builder-3.1.1.jar
2026-01-15 12:06:53,106 [BasicRepositoryConnector-repo.maven.apache.org-3-4] INFO  o.e.m.c.i.e.AbstractTransferListenerAdapter - Downloaded https://repo.maven.apache.org/maven2/org/apache/maven/maven-aether-provider/3.1.1/maven-aether-provider-3.1.1.jar
2026-01-15 12:06:53,113 [BasicRepositoryConnector-repo.maven.apache.org-3-3] INFO  o.e.m.c.i.e.AbstractTransferListenerAdapter - Downloading https://repo.maven.apache.org/maven2/org/eclipse/aether/aether-impl/0.9.0.M2/aether-impl-0.9.0.M2.jar
2026-01-15 12:06:53,148 [BasicRepositoryConnector-repo.maven.apache.org-3-3] INFO  o.e.m.c.i.e.AbstractTransferListenerAdapter - Downloaded https://repo.maven.apache.org/maven2/org/eclipse/aether/aether-impl/0.9.0.M2/aether-impl-0.9.0.M2.jar
2026-01-15 12:06:53,150 [BasicRepositoryConnector-repo.maven.apache.org-3-1] INFO  o.e.m.c.i.e.AbstractTransferListenerAdapter - Downloading https://repo.maven.apache.org/maven2/org/eclipse/aether/aether-util/0.9.0.M2/aether-util-0.9.0.M2.jar
2026-01-15 12:06:53,183 [BasicRepositoryConnector-repo.maven.apache.org-3-2] INFO  o.e.m.c.i.e.AbstractTransferListenerAdapter - Downloading https://repo.maven.apache.org/maven2/org/eclipse/aether/aether-api/0.9.0.M2/aether-api-0.9.0.M2.jar
2026-01-15 12:06:53,200 [BasicRepositoryConnector-repo.maven.apache.org-3-1] INFO  o.e.m.c.i.e.AbstractTransferListenerAdapter - Downloaded https://repo.maven.apache.org/maven2/org/eclipse/aether/aether-util/0.9.0.M2/aether-util-0.9.0.M2.jar
2026-01-15 12:06:53,217 [BasicRepositoryConnector-repo.maven.apache.org-3-4] INFO  o.e.m.c.i.e.AbstractTransferListenerAdapter - Downloading https://repo.maven.apache.org/maven2/org/apache/commons/commons-compress/1.20/commons-compress-1.20.jar
2026-01-15 12:06:53,220 [BasicRepositoryConnector-repo.maven.apache.org-3-2] INFO  o.e.m.c.i.e.AbstractTransferListenerAdapter - Downloaded https://repo.maven.apache.org/maven2/org/eclipse/aether/aether-api/0.9.0.M2/aether-api-0.9.0.M2.jar
2026-01-15 12:06:53,227 [BasicRepositoryConnector-repo.maven.apache.org-3-0] INFO  o.e.m.c.i.e.AbstractTransferListenerAdapter - Downloading https://repo.maven.apache.org/maven2/org/codehaus/plexus/plexus-classworlds/2.5.1/plexus-classworlds-2.5.1.jar
2026-01-15 12:06:53,263 [BasicRepositoryConnector-repo.maven.apache.org-3-0] INFO  o.e.m.c.i.e.AbstractTransferListenerAdapter - Downloaded https://repo.maven.apache.org/maven2/org/codehaus/plexus/plexus-classworlds/2.5.1/plexus-classworlds-2.5.1.jar
2026-01-15 12:06:53,278 [BasicRepositoryConnector-repo.maven.apache.org-3-3] INFO  o.e.m.c.i.e.AbstractTransferListenerAdapter - Downloading https://repo.maven.apache.org/maven2/org/apache/maven/shared/maven-filtering/3.2.0/maven-filtering-3.2.0.jar
2026-01-15 12:06:53,300 [BasicRepositoryConnector-repo.maven.apache.org-3-3] INFO  o.e.m.c.i.e.AbstractTransferListenerAdapter - Downloaded https://repo.maven.apache.org/maven2/org/apache/maven/shared/maven-filtering/3.2.0/maven-filtering-3.2.0.jar
2026-01-15 12:06:53,315 [BasicRepositoryConnector-repo.maven.apache.org-3-1] INFO  o.e.m.c.i.e.AbstractTransferListenerAdapter - Downloading https://repo.maven.apache.org/maven2/org/apache/maven/maven-settings/3.1.0/maven-settings-3.1.0.jar
2026-01-15 12:06:53,322 [BasicRepositoryConnector-repo.maven.apache.org-3-1] INFO  o.e.m.c.i.e.AbstractTransferListenerAdapter - Downloaded https://repo.maven.apache.org/maven2/org/apache/maven/maven-settings/3.1.0/maven-settings-3.1.0.jar
2026-01-15 12:06:53,370 [BasicRepositoryConnector-repo.maven.apache.org-3-2] INFO  o.e.m.c.i.e.AbstractTransferListenerAdapter - Downloading https://repo.maven.apache.org/maven2/org/eclipse/sisu/org.eclipse.sisu.plexus/0.3.5/org.eclipse.sisu.plexus-0.3.5.jar
2026-01-15 12:06:53,407 [BasicRepositoryConnector-repo.maven.apache.org-3-2] INFO  o.e.m.c.i.e.AbstractTransferListenerAdapter - Downloaded https://repo.maven.apache.org/maven2/org/eclipse/sisu/org.eclipse.sisu.plexus/0.3.5/org.eclipse.sisu.plexus-0.3.5.jar
2026-01-15 12:06:53,429 [BasicRepositoryConnector-repo.maven.apache.org-3-0] INFO  o.e.m.c.i.e.AbstractTransferListenerAdapter - Downloading https://repo.maven.apache.org/maven2/javax/annotation/javax.annotation-api/1.2/javax.annotation-api-1.2.jar
2026-01-15 12:06:53,435 [BasicRepositoryConnector-repo.maven.apache.org-3-0] INFO  o.e.m.c.i.e.AbstractTransferListenerAdapter - Downloaded https://repo.maven.apache.org/maven2/javax/annotation/javax.annotation-api/1.2/javax.annotation-api-1.2.jar
2026-01-15 12:06:53,446 [BasicRepositoryConnector-repo.maven.apache.org-3-1] INFO  o.e.m.c.i.e.AbstractTransferListenerAdapter - Downloading https://repo.maven.apache.org/maven2/org/eclipse/sisu/org.eclipse.sisu.inject/0.3.5/org.eclipse.sisu.inject-0.3.5.jar
2026-01-15 12:06:53,498 [BasicRepositoryConnector-repo.maven.apache.org-3-3] INFO  o.e.m.c.i.e.AbstractTransferListenerAdapter - Downloading https://repo.maven.apache.org/maven2/javax/enterprise/cdi-api/1.2/cdi-api-1.2.jar
2026-01-15 12:06:53,521 [BasicRepositoryConnector-repo.maven.apache.org-3-3] INFO  o.e.m.c.i.e.AbstractTransferListenerAdapter - Downloaded https://repo.maven.apache.org/maven2/javax/enterprise/cdi-api/1.2/cdi-api-1.2.jar
2026-01-15 12:06:53,572 [BasicRepositoryConnector-repo.maven.apache.org-3-0] INFO  o.e.m.c.i.e.AbstractTransferListenerAdapter - Downloading https://repo.maven.apache.org/maven2/org/codehaus/plexus/plexus-utils/3.3.1/plexus-utils-3.3.1.jar
2026-01-15 12:06:53,573 [BasicRepositoryConnector-repo.maven.apache.org-3-4] INFO  o.e.m.c.i.e.AbstractTransferListenerAdapter - Downloaded https://repo.maven.apache.org/maven2/org/apache/commons/commons-compress/1.20/commons-compress-1.20.jar
2026-01-15 12:06:53,587 [BasicRepositoryConnector-repo.maven.apache.org-3-2] INFO  o.e.m.c.i.e.AbstractTransferListenerAdapter - Downloading https://repo.maven.apache.org/maven2/org/codehaus/plexus/plexus-component-annotations/2.1.1/plexus-component-annotations-2.1.1.jar
2026-01-15 12:06:53,589 [BasicRepositoryConnector-repo.maven.apache.org-3-2] INFO  o.e.m.c.i.e.AbstractTransferListenerAdapter - Downloaded https://repo.maven.apache.org/maven2/org/codehaus/plexus/plexus-component-annotations/2.1.1/plexus-component-annotations-2.1.1.jar
2026-01-15 12:06:53,612 [BasicRepositoryConnector-repo.maven.apache.org-3-1] INFO  o.e.m.c.i.e.AbstractTransferListenerAdapter - Downloaded https://repo.maven.apache.org/maven2/org/eclipse/sisu/org.eclipse.sisu.inject/0.3.5/org.eclipse.sisu.inject-0.3.5.jar
2026-01-15 12:06:53,636 [BasicRepositoryConnector-repo.maven.apache.org-3-3] INFO  o.e.m.c.i.e.AbstractTransferListenerAdapter - Downloading https://repo.maven.apache.org/maven2/org/codehaus/plexus/plexus-archiver/4.2.7/plexus-archiver-4.2.7.jar
2026-01-15 12:06:53,695 [BasicRepositoryConnector-repo.maven.apache.org-3-3] INFO  o.e.m.c.i.e.AbstractTransferListenerAdapter - Downloaded https://repo.maven.apache.org/maven2/org/codehaus/plexus/plexus-archiver/4.2.7/plexus-archiver-4.2.7.jar
2026-01-15 12:06:53,703 [BasicRepositoryConnector-repo.maven.apache.org-3-4] INFO  o.e.m.c.i.e.AbstractTransferListenerAdapter - Downloading https://repo.maven.apache.org/maven2/org/codehaus/plexus/plexus-io/3.2.0/plexus-io-3.2.0.jar
2026-01-15 12:06:53,730 [BasicRepositoryConnector-repo.maven.apache.org-3-4] INFO  o.e.m.c.i.e.AbstractTransferListenerAdapter - Downloaded https://repo.maven.apache.org/maven2/org/codehaus/plexus/plexus-io/3.2.0/plexus-io-3.2.0.jar
2026-01-15 12:06:53,782 [BasicRepositoryConnector-repo.maven.apache.org-3-0] INFO  o.e.m.c.i.e.AbstractTransferListenerAdapter - Downloaded https://repo.maven.apache.org/maven2/org/codehaus/plexus/plexus-utils/3.3.1/plexus-utils-3.3.1.jar
2026-01-15 12:06:54,121 [Worker-14: maven-archetype-j2ee-simple を作成中] INFO  o.e.m.c.i.e.AbstractTransferListenerAdapter - Downloading https://repo.maven.apache.org/maven2/org/apache/maven/plugins/maven-ear-plugin/3.3.0/maven-ear-plugin-3.3.0.pom
2026-01-15 12:06:54,123 [Worker-14: maven-archetype-j2ee-simple を作成中] INFO  o.e.m.c.i.e.AbstractTransferListenerAdapter - Downloaded https://repo.maven.apache.org/maven2/org/apache/maven/plugins/maven-ear-plugin/3.3.0/maven-ear-plugin-3.3.0.pom
2026-01-15 12:06:54,200 [Worker-14: maven-archetype-j2ee-simple を作成中] INFO  o.e.m.c.i.e.AbstractTransferListenerAdapter - Downloading https://repo.maven.apache.org/maven2/org/apache/maven/plugins/maven-plugins/37/maven-plugins-37.pom
2026-01-15 12:06:54,208 [Worker-14: maven-archetype-j2ee-simple を作成中] INFO  o.e.m.c.i.e.AbstractTransferListenerAdapter - Downloaded https://repo.maven.apache.org/maven2/org/apache/maven/plugins/maven-plugins/37/maven-plugins-37.pom
2026-01-15 12:06:54,286 [Worker-14: maven-archetype-j2ee-simple を作成中] INFO  o.e.m.c.i.e.AbstractTransferListenerAdapter - Downloading https://repo.maven.apache.org/maven2/org/apache/maven/maven-parent/37/maven-parent-37.pom
2026-01-15 12:06:54,293 [Worker-14: maven-archetype-j2ee-simple を作成中] INFO  o.e.m.c.i.e.AbstractTransferListenerAdapter - Downloaded https://repo.maven.apache.org/maven2/org/apache/maven/maven-parent/37/maven-parent-37.pom
2026-01-15 12:06:54,367 [Worker-14: maven-archetype-j2ee-simple を作成中] INFO  o.e.m.c.i.e.AbstractTransferListenerAdapter - Downloading https://repo.maven.apache.org/maven2/org/apache/apache/27/apache-27.pom
2026-01-15 12:06:54,370 [Worker-14: maven-archetype-j2ee-simple を作成中] INFO  o.e.m.c.i.e.AbstractTransferListenerAdapter - Downloaded https://repo.maven.apache.org/maven2/org/apache/apache/27/apache-27.pom
2026-01-15 12:06:54,442 [Worker-14: maven-archetype-j2ee-simple を作成中] INFO  o.e.m.c.i.e.AbstractTransferListenerAdapter - Downloading https://repo.maven.apache.org/maven2/org/codehaus/plexus/plexus-archiver/4.5.0/plexus-archiver-4.5.0.pom
2026-01-15 12:06:54,445 [Worker-14: maven-archetype-j2ee-simple を作成中] INFO  o.e.m.c.i.e.AbstractTransferListenerAdapter - Downloaded https://repo.maven.apache.org/maven2/org/codehaus/plexus/plexus-archiver/4.5.0/plexus-archiver-4.5.0.pom
2026-01-15 12:06:54,521 [Worker-14: maven-archetype-j2ee-simple を作成中] INFO  o.e.m.c.i.e.AbstractTransferListenerAdapter - Downloading https://repo.maven.apache.org/maven2/com/github/luben/zstd-jni/1.5.2-4/zstd-jni-1.5.2-4.pom
2026-01-15 12:06:54,523 [Worker-14: maven-archetype-j2ee-simple を作成中] INFO  o.e.m.c.i.e.AbstractTransferListenerAdapter - Downloaded https://repo.maven.apache.org/maven2/com/github/luben/zstd-jni/1.5.2-4/zstd-jni-1.5.2-4.pom
2026-01-15 12:06:54,593 [Worker-14: maven-archetype-j2ee-simple を作成中] INFO  o.e.m.c.i.e.AbstractTransferListenerAdapter - Downloading https://repo.maven.apache.org/maven2/org/codehaus/plexus/plexus-utils/3.4.2/plexus-utils-3.4.2.pom
2026-01-15 12:06:54,597 [Worker-14: maven-archetype-j2ee-simple を作成中] INFO  o.e.m.c.i.e.AbstractTransferListenerAdapter - Downloaded https://repo.maven.apache.org/maven2/org/codehaus/plexus/plexus-utils/3.4.2/plexus-utils-3.4.2.pom
2026-01-15 12:06:54,669 [Worker-14: maven-archetype-j2ee-simple を作成中] INFO  o.e.m.c.i.e.AbstractTransferListenerAdapter - Downloading https://repo.maven.apache.org/maven2/org/apache/maven/shared/maven-filtering/3.3.0/maven-filtering-3.3.0.pom
2026-01-15 12:06:54,672 [Worker-14: maven-archetype-j2ee-simple を作成中] INFO  o.e.m.c.i.e.AbstractTransferListenerAdapter - Downloaded https://repo.maven.apache.org/maven2/org/apache/maven/shared/maven-filtering/3.3.0/maven-filtering-3.3.0.pom
2026-01-15 12:06:54,781 [Worker-14: maven-archetype-j2ee-simple を作成中] INFO  o.e.m.c.i.e.AbstractTransferListenerAdapter - Downloading https://repo.maven.apache.org/maven2/org/codehaus/plexus/plexus-archiver/4.5.0/plexus-archiver-4.5.0.jar
2026-01-15 12:06:54,980 [Worker-14: maven-archetype-j2ee-simple を作成中] INFO  o.e.m.c.i.e.AbstractTransferListenerAdapter - Downloaded https://repo.maven.apache.org/maven2/org/codehaus/plexus/plexus-archiver/4.5.0/plexus-archiver-4.5.0.jar
2026-01-15 12:06:55,072 [BasicRepositoryConnector-repo.maven.apache.org-4-3] INFO  o.e.m.c.i.e.AbstractTransferListenerAdapter - Downloading https://repo.maven.apache.org/maven2/org/apache/maven/shared/maven-filtering/3.3.0/maven-filtering-3.3.0.jar
2026-01-15 12:06:55,082 [BasicRepositoryConnector-repo.maven.apache.org-4-3] INFO  o.e.m.c.i.e.AbstractTransferListenerAdapter - Downloaded https://repo.maven.apache.org/maven2/org/apache/maven/shared/maven-filtering/3.3.0/maven-filtering-3.3.0.jar
2026-01-15 12:06:55,092 [BasicRepositoryConnector-repo.maven.apache.org-4-1] INFO  o.e.m.c.i.e.AbstractTransferListenerAdapter - Downloading https://repo.maven.apache.org/maven2/com/github/luben/zstd-jni/1.5.2-4/zstd-jni-1.5.2-4.jar
2026-01-15 12:06:55,098 [BasicRepositoryConnector-repo.maven.apache.org-4-2] INFO  o.e.m.c.i.e.AbstractTransferListenerAdapter - Downloading https://repo.maven.apache.org/maven2/org/codehaus/plexus/plexus-utils/3.4.2/plexus-utils-3.4.2.jar
2026-01-15 12:06:55,098 [BasicRepositoryConnector-repo.maven.apache.org-4-0] INFO  o.e.m.c.i.e.AbstractTransferListenerAdapter - Downloading https://repo.maven.apache.org/maven2/org/apache/commons/commons-compress/1.21/commons-compress-1.21.jar
2026-01-15 12:06:55,642 [BasicRepositoryConnector-repo.maven.apache.org-4-0] INFO  o.e.m.c.i.e.AbstractTransferListenerAdapter - Downloaded https://repo.maven.apache.org/maven2/org/apache/commons/commons-compress/1.21/commons-compress-1.21.jar
2026-01-15 12:06:55,689 [BasicRepositoryConnector-repo.maven.apache.org-4-2] INFO  o.e.m.c.i.e.AbstractTransferListenerAdapter - Downloaded https://repo.maven.apache.org/maven2/org/codehaus/plexus/plexus-utils/3.4.2/plexus-utils-3.4.2.jar
2026-01-15 12:06:57,810 [BasicRepositoryConnector-repo.maven.apache.org-4-1] INFO  o.e.m.c.i.e.AbstractTransferListenerAdapter - Downloaded https://repo.maven.apache.org/maven2/com/github/luben/zstd-jni/1.5.2-4/zstd-jni-1.5.2-4.jar
2026-01-15 12:06:57,974 [Worker-14: maven-archetype-j2ee-simple を作成中] INFO  o.e.m.j.i.AbstractJavaProjectConfigurator - Adding source folder /logging/src/main/java
2026-01-15 12:06:57,975 [Worker-14: maven-archetype-j2ee-simple を作成中] INFO  o.e.m.j.i.AbstractJavaProjectConfigurator - Adding resource folder /logging/src/main/resources
2026-01-15 12:06:57,975 [Worker-14: maven-archetype-j2ee-simple を作成中] INFO  o.e.m.j.i.AbstractJavaProjectConfigurator - Adding source folder /logging/src/test/java
2026-01-15 12:06:57,975 [Worker-14: maven-archetype-j2ee-simple を作成中] INFO  o.e.m.j.i.AbstractJavaProjectConfigurator - Adding resource folder /logging/src/test/resources
2026-01-15 12:06:58,015 [Worker-14: maven-archetype-j2ee-simple を作成中] INFO  o.e.m.j.i.AbstractJavaProjectConfigurator - Adding source folder /primary-source/src/main/java
2026-01-15 12:06:58,016 [Worker-14: maven-archetype-j2ee-simple を作成中] INFO  o.e.m.j.i.AbstractJavaProjectConfigurator - Adding resource folder /primary-source/src/main/resources
2026-01-15 12:06:58,016 [Worker-14: maven-archetype-j2ee-simple を作成中] INFO  o.e.m.j.i.AbstractJavaProjectConfigurator - Adding source folder /primary-source/src/test/java
2026-01-15 12:06:58,016 [Worker-14: maven-archetype-j2ee-simple を作成中] INFO  o.e.m.j.i.AbstractJavaProjectConfigurator - Adding resource folder /primary-source/src/test/resources
2026-01-15 12:06:58,050 [Worker-14: maven-archetype-j2ee-simple を作成中] INFO  o.e.m.j.i.AbstractJavaProjectConfigurator - Adding source folder /ejbs/src/main/java
2026-01-15 12:06:58,050 [Worker-14: maven-archetype-j2ee-simple を作成中] INFO  o.e.m.j.i.AbstractJavaProjectConfigurator - Adding resource folder /ejbs/src/main/resources
2026-01-15 12:06:58,050 [Worker-14: maven-archetype-j2ee-simple を作成中] INFO  o.e.m.j.i.AbstractJavaProjectConfigurator - Adding source folder /ejbs/src/test/java
2026-01-15 12:06:58,050 [Worker-14: maven-archetype-j2ee-simple を作成中] INFO  o.e.m.j.i.AbstractJavaProjectConfigurator - Adding resource folder /ejbs/src/test/resources
2026-01-15 12:06:58,150 [Worker-14: maven-archetype-j2ee-simple を作成中] INFO  o.e.m.j.i.AbstractJavaProjectConfigurator - Adding source folder /servlet/src/main/java
2026-01-15 12:06:58,151 [Worker-14: maven-archetype-j2ee-simple を作成中] INFO  o.e.m.j.i.AbstractJavaProjectConfigurator - Adding resource folder /servlet/src/main/resources
2026-01-15 12:06:58,151 [Worker-14: maven-archetype-j2ee-simple を作成中] INFO  o.e.m.j.i.AbstractJavaProjectConfigurator - Adding source folder /servlet/src/test/java
2026-01-15 12:06:58,151 [Worker-14: maven-archetype-j2ee-simple を作成中] INFO  o.e.m.j.i.AbstractJavaProjectConfigurator - Adding resource folder /servlet/src/test/resources
2026-01-15 12:06:58,404 [Worker-14: maven-archetype-j2ee-simple を作成中] ERROR o.e.m.w.j.i.u.xpl.JSFAppConfigUtils - Could not read web.xml
org.eclipse.emf.ecore.resource.impl.ResourceSetImpl$1DiagnosticWrappedException: org.xml.sax.SAXParseExceptionpublicId: platform:/resource/servlet/src/main/webapp/WEB-INF/web.xml; systemId: platform:/resource/servlet/src/main/webapp/WEB-INF/web.xml; lineNumber: 1; columnNumber: 1; 途中でファイルの末尾に達しました。
	at org.eclipse.emf.ecore.resource.impl.ResourceSetImpl.handleDemandLoadException(ResourceSetImpl.java:319)
	at org.eclipse.emf.ecore.resource.impl.ResourceSetImpl.demandLoadHelper(ResourceSetImpl.java:278)
	at org.eclipse.jem.internal.util.emf.workbench.ProjectResourceSetImpl.getResource(ProjectResourceSetImpl.java:1083)
	at org.eclipse.jst.jee.model.internal.JEE5ModelProvider.getModelResource(JEE5ModelProvider.java:187)
	at org.eclipse.jst.jee.model.internal.Web25ModelProvider.getModelObject(Web25ModelProvider.java:44)
	at org.eclipse.jst.jee.model.internal.JEE5ModelProvider.getModelObject(JEE5ModelProvider.java:238)
	at org.eclipse.jst.jee.model.internal.common.AbstractMergedModelProvider.loadProviders(AbstractMergedModelProvider.java:268)
	at org.eclipse.jst.jee.model.internal.common.AbstractMergedModelProvider.access$2(AbstractMergedModelProvider.java:262)
	at org.eclipse.jst.jee.model.internal.common.AbstractMergedModelProvider$LoadModelsWorkspaceRunnable.run(AbstractMergedModelProvider.java:286)
	at org.eclipse.core.internal.resources.Workspace.run(Workspace.java:2457)
	at org.eclipse.core.internal.resources.Workspace.run(Workspace.java:2482)
	at org.eclipse.jst.jee.model.internal.common.AbstractMergedModelProvider.loadModel(AbstractMergedModelProvider.java:256)
	at org.eclipse.jst.jee.model.internal.common.AbstractMergedModelProvider.getMergedModel(AbstractMergedModelProvider.java:226)
	at org.eclipse.jst.jee.model.internal.common.AbstractMergedModelProvider.getModelObject(AbstractMergedModelProvider.java:143)
	at org.eclipse.m2e.wtp.jsf.internal.utils.xpl.JSFAppConfigUtils.getConfigFilesFromContextParam(JSFAppConfigUtils.java:88)
	at org.eclipse.m2e.wtp.jsf.internal.utils.JSFUtils.getFacesconfig(JSFUtils.java:70)
	at org.eclipse.m2e.wtp.jsf.internal.utils.JSFUtils.getVersionFromFacesconfig(JSFUtils.java:86)
	at org.eclipse.m2e.wtp.jsf.internal.configurators.FacesConfigJSFFacetDetector.findFacetVersion(FacesConfigJSFFacetDetector.java:38)
	at org.eclipse.m2e.wtp.facets.FacetDetectorManager.findFacetVersion(FacetDetectorManager.java:93)
	at org.eclipse.m2e.wtp.facets.FacetDetectorManager.findFacetVersion(FacetDetectorManager.java:63)
	at org.eclipse.m2e.wtp.jsf.internal.configurators.JSFProjectConfigurator.configureInternal(JSFProjectConfigurator.java:95)
	at org.eclipse.m2e.wtp.jsf.internal.configurators.JSFProjectConfigurator.configure(JSFProjectConfigurator.java:70)
	at org.eclipse.m2e.core.project.configurator.AbstractLifecycleMapping.configure(AbstractLifecycleMapping.java:127)
	at org.eclipse.m2e.core.internal.project.ProjectConfigurationManager.lambda$6(ProjectConfigurationManager.java:506)
	at org.eclipse.m2e.core.internal.embedder.MavenExecutionContext.executeBare(MavenExecutionContext.java:458)
	at org.eclipse.m2e.core.internal.embedder.MavenExecutionContext.execute(MavenExecutionContext.java:339)
	at org.eclipse.m2e.core.internal.project.ProjectConfigurationManager.updateProjectConfiguration(ProjectConfigurationManager.java:500)
	at org.eclipse.m2e.core.internal.project.ProjectConfigurationManager.configureNewMavenProjects(ProjectConfigurationManager.java:279)
	at org.eclipse.m2e.core.internal.project.ProjectConfigurationManager.lambda$1(ProjectConfigurationManager.java:166)
	at org.eclipse.m2e.core.internal.embedder.MavenExecutionContext.executeBare(MavenExecutionContext.java:458)
	at org.eclipse.m2e.core.internal.embedder.MavenExecutionContext.execute(MavenExecutionContext.java:339)
	at org.eclipse.m2e.core.internal.embedder.MavenExecutionContext.execute(MavenExecutionContext.java:278)
	at org.eclipse.m2e.core.internal.project.ProjectConfigurationManager.importProjects(ProjectConfigurationManager.java:139)
	at org.eclipse.m2e.core.ui.internal.wizards.MavenProjectWizard$3.doCreateMavenProjects(MavenProjectWizard.java:251)
	at org.eclipse.m2e.core.ui.internal.wizards.AbstractCreateMavenProjectJob$1.doCreateMavenProjects(AbstractCreateMavenProjectJob.java:51)
	at org.eclipse.m2e.core.ui.internal.wizards.AbstractCreateMavenProjectsOperation.run(AbstractCreateMavenProjectsOperation.java:56)
	at org.eclipse.m2e.core.ui.internal.wizards.AbstractCreateMavenProjectJob.runInWorkspace(AbstractCreateMavenProjectJob.java:55)
	at org.eclipse.core.internal.resources.InternalWorkspaceJob.run(InternalWorkspaceJob.java:43)
	at org.eclipse.core.internal.jobs.Worker.run(Worker.java:63)
Caused by: org.xml.sax.SAXParseException: 途中でファイルの末尾に達しました。
	at java.xml/com.sun.org.apache.xerces.internal.util.ErrorHandlerWrapper.createSAXParseException(ErrorHandlerWrapper.java:204)
	at java.xml/com.sun.org.apache.xerces.internal.util.ErrorHandlerWrapper.fatalError(ErrorHandlerWrapper.java:178)
	at java.xml/com.sun.org.apache.xerces.internal.impl.XMLErrorReporter.reportError(XMLErrorReporter.java:400)
	at java.xml/com.sun.org.apache.xerces.internal.impl.XMLErrorReporter.reportError(XMLErrorReporter.java:327)
	at java.xml/com.sun.org.apache.xerces.internal.impl.XMLScanner.reportFatalError(XMLScanner.java:1465)
	at java.xml/com.sun.org.apache.xerces.internal.impl.XMLDocumentScannerImpl$PrologDriver.next(XMLDocumentScannerImpl.java:1013)
	at java.xml/com.sun.org.apache.xerces.internal.impl.XMLDocumentScannerImpl.next(XMLDocumentScannerImpl.java:605)
	at java.xml/com.sun.org.apache.xerces.internal.impl.XMLNSDocumentScannerImpl.next(XMLNSDocumentScannerImpl.java:114)
	at java.xml/com.sun.org.apache.xerces.internal.impl.XMLDocumentFragmentScannerImpl.scanDocument(XMLDocumentFragmentScannerImpl.java:542)
	at java.xml/com.sun.org.apache.xerces.internal.parsers.XML11Configuration.parse(XML11Configuration.java:889)
	at java.xml/com.sun.org.apache.xerces.internal.parsers.XML11Configuration.parse(XML11Configuration.java:825)
	at java.xml/com.sun.org.apache.xerces.internal.parsers.XMLParser.parse(XMLParser.java:141)
	at java.xml/com.sun.org.apache.xerces.internal.parsers.AbstractSAXParser.parse(AbstractSAXParser.java:1224)
	at java.xml/com.sun.org.apache.xerces.internal.jaxp.SAXParserImpl$JAXPSAXParser.parse(SAXParserImpl.java:637)
	at java.xml/com.sun.org.apache.xerces.internal.jaxp.SAXParserImpl.parse(SAXParserImpl.java:326)
	at org.eclipse.emf.ecore.xmi.impl.XMLLoadImpl.load(XMLLoadImpl.java:175)
	at org.eclipse.emf.ecore.xmi.impl.XMLResourceImpl.doLoad(XMLResourceImpl.java:260)
	at org.eclipse.emf.ecore.resource.impl.ResourceImpl.load(ResourceImpl.java:1563)
	at org.eclipse.emf.ecore.resource.impl.ResourceImpl.load(ResourceImpl.java:1342)
	at org.eclipse.emf.ecore.resource.impl.ResourceSetImpl.demandLoad(ResourceSetImpl.java:259)
	at org.eclipse.jem.internal.util.emf.workbench.ProjectResourceSetImpl.demandLoad(ProjectResourceSetImpl.java:830)
	at org.eclipse.emf.ecore.resource.impl.ResourceSetImpl.demandLoadHelper(ResourceSetImpl.java:274)
	... 37 common frames omitted
2026-01-15 12:06:58,537 [Worker-14: maven-archetype-j2ee-simple を作成中] ERROR o.e.m.w.jsf.internal.utils.JSFUtils - An error occurred trying to find javax.faces.webapp.FacesServlet :
org.xml.sax.SAXParseException: 途中でファイルの末尾に達しました。
	at java.xml/com.sun.org.apache.xerces.internal.parsers.DOMParser.parse(DOMParser.java:262)
	at java.xml/com.sun.org.apache.xerces.internal.jaxp.DocumentBuilderImpl.parse(DocumentBuilderImpl.java:342)
	at java.xml/javax.xml.parsers.DocumentBuilder.parse(DocumentBuilder.java:122)
	at org.eclipse.m2e.wtp.jsf.internal.utils.JSFUtils.hasFacesServlet(JSFUtils.java:141)
	at org.eclipse.m2e.wtp.jsf.internal.utils.JSFUtils.hasFacesServlet(JSFUtils.java:117)
	at org.eclipse.m2e.wtp.jsf.internal.configurators.WebXmlJSFFacetDetector.hasFacesServletInWebXml(WebXmlJSFFacetDetector.java:82)
	at org.eclipse.m2e.wtp.jsf.internal.configurators.WebXmlJSFFacetDetector.findFacetVersion(WebXmlJSFFacetDetector.java:57)
	at org.eclipse.m2e.wtp.facets.FacetDetectorManager.findFacetVersion(FacetDetectorManager.java:93)
	at org.eclipse.m2e.wtp.facets.FacetDetectorManager.findFacetVersion(FacetDetectorManager.java:63)
	at org.eclipse.m2e.wtp.jsf.internal.configurators.JSFProjectConfigurator.configureInternal(JSFProjectConfigurator.java:95)
	at org.eclipse.m2e.wtp.jsf.internal.configurators.JSFProjectConfigurator.configure(JSFProjectConfigurator.java:70)
	at org.eclipse.m2e.core.project.configurator.AbstractLifecycleMapping.configure(AbstractLifecycleMapping.java:127)
	at org.eclipse.m2e.core.internal.project.ProjectConfigurationManager.lambda$6(ProjectConfigurationManager.java:506)
	at org.eclipse.m2e.core.internal.embedder.MavenExecutionContext.executeBare(MavenExecutionContext.java:458)
	at org.eclipse.m2e.core.internal.embedder.MavenExecutionContext.execute(MavenExecutionContext.java:339)
	at org.eclipse.m2e.core.internal.project.ProjectConfigurationManager.updateProjectConfiguration(ProjectConfigurationManager.java:500)
	at org.eclipse.m2e.core.internal.project.ProjectConfigurationManager.configureNewMavenProjects(ProjectConfigurationManager.java:279)
	at org.eclipse.m2e.core.internal.project.ProjectConfigurationManager.lambda$1(ProjectConfigurationManager.java:166)
	at org.eclipse.m2e.core.internal.embedder.MavenExecutionContext.executeBare(MavenExecutionContext.java:458)
	at org.eclipse.m2e.core.internal.embedder.MavenExecutionContext.execute(MavenExecutionContext.java:339)
	at org.eclipse.m2e.core.internal.embedder.MavenExecutionContext.execute(MavenExecutionContext.java:278)
	at org.eclipse.m2e.core.internal.project.ProjectConfigurationManager.importProjects(ProjectConfigurationManager.java:139)
	at org.eclipse.m2e.core.ui.internal.wizards.MavenProjectWizard$3.doCreateMavenProjects(MavenProjectWizard.java:251)
	at org.eclipse.m2e.core.ui.internal.wizards.AbstractCreateMavenProjectJob$1.doCreateMavenProjects(AbstractCreateMavenProjectJob.java:51)
	at org.eclipse.m2e.core.ui.internal.wizards.AbstractCreateMavenProjectsOperation.run(AbstractCreateMavenProjectsOperation.java:56)
	at org.eclipse.m2e.core.ui.internal.wizards.AbstractCreateMavenProjectJob.runInWorkspace(AbstractCreateMavenProjectJob.java:55)
	at org.eclipse.core.internal.resources.InternalWorkspaceJob.run(InternalWorkspaceJob.java:43)
	at org.eclipse.core.internal.jobs.Worker.run(Worker.java:63)
2026-01-15 12:06:58,543 [Worker-14: maven-archetype-j2ee-simple を作成中] INFO  o.e.m.c.i.p.WorkspaceClassifierResolverManager - Resolving P/primary-source: root.project:primary-source:1.0 with classifier  to /primary-source/target/classes
2026-01-15 12:06:58,543 [Worker-14: maven-archetype-j2ee-simple を作成中] INFO  o.e.m.c.i.p.WorkspaceClassifierResolverManager - Resolving P/logging: root.project.projects:logging:1.0 with classifier  to /logging/target/classes
2026-01-15 12:07:01,666 [Worker-14: maven-archetype-j2ee-simple を作成中] INFO  o.e.m.c.i.p.WorkspaceClassifierResolverManager - Resolving P/ejbs: root.project:ejbs:1.0 with classifier  to /ejbs/target/classes
2026-01-15 12:07:01,666 [Worker-14: maven-archetype-j2ee-simple を作成中] INFO  o.e.m.c.i.p.WorkspaceClassifierResolverManager - Resolving P/servlet: root.project.servlets:servlet:1.0 with classifier  to /servlet/target/classes
2026-01-15 12:07:01,666 [Worker-14: maven-archetype-j2ee-simple を作成中] INFO  o.e.m.c.i.p.WorkspaceClassifierResolverManager - Resolving P/primary-source: root.project:primary-source:1.0 with classifier  to /primary-source/target/classes
2026-01-15 12:07:01,667 [Worker-14: maven-archetype-j2ee-simple を作成中] INFO  o.e.m.c.i.p.WorkspaceClassifierResolverManager - Resolving P/logging: root.project.projects:logging:1.0 with classifier  to /logging/target/classes
2026-01-15 12:07:01,783 [Worker-14: maven-archetype-j2ee-simple を作成中] INFO  o.e.m.c.i.embedder.EclipseLogger - Generating application.xml
2026-01-15 12:07:01,813 [Worker-14: maven-archetype-j2ee-simple を作成中] INFO  o.e.m.c.i.p.ProjectConfigurationManager - Imported and configured 8 project(s) in 20 sec
2026-01-15 12:07:01,916 [Worker-14: Maven プロジェクトの更新中] INFO  o.e.m.c.i.p.ProjectConfigurationManager - Update started
2026-01-15 12:07:01,943 [Worker-14: Maven プロジェクトの更新中] INFO  o.e.m.c.i.l.LifecycleMappingFactory - Using org.maven.ide.eclipse.wtp.WarLifecycleMapping lifecycle mapping for MavenProject: root.project.servlets:servlet:1.0 @ C:\pleiades\2024-12\workspace\project\servlets\servlet\pom.xml.
2026-01-15 12:07:01,945 [Worker-14: Maven プロジェクトの更新中] INFO  o.e.m.c.i.p.WorkspaceClassifierResolverManager - Resolving P/primary-source: root.project:primary-source:1.0 with classifier  to /primary-source/target/classes
2026-01-15 12:07:01,945 [Worker-14: Maven プロジェクトの更新中] INFO  o.e.m.c.i.p.WorkspaceClassifierResolverManager - Resolving P/logging: root.project.projects:logging:1.0 with classifier  to /logging/target/classes
2026-01-15 12:07:02,535 [Worker-14: Maven プロジェクトの更新中] INFO  o.e.m.c.i.e.AbstractTransferListenerAdapter - Downloaded https://repo.maven.apache.org/maven2/root/project/primary-source/1.0/primary-source-1.0.jar
2026-01-15 12:07:02,790 [BasicRepositoryConnector-repo.maven.apache.org-5-0] INFO  o.e.m.c.i.e.AbstractTransferListenerAdapter - Downloaded https://repo.maven.apache.org/maven2/root/project/projects/logging/1.0/logging-1.0.jar
2026-01-15 12:07:03,013 [Worker-14: Maven プロジェクトの更新中] INFO  o.e.m.j.i.AbstractJavaProjectConfigurator - Adding source folder /servlet/src/main/java
2026-01-15 12:07:03,014 [Worker-14: Maven プロジェクトの更新中] INFO  o.e.m.j.i.AbstractJavaProjectConfigurator - Adding resource folder /servlet/src/main/resources
2026-01-15 12:07:03,014 [Worker-14: Maven プロジェクトの更新中] INFO  o.e.m.j.i.AbstractJavaProjectConfigurator - Adding source folder /servlet/src/test/java
2026-01-15 12:07:03,014 [Worker-14: Maven プロジェクトの更新中] INFO  o.e.m.j.i.AbstractJavaProjectConfigurator - Adding resource folder /servlet/src/test/resources
2026-01-15 12:07:03,205 [Worker-14: Maven プロジェクトの更新中] ERROR o.e.m.w.jsf.internal.utils.JSFUtils - An error occurred trying to find javax.faces.webapp.FacesServlet :
org.xml.sax.SAXParseException: 途中でファイルの末尾に達しました。
	at java.xml/com.sun.org.apache.xerces.internal.parsers.DOMParser.parse(DOMParser.java:262)
	at java.xml/com.sun.org.apache.xerces.internal.jaxp.DocumentBuilderImpl.parse(DocumentBuilderImpl.java:342)
	at java.xml/javax.xml.parsers.DocumentBuilder.parse(DocumentBuilder.java:122)
	at org.eclipse.m2e.wtp.jsf.internal.utils.JSFUtils.hasFacesServlet(JSFUtils.java:141)
	at org.eclipse.m2e.wtp.jsf.internal.utils.JSFUtils.hasFacesServlet(JSFUtils.java:117)
	at org.eclipse.m2e.wtp.jsf.internal.configurators.WebXmlJSFFacetDetector.hasFacesServletInWebXml(WebXmlJSFFacetDetector.java:82)
	at org.eclipse.m2e.wtp.jsf.internal.configurators.WebXmlJSFFacetDetector.findFacetVersion(WebXmlJSFFacetDetector.java:57)
	at org.eclipse.m2e.wtp.facets.FacetDetectorManager.findFacetVersion(FacetDetectorManager.java:93)
	at org.eclipse.m2e.wtp.facets.FacetDetectorManager.findFacetVersion(FacetDetectorManager.java:63)
	at org.eclipse.m2e.wtp.jsf.internal.configurators.JSFProjectConfigurator.configureInternal(JSFProjectConfigurator.java:95)
	at org.eclipse.m2e.wtp.jsf.internal.configurators.JSFProjectConfigurator.configure(JSFProjectConfigurator.java:70)
	at org.eclipse.m2e.core.project.configurator.AbstractLifecycleMapping.configure(AbstractLifecycleMapping.java:127)
	at org.eclipse.m2e.core.internal.project.ProjectConfigurationManager.lambda$6(ProjectConfigurationManager.java:506)
	at org.eclipse.m2e.core.internal.embedder.MavenExecutionContext.executeBare(MavenExecutionContext.java:458)
	at org.eclipse.m2e.core.internal.embedder.MavenExecutionContext.execute(MavenExecutionContext.java:339)
	at org.eclipse.m2e.core.internal.project.ProjectConfigurationManager.updateProjectConfiguration(ProjectConfigurationManager.java:500)
	at org.eclipse.m2e.core.internal.project.ProjectConfigurationManager.lambda$4(ProjectConfigurationManager.java:426)
	at java.base/java.util.Collection.removeIf(Collection.java:583)
	at org.eclipse.m2e.core.internal.project.ProjectConfigurationManager.updateProjectConfiguration0(ProjectConfigurationManager.java:414)
	at org.eclipse.m2e.core.internal.project.ProjectConfigurationManager.lambda$3(ProjectConfigurationManager.java:340)
	at org.eclipse.m2e.core.internal.embedder.MavenExecutionContext.executeBare(MavenExecutionContext.java:458)
	at org.eclipse.m2e.core.internal.embedder.MavenExecutionContext.execute(MavenExecutionContext.java:339)
	at org.eclipse.m2e.core.internal.embedder.MavenExecutionContext.execute(MavenExecutionContext.java:278)
	at org.eclipse.m2e.core.internal.embedder.MavenImpl.execute(MavenImpl.java:1053)
	at org.eclipse.m2e.core.internal.project.ProjectConfigurationManager.updateProjectConfiguration(ProjectConfigurationManager.java:339)
	at org.eclipse.m2e.core.ui.internal.UpdateMavenProjectJob.runInWorkspace(UpdateMavenProjectJob.java:80)
	at org.eclipse.core.internal.resources.InternalWorkspaceJob.run(InternalWorkspaceJob.java:43)
	at org.eclipse.core.internal.jobs.Worker.run(Worker.java:63)
2026-01-15 12:07:03,304 [Worker-14: Maven プロジェクトの更新中] INFO  o.e.m.w.i.f.ResourceFilteringBuildParticipant - Cleaning filtered folder for サーブレット
2026-01-15 12:07:03,306 [Worker-14: Maven プロジェクトの更新中] INFO  o.e.m.c.i.p.ProjectConfigurationManager - Update completed for 1 poms: local refresh takes 0.00 sec, refresh facades takes 1.00 sec, update config takes 0.00 sec 
2026-01-15 12:07:03,307 [Worker-14: Maven プロジェクトの更新中] INFO  o.e.m.c.i.p.ProjectConfigurationManager - Update started
2026-01-15 12:07:03,437 [Worker-14: Maven プロジェクトの更新中] INFO  o.e.m.c.i.l.LifecycleMappingFactory - Using org.maven.ide.eclipse.wtp.EjbLifecycleMapping lifecycle mapping for MavenProject: root.project:ejbs:1.0 @ C:\pleiades\2024-12\workspace\project\ejbs\pom.xml.
2026-01-15 12:07:03,439 [Worker-14: Maven プロジェクトの更新中] INFO  o.e.m.c.i.p.WorkspaceClassifierResolverManager - Resolving P/primary-source: root.project:primary-source:1.0 with classifier  to /primary-source/target/classes
2026-01-15 12:07:03,439 [Worker-14: Maven プロジェクトの更新中] INFO  o.e.m.c.i.p.WorkspaceClassifierResolverManager - Resolving P/logging: root.project.projects:logging:1.0 with classifier  to /logging/target/classes
2026-01-15 12:07:03,452 [Worker-14: Maven プロジェクトの更新中] INFO  o.e.m.c.i.l.LifecycleMappingFactory - Using org.eclipse.m2e.jdt.JarLifecycleMapping lifecycle mapping for MavenProject: root.project.projects:logging:1.0 @ C:\pleiades\2024-12\workspace\project\projects\logging\pom.xml.
2026-01-15 12:07:03,465 [Worker-14: Maven プロジェクトの更新中] INFO  o.e.m.c.i.l.LifecycleMappingFactory - Using org.eclipse.m2e.jdt.JarLifecycleMapping lifecycle mapping for MavenProject: root.project:primary-source:1.0 @ C:\pleiades\2024-12\workspace\project\primary-source\pom.xml.
2026-01-15 12:07:03,465 [Worker-14: Maven プロジェクトの更新中] INFO  o.e.m.c.i.p.WorkspaceClassifierResolverManager - Resolving P/logging: root.project.projects:logging:1.0 with classifier  to /logging/target/classes
2026-01-15 12:07:03,466 [Worker-14: Maven プロジェクトの更新中] INFO  o.e.m.c.i.l.LifecycleMappingFactory - Using NULL lifecycle mapping for MavenProject: root:project:1.0 @ C:\pleiades\2024-12\workspace\project\pom.xml.
2026-01-15 12:07:03,467 [Worker-14: Maven プロジェクトの更新中] INFO  o.e.m.c.i.l.LifecycleMappingFactory - Using NULL lifecycle mapping for MavenProject: root.project:projects:1.0 @ C:\pleiades\2024-12\workspace\project\projects\pom.xml.
2026-01-15 12:07:03,468 [Worker-14: Maven プロジェクトの更新中] INFO  o.e.m.c.i.l.LifecycleMappingFactory - Using NULL lifecycle mapping for MavenProject: root.project:servlets:1.0 @ C:\pleiades\2024-12\workspace\project\servlets\pom.xml.
2026-01-15 12:07:03,476 [Worker-14: Maven プロジェクトの更新中] INFO  o.e.m.c.i.l.LifecycleMappingFactory - Using org.maven.ide.eclipse.wtp.EarLifecycleMapping lifecycle mapping for MavenProject: root.project:ear:1.0 @ C:\pleiades\2024-12\workspace\project\ear\pom.xml.
2026-01-15 12:07:03,478 [Worker-14: Maven プロジェクトの更新中] INFO  o.e.m.c.i.p.WorkspaceClassifierResolverManager - Resolving P/ejbs: root.project:ejbs:1.0 with classifier  to /ejbs/target/classes
2026-01-15 12:07:03,478 [Worker-14: Maven プロジェクトの更新中] INFO  o.e.m.c.i.p.WorkspaceClassifierResolverManager - Resolving P/servlet: root.project.servlets:servlet:1.0 with classifier  to /servlet/target/classes
2026-01-15 12:07:03,478 [Worker-14: Maven プロジェクトの更新中] INFO  o.e.m.c.i.p.WorkspaceClassifierResolverManager - Resolving P/primary-source: root.project:primary-source:1.0 with classifier  to /primary-source/target/classes
2026-01-15 12:07:03,478 [Worker-14: Maven プロジェクトの更新中] INFO  o.e.m.c.i.p.WorkspaceClassifierResolverManager - Resolving P/logging: root.project.projects:logging:1.0 with classifier  to /logging/target/classes
2026-01-15 12:07:03,490 [Worker-14: Maven プロジェクトの更新中] INFO  o.e.m.c.i.l.LifecycleMappingFactory - Using org.maven.ide.eclipse.wtp.WarLifecycleMapping lifecycle mapping for MavenProject: root.project.servlets:servlet:1.0 @ C:\pleiades\2024-12\workspace\project\servlets\servlet\pom.xml.
2026-01-15 12:07:03,490 [Worker-14: Maven プロジェクトの更新中] INFO  o.e.m.c.i.p.WorkspaceClassifierResolverManager - Resolving P/primary-source: root.project:primary-source:1.0 with classifier  to /primary-source/target/classes
2026-01-15 12:07:03,490 [Worker-14: Maven プロジェクトの更新中] INFO  o.e.m.c.i.p.WorkspaceClassifierResolverManager - Resolving P/logging: root.project.projects:logging:1.0 with classifier  to /logging/target/classes
2026-01-15 12:07:04,467 [Worker-14: Maven プロジェクトの更新中] INFO  o.e.m.c.i.e.AbstractTransferListenerAdapter - Downloaded https://repo.maven.apache.org/maven2/root/project/ejbs/1.0/ejbs-1.0.jar
2026-01-15 12:07:05,104 [BasicRepositoryConnector-repo.maven.apache.org-6-0] INFO  o.e.m.c.i.e.AbstractTransferListenerAdapter - Downloaded https://repo.maven.apache.org/maven2/root/project/servlets/servlet/1.0/servlet-1.0.war
2026-01-15 12:07:05,107 [Worker-14: Maven プロジェクトの更新中] ERROR o.e.m.c.i.p.ProjectConfigurationManager - Failed to execute mojo org.apache.maven.plugins:maven-ear-plugin:3.3.0:generate-application-xml {execution: default-cli}
org.eclipse.core.runtime.CoreException: Failed to execute mojo org.apache.maven.plugins:maven-ear-plugin:3.3.0:generate-application-xml {execution: default-cli}
	at org.eclipse.m2e.core.internal.embedder.MavenExecutionContext.executeMojo(MavenExecutionContext.java:404)
	at org.eclipse.m2e.core.internal.embedder.MavenExecutionContext.lambda$2(MavenExecutionContext.java:355)
	at org.eclipse.m2e.core.internal.embedder.MavenExecutionContext.executeBare(MavenExecutionContext.java:458)
	at org.eclipse.m2e.core.internal.embedder.MavenExecutionContext.execute(MavenExecutionContext.java:339)
	at org.eclipse.m2e.core.internal.embedder.MavenExecutionContext.execute(MavenExecutionContext.java:354)
	at org.eclipse.m2e.wtp.MavenDeploymentDescriptorManagement.updateConfiguration(MavenDeploymentDescriptorManagement.java:149)
	at org.eclipse.m2e.wtp.EarProjectConfiguratorDelegate.setModuleDependencies(EarProjectConfiguratorDelegate.java:233)
	at org.eclipse.m2e.wtp.WTPProjectConfigurator.mavenProjectChanged(WTPProjectConfigurator.java:94)
	at org.eclipse.m2e.core.internal.project.ProjectConfigurationManager.mavenProjectChanged(ProjectConfigurationManager.java:885)
	at org.eclipse.m2e.core.internal.project.registry.ProjectRegistryManager.notifyProjectChangeListeners(ProjectRegistryManager.java:892)
	at org.eclipse.m2e.core.internal.project.registry.ProjectRegistryManager.applyMutableProjectRegistry(ProjectRegistryManager.java:1042)
	at org.eclipse.m2e.core.internal.project.registry.ProjectRegistryManager.refresh(ProjectRegistryManager.java:324)
	at org.eclipse.m2e.core.internal.project.ProjectConfigurationManager.updateProjectConfiguration0(ProjectConfigurationManager.java:388)
	at org.eclipse.m2e.core.internal.project.ProjectConfigurationManager.lambda$3(ProjectConfigurationManager.java:340)
	at org.eclipse.m2e.core.internal.embedder.MavenExecutionContext.executeBare(MavenExecutionContext.java:458)
	at org.eclipse.m2e.core.internal.embedder.MavenExecutionContext.execute(MavenExecutionContext.java:339)
	at org.eclipse.m2e.core.internal.embedder.MavenExecutionContext.execute(MavenExecutionContext.java:278)
	at org.eclipse.m2e.core.internal.embedder.MavenImpl.execute(MavenImpl.java:1053)
	at org.eclipse.m2e.core.internal.project.ProjectConfigurationManager.updateProjectConfiguration(ProjectConfigurationManager.java:339)
	at org.eclipse.m2e.core.ui.internal.UpdateMavenProjectJob.runInWorkspace(UpdateMavenProjectJob.java:80)
	at org.eclipse.core.internal.resources.InternalWorkspaceJob.run(InternalWorkspaceJob.java:43)
	at org.eclipse.core.internal.jobs.Worker.run(Worker.java:63)
Caused by: org.apache.maven.lifecycle.LifecycleExecutionException: Failed to execute goal on project [36mear[m: [1;31mCould not resolve dependencies for project root.project:ear:ear:1.0
dependency: root.project:ejbs:jar:1.0 (compile)
	Could not find artifact root.project:ejbs:jar:1.0 in central (https://repo.maven.apache.org/maven2)
dependency: root.project.servlets:servlet:war:1.0 (compile)
	Could not find artifact root.project.servlets:servlet:war:1.0 in central (https://repo.maven.apache.org/maven2)
dependency: root.project:primary-source:jar:1.0 (compile)
	root.project:primary-source:jar:1.0 was not found in https://repo.maven.apache.org/maven2 during a previous attempt. This failure was cached in the local repository and resolution is not reattempted until the update interval of central has elapsed or updates are forced
dependency: root.project.projects:logging:jar:1.0 (compile)
	root.project.projects:logging:jar:1.0 was not found in https://repo.maven.apache.org/maven2 during a previous attempt. This failure was cached in the local repository and resolution is not reattempted until the update interval of central has elapsed or updates are forced
[m
	at org.apache.maven.lifecycle.internal.LifecycleDependencyResolver.getDependencies(LifecycleDependencyResolver.java:243)
	at org.apache.maven.lifecycle.internal.LifecycleDependencyResolver.resolveProjectDependencies(LifecycleDependencyResolver.java:136)
	at org.apache.maven.lifecycle.internal.MojoExecutor.ensureDependenciesAreResolved(MojoExecutor.java:355)
	at org.eclipse.m2e.core.internal.embedder.MavenExecutionContext.executeMojo(MavenExecutionContext.java:400)
	... 21 common frames omitted
Caused by: org.apache.maven.project.DependencyResolutionException: Could not resolve dependencies for project root.project:ear:ear:1.0
dependency: root.project:ejbs:jar:1.0 (compile)
	Could not find artifact root.project:ejbs:jar:1.0 in central (https://repo.maven.apache.org/maven2)
dependency: root.project.servlets:servlet:war:1.0 (compile)
	Could not find artifact root.project.servlets:servlet:war:1.0 in central (https://repo.maven.apache.org/maven2)
dependency: root.project:primary-source:jar:1.0 (compile)
	root.project:primary-source:jar:1.0 was not found in https://repo.maven.apache.org/maven2 during a previous attempt. This failure was cached in the local repository and resolution is not reattempted until the update interval of central has elapsed or updates are forced
dependency: root.project.projects:logging:jar:1.0 (compile)
	root.project.projects:logging:jar:1.0 was not found in https://repo.maven.apache.org/maven2 during a previous attempt. This failure was cached in the local repository and resolution is not reattempted until the update interval of central has elapsed or updates are forced

	at org.apache.maven.project.DefaultProjectDependenciesResolver.resolve(DefaultProjectDependenciesResolver.java:191)
	at org.apache.maven.lifecycle.internal.LifecycleDependencyResolver.getDependencies(LifecycleDependencyResolver.java:224)
	... 24 common frames omitted
2026-01-15 12:07:05,151 [Worker-14: Maven プロジェクトの更新中] INFO  o.e.m.j.i.AbstractJavaProjectConfigurator - Adding source folder /ejbs/src/main/java
2026-01-15 12:07:05,152 [Worker-14: Maven プロジェクトの更新中] INFO  o.e.m.j.i.AbstractJavaProjectConfigurator - Adding resource folder /ejbs/src/main/resources
2026-01-15 12:07:05,152 [Worker-14: Maven プロジェクトの更新中] INFO  o.e.m.j.i.AbstractJavaProjectConfigurator - Adding source folder /ejbs/src/test/java
2026-01-15 12:07:05,152 [Worker-14: Maven プロジェクトの更新中] INFO  o.e.m.j.i.AbstractJavaProjectConfigurator - Adding resource folder /ejbs/src/test/resources
2026-01-15 12:07:05,179 [Worker-14: Maven プロジェクトの更新中] INFO  o.e.m.j.i.AbstractJavaProjectConfigurator - Adding source folder /logging/src/main/java
2026-01-15 12:07:05,180 [Worker-14: Maven プロジェクトの更新中] INFO  o.e.m.j.i.AbstractJavaProjectConfigurator - Adding resource folder /logging/src/main/resources
2026-01-15 12:07:05,180 [Worker-14: Maven プロジェクトの更新中] INFO  o.e.m.j.i.AbstractJavaProjectConfigurator - Adding source folder /logging/src/test/java
2026-01-15 12:07:05,180 [Worker-14: Maven プロジェクトの更新中] INFO  o.e.m.j.i.AbstractJavaProjectConfigurator - Adding resource folder /logging/src/test/resources
2026-01-15 12:07:05,206 [Worker-14: Maven プロジェクトの更新中] INFO  o.e.m.j.i.AbstractJavaProjectConfigurator - Adding source folder /primary-source/src/main/java
2026-01-15 12:07:05,206 [Worker-14: Maven プロジェクトの更新中] INFO  o.e.m.j.i.AbstractJavaProjectConfigurator - Adding resource folder /primary-source/src/main/resources
2026-01-15 12:07:05,206 [Worker-14: Maven プロジェクトの更新中] INFO  o.e.m.j.i.AbstractJavaProjectConfigurator - Adding source folder /primary-source/src/test/java
2026-01-15 12:07:05,207 [Worker-14: Maven プロジェクトの更新中] INFO  o.e.m.j.i.AbstractJavaProjectConfigurator - Adding resource folder /primary-source/src/test/resources
2026-01-15 12:07:05,317 [Worker-14: Maven プロジェクトの更新中] INFO  o.e.m.c.i.p.ProjectConfigurationManager - Update completed for 6 poms: local refresh takes 0.00 sec, refresh facades takes 1.00 sec, update config takes 0.00 sec 
2026-01-15 12:07:05,523 [Worker-18: ビルド] WARN  o.a.m.s.f.DefaultMavenResourcesFiltering - Using platform encoding (UTF-8 actually) to copy filtered resources, i.e. build is platform dependent!
2026-01-15 12:07:05,523 [Worker-18: ビルド] INFO  o.a.m.s.f.DefaultMavenResourcesFiltering - skip non existing resourceDirectory C:\pleiades\2024-12\workspace\project\ear\src\main\resources
2026-01-15 12:07:05,786 [Worker-18: ビルド] WARN  o.a.m.s.f.DefaultMavenResourcesFiltering - Using platform encoding (UTF-8 actually) to copy filtered resources, i.e. build is platform dependent!
2026-01-15 12:07:05,787 [Worker-18: ビルド] INFO  o.a.m.s.f.DefaultMavenResourcesFiltering - skip non existing resourceDirectory C:\pleiades\2024-12\workspace\project\projects\logging\src\main\resources
2026-01-15 12:07:05,788 [Worker-18: ビルド] WARN  o.a.m.s.f.DefaultMavenResourcesFiltering - Using platform encoding (UTF-8 actually) to copy filtered resources, i.e. build is platform dependent!
2026-01-15 12:07:05,788 [Worker-18: ビルド] INFO  o.a.m.s.f.DefaultMavenResourcesFiltering - skip non existing resourceDirectory C:\pleiades\2024-12\workspace\project\projects\logging\src\test\resources
2026-01-15 12:07:05,935 [Worker-18: ビルド] WARN  o.a.m.s.f.DefaultMavenResourcesFiltering - Using platform encoding (UTF-8 actually) to copy filtered resources, i.e. build is platform dependent!
2026-01-15 12:07:05,935 [Worker-18: ビルド] INFO  o.a.m.s.f.DefaultMavenResourcesFiltering - skip non existing resourceDirectory C:\pleiades\2024-12\workspace\project\primary-source\src\main\resources
2026-01-15 12:07:05,936 [Worker-18: ビルド] WARN  o.a.m.s.f.DefaultMavenResourcesFiltering - Using platform encoding (UTF-8 actually) to copy filtered resources, i.e. build is platform dependent!
2026-01-15 12:07:05,936 [Worker-18: ビルド] INFO  o.a.m.s.f.DefaultMavenResourcesFiltering - skip non existing resourceDirectory C:\pleiades\2024-12\workspace\project\primary-source\src\test\resources
2026-01-15 12:07:05,956 [Worker-18: ビルド] WARN  o.a.m.s.f.DefaultMavenResourcesFiltering - Using platform encoding (UTF-8 actually) to copy filtered resources, i.e. build is platform dependent!
2026-01-15 12:07:05,956 [Worker-18: ビルド] INFO  o.a.m.s.f.DefaultMavenResourcesFiltering - Copying 1 resource from src\main\resources to target\classes
2026-01-15 12:07:05,960 [Worker-18: ビルド] WARN  o.a.m.s.f.DefaultMavenResourcesFiltering - Using platform encoding (UTF-8 actually) to copy filtered resources, i.e. build is platform dependent!
2026-01-15 12:07:05,960 [Worker-18: ビルド] INFO  o.a.m.s.f.DefaultMavenResourcesFiltering - skip non existing resourceDirectory C:\pleiades\2024-12\workspace\project\ejbs\src\test\resources
2026-01-15 12:07:06,149 [Worker-18: ビルド] WARN  o.a.m.s.f.DefaultMavenResourcesFiltering - Using platform encoding (UTF-8 actually) to copy filtered resources, i.e. build is platform dependent!
2026-01-15 12:07:06,149 [Worker-18: ビルド] INFO  o.a.m.s.f.DefaultMavenResourcesFiltering - skip non existing resourceDirectory C:\pleiades\2024-12\workspace\project\servlets\servlet\src\main\resources
2026-01-15 12:07:06,150 [Worker-18: ビルド] WARN  o.a.m.s.f.DefaultMavenResourcesFiltering - Using platform encoding (UTF-8 actually) to copy filtered resources, i.e. build is platform dependent!
2026-01-15 12:07:06,150 [Worker-18: ビルド] INFO  o.a.m.s.f.DefaultMavenResourcesFiltering - skip non existing resourceDirectory C:\pleiades\2024-12\workspace\project\servlets\servlet\src\test\resources
2026-01-15 12:09:34,044 [Worker-2: Loading available Gradle versions] INFO  o.e.b.c.i.u.g.PublishedGradleVersions - Gradle version information cache is up-to-date. Trying to read.
2026-01-15 12:09:34,472 [Worker-1: ビルド] WARN  o.a.m.s.f.DefaultMavenResourcesFiltering - Using platform encoding (UTF-8 actually) to copy filtered resources, i.e. build is platform dependent!
2026-01-15 12:09:34,475 [Worker-1: ビルド] INFO  o.a.m.s.f.DefaultMavenResourcesFiltering - Copying 1 resource from src\main\resources to target\classes
2026-01-15 12:09:34,481 [Worker-1: ビルド] WARN  o.a.m.s.f.DefaultMavenResourcesFiltering - Using platform encoding (UTF-8 actually) to copy filtered resources, i.e. build is platform dependent!
2026-01-15 12:09:34,482 [Worker-1: ビルド] INFO  o.a.m.s.f.DefaultMavenResourcesFiltering - skip non existing resourceDirectory C:\pleiades\2024-12\workspace\IH13A06_JV31_08\src\test\resources
2026-01-15 12:09:34,913 [Worker-1: ビルド] WARN  o.a.m.s.f.DefaultMavenResourcesFiltering - Using platform encoding (UTF-8 actually) to copy filtered resources, i.e. build is platform dependent!
2026-01-15 12:09:34,913 [Worker-1: ビルド] INFO  o.a.m.s.f.DefaultMavenResourcesFiltering - Copying 1 resource from src\main\resources to target\classes
2026-01-15 12:09:34,916 [Worker-1: ビルド] WARN  o.a.m.s.f.DefaultMavenResourcesFiltering - Using platform encoding (UTF-8 actually) to copy filtered resources, i.e. build is platform dependent!
2026-01-15 12:09:34,917 [Worker-1: ビルド] INFO  o.a.m.s.f.DefaultMavenResourcesFiltering - skip non existing resourceDirectory C:\pleiades\2024-12\workspace\IH13A06_JV31_29_05\src\test\resources
2026-01-15 12:11:15,626 [Worker-1: mavenrun-95319e15-193d-41b0-a1ce-05a3d6c48095 の起動] INFO  o.eclipse.m2e.core.internal.Bundles - getClasspathEntries(Bundle=org.eclipse.m2e.maven.runtime_3.9.900.20240824-1409 [298])
2026-01-15 12:11:15,628 [Worker-1: mavenrun-95319e15-193d-41b0-a1ce-05a3d6c48095 の起動] INFO  o.eclipse.m2e.core.internal.Bundles - 	Entry: C:\pleiades\2024-12\eclipse\plugins\org.eclipse.m2e.maven.runtime_3.9.900.20240824-1409
2026-01-15 12:11:15,628 [Worker-1: mavenrun-95319e15-193d-41b0-a1ce-05a3d6c48095 の起動] INFO  o.eclipse.m2e.core.internal.Bundles - 	Entry: C:\pleiades\2024-12\eclipse\plugins\org.eclipse.m2e.maven.runtime_3.9.900.20240824-1409\jars\aopalliance-1.0.jar
2026-01-15 12:11:15,628 [Worker-1: mavenrun-95319e15-193d-41b0-a1ce-05a3d6c48095 の起動] INFO  o.eclipse.m2e.core.internal.Bundles - 	Entry: C:\pleiades\2024-12\eclipse\plugins\org.eclipse.m2e.maven.runtime_3.9.900.20240824-1409\jars\guice-5.1.0.jar
2026-01-15 12:11:15,628 [Worker-1: mavenrun-95319e15-193d-41b0-a1ce-05a3d6c48095 の起動] INFO  o.eclipse.m2e.core.internal.Bundles - 	Entry: C:\pleiades\2024-12\eclipse\plugins\org.eclipse.m2e.maven.runtime_3.9.900.20240824-1409\jars\httpclient-4.5.14.jar
2026-01-15 12:11:15,628 [Worker-1: mavenrun-95319e15-193d-41b0-a1ce-05a3d6c48095 の起動] INFO  o.eclipse.m2e.core.internal.Bundles - 	Entry: C:\pleiades\2024-12\eclipse\plugins\org.eclipse.m2e.maven.runtime_3.9.900.20240824-1409\jars\httpcore-4.4.16.jar
2026-01-15 12:11:15,628 [Worker-1: mavenrun-95319e15-193d-41b0-a1ce-05a3d6c48095 の起動] INFO  o.eclipse.m2e.core.internal.Bundles - 	Entry: C:\pleiades\2024-12\eclipse\plugins\org.eclipse.m2e.maven.runtime_3.9.900.20240824-1409\jars\jansi-2.4.1.jar
2026-01-15 12:11:15,628 [Worker-1: mavenrun-95319e15-193d-41b0-a1ce-05a3d6c48095 の起動] INFO  o.eclipse.m2e.core.internal.Bundles - 	Entry: C:\pleiades\2024-12\eclipse\plugins\org.eclipse.m2e.maven.runtime_3.9.900.20240824-1409\jars\jcl-over-slf4j-1.7.36.jar
2026-01-15 12:11:15,629 [Worker-1: mavenrun-95319e15-193d-41b0-a1ce-05a3d6c48095 の起動] INFO  o.eclipse.m2e.core.internal.Bundles - 	Entry: C:\pleiades\2024-12\eclipse\plugins\org.eclipse.m2e.maven.runtime_3.9.900.20240824-1409\jars\maven-artifact-3.9.9.jar
2026-01-15 12:11:15,629 [Worker-1: mavenrun-95319e15-193d-41b0-a1ce-05a3d6c48095 の起動] INFO  o.eclipse.m2e.core.internal.Bundles - 	Entry: C:\pleiades\2024-12\eclipse\plugins\org.eclipse.m2e.maven.runtime_3.9.900.20240824-1409\jars\maven-builder-support-3.9.9.jar
2026-01-15 12:11:15,629 [Worker-1: mavenrun-95319e15-193d-41b0-a1ce-05a3d6c48095 の起動] INFO  o.eclipse.m2e.core.internal.Bundles - 	Entry: C:\pleiades\2024-12\eclipse\plugins\org.eclipse.m2e.maven.runtime_3.9.900.20240824-1409\jars\maven-compat-3.9.9.jar
2026-01-15 12:11:15,629 [Worker-1: mavenrun-95319e15-193d-41b0-a1ce-05a3d6c48095 の起動] INFO  o.eclipse.m2e.core.internal.Bundles - 	Entry: C:\pleiades\2024-12\eclipse\plugins\org.eclipse.m2e.maven.runtime_3.9.900.20240824-1409\jars\maven-core-3.9.9.jar
2026-01-15 12:11:15,629 [Worker-1: mavenrun-95319e15-193d-41b0-a1ce-05a3d6c48095 の起動] INFO  o.eclipse.m2e.core.internal.Bundles - 	Entry: C:\pleiades\2024-12\eclipse\plugins\org.eclipse.m2e.maven.runtime_3.9.900.20240824-1409\jars\maven-embedder-3.9.9.jar
2026-01-15 12:11:15,629 [Worker-1: mavenrun-95319e15-193d-41b0-a1ce-05a3d6c48095 の起動] INFO  o.eclipse.m2e.core.internal.Bundles - 	Entry: C:\pleiades\2024-12\eclipse\plugins\org.eclipse.m2e.maven.runtime_3.9.900.20240824-1409\jars\maven-model-3.9.9.jar
2026-01-15 12:11:15,629 [Worker-1: mavenrun-95319e15-193d-41b0-a1ce-05a3d6c48095 の起動] INFO  o.eclipse.m2e.core.internal.Bundles - 	Entry: C:\pleiades\2024-12\eclipse\plugins\org.eclipse.m2e.maven.runtime_3.9.900.20240824-1409\jars\maven-model-builder-3.9.9.jar
2026-01-15 12:11:15,629 [Worker-1: mavenrun-95319e15-193d-41b0-a1ce-05a3d6c48095 の起動] INFO  o.eclipse.m2e.core.internal.Bundles - 	Entry: C:\pleiades\2024-12\eclipse\plugins\org.eclipse.m2e.maven.runtime_3.9.900.20240824-1409\jars\maven-plugin-api-3.9.9.jar
2026-01-15 12:11:15,629 [Worker-1: mavenrun-95319e15-193d-41b0-a1ce-05a3d6c48095 の起動] INFO  o.eclipse.m2e.core.internal.Bundles - 	Entry: C:\pleiades\2024-12\eclipse\plugins\org.eclipse.m2e.maven.runtime_3.9.900.20240824-1409\jars\maven-repository-metadata-3.9.9.jar
2026-01-15 12:11:15,630 [Worker-1: mavenrun-95319e15-193d-41b0-a1ce-05a3d6c48095 の起動] INFO  o.eclipse.m2e.core.internal.Bundles - 	Entry: C:\pleiades\2024-12\eclipse\plugins\org.eclipse.m2e.maven.runtime_3.9.900.20240824-1409\jars\maven-resolver-api-1.9.22.jar
2026-01-15 12:11:15,630 [Worker-1: mavenrun-95319e15-193d-41b0-a1ce-05a3d6c48095 の起動] INFO  o.eclipse.m2e.core.internal.Bundles - 	Entry: C:\pleiades\2024-12\eclipse\plugins\org.eclipse.m2e.maven.runtime_3.9.900.20240824-1409\jars\maven-resolver-connector-basic-1.9.22.jar
2026-01-15 12:11:15,630 [Worker-1: mavenrun-95319e15-193d-41b0-a1ce-05a3d6c48095 の起動] INFO  o.eclipse.m2e.core.internal.Bundles - 	Entry: C:\pleiades\2024-12\eclipse\plugins\org.eclipse.m2e.maven.runtime_3.9.900.20240824-1409\jars\maven-resolver-impl-1.9.22.jar
2026-01-15 12:11:15,630 [Worker-1: mavenrun-95319e15-193d-41b0-a1ce-05a3d6c48095 の起動] INFO  o.eclipse.m2e.core.internal.Bundles - 	Entry: C:\pleiades\2024-12\eclipse\plugins\org.eclipse.m2e.maven.runtime_3.9.900.20240824-1409\jars\maven-resolver-named-locks-1.9.22.jar
2026-01-15 12:11:15,630 [Worker-1: mavenrun-95319e15-193d-41b0-a1ce-05a3d6c48095 の起動] INFO  o.eclipse.m2e.core.internal.Bundles - 	Entry: C:\pleiades\2024-12\eclipse\plugins\org.eclipse.m2e.maven.runtime_3.9.900.20240824-1409\jars\maven-resolver-provider-3.9.9.jar
2026-01-15 12:11:15,630 [Worker-1: mavenrun-95319e15-193d-41b0-a1ce-05a3d6c48095 の起動] INFO  o.eclipse.m2e.core.internal.Bundles - 	Entry: C:\pleiades\2024-12\eclipse\plugins\org.eclipse.m2e.maven.runtime_3.9.900.20240824-1409\jars\maven-resolver-spi-1.9.22.jar
2026-01-15 12:11:15,630 [Worker-1: mavenrun-95319e15-193d-41b0-a1ce-05a3d6c48095 の起動] INFO  o.eclipse.m2e.core.internal.Bundles - 	Entry: C:\pleiades\2024-12\eclipse\plugins\org.eclipse.m2e.maven.runtime_3.9.900.20240824-1409\jars\maven-resolver-transport-file-1.9.22.jar
2026-01-15 12:11:15,630 [Worker-1: mavenrun-95319e15-193d-41b0-a1ce-05a3d6c48095 の起動] INFO  o.eclipse.m2e.core.internal.Bundles - 	Entry: C:\pleiades\2024-12\eclipse\plugins\org.eclipse.m2e.maven.runtime_3.9.900.20240824-1409\jars\maven-resolver-transport-http-1.9.22.jar
2026-01-15 12:11:15,630 [Worker-1: mavenrun-95319e15-193d-41b0-a1ce-05a3d6c48095 の起動] INFO  o.eclipse.m2e.core.internal.Bundles - 	Entry: C:\pleiades\2024-12\eclipse\plugins\org.eclipse.m2e.maven.runtime_3.9.900.20240824-1409\jars\maven-resolver-transport-wagon-1.9.22.jar
2026-01-15 12:11:15,630 [Worker-1: mavenrun-95319e15-193d-41b0-a1ce-05a3d6c48095 の起動] INFO  o.eclipse.m2e.core.internal.Bundles - 	Entry: C:\pleiades\2024-12\eclipse\plugins\org.eclipse.m2e.maven.runtime_3.9.900.20240824-1409\jars\maven-resolver-util-1.9.22.jar
2026-01-15 12:11:15,630 [Worker-1: mavenrun-95319e15-193d-41b0-a1ce-05a3d6c48095 の起動] INFO  o.eclipse.m2e.core.internal.Bundles - 	Entry: C:\pleiades\2024-12\eclipse\plugins\org.eclipse.m2e.maven.runtime_3.9.900.20240824-1409\jars\maven-settings-3.9.9.jar
2026-01-15 12:11:15,630 [Worker-1: mavenrun-95319e15-193d-41b0-a1ce-05a3d6c48095 の起動] INFO  o.eclipse.m2e.core.internal.Bundles - 	Entry: C:\pleiades\2024-12\eclipse\plugins\org.eclipse.m2e.maven.runtime_3.9.900.20240824-1409\jars\maven-settings-builder-3.9.9.jar
2026-01-15 12:11:15,630 [Worker-1: mavenrun-95319e15-193d-41b0-a1ce-05a3d6c48095 の起動] INFO  o.eclipse.m2e.core.internal.Bundles - 	Entry: C:\pleiades\2024-12\eclipse\plugins\org.eclipse.m2e.maven.runtime_3.9.900.20240824-1409\jars\maven-shared-utils-3.4.2.jar
2026-01-15 12:11:15,631 [Worker-1: mavenrun-95319e15-193d-41b0-a1ce-05a3d6c48095 の起動] INFO  o.eclipse.m2e.core.internal.Bundles - 	Entry: C:\pleiades\2024-12\eclipse\plugins\org.eclipse.m2e.maven.runtime_3.9.900.20240824-1409\jars\org.eclipse.sisu.inject-0.9.0.M3.jar
2026-01-15 12:11:15,631 [Worker-1: mavenrun-95319e15-193d-41b0-a1ce-05a3d6c48095 の起動] INFO  o.eclipse.m2e.core.internal.Bundles - 	Entry: C:\pleiades\2024-12\eclipse\plugins\org.eclipse.m2e.maven.runtime_3.9.900.20240824-1409\jars\org.eclipse.sisu.plexus-0.9.0.M3.jar
2026-01-15 12:11:15,631 [Worker-1: mavenrun-95319e15-193d-41b0-a1ce-05a3d6c48095 の起動] INFO  o.eclipse.m2e.core.internal.Bundles - 	Entry: C:\pleiades\2024-12\eclipse\plugins\org.eclipse.m2e.maven.runtime_3.9.900.20240824-1409\jars\plexus-build-api-0.0.7.jar
2026-01-15 12:11:15,631 [Worker-1: mavenrun-95319e15-193d-41b0-a1ce-05a3d6c48095 の起動] INFO  o.eclipse.m2e.core.internal.Bundles - 	Entry: C:\pleiades\2024-12\eclipse\plugins\org.eclipse.m2e.maven.runtime_3.9.900.20240824-1409\jars\plexus-build-api-1.2.0.jar
2026-01-15 12:11:15,631 [Worker-1: mavenrun-95319e15-193d-41b0-a1ce-05a3d6c48095 の起動] INFO  o.eclipse.m2e.core.internal.Bundles - 	Entry: C:\pleiades\2024-12\eclipse\plugins\org.eclipse.m2e.maven.runtime_3.9.900.20240824-1409\jars\plexus-cipher-2.0.jar
2026-01-15 12:11:15,631 [Worker-1: mavenrun-95319e15-193d-41b0-a1ce-05a3d6c48095 の起動] INFO  o.eclipse.m2e.core.internal.Bundles - 	Entry: C:\pleiades\2024-12\eclipse\plugins\org.eclipse.m2e.maven.runtime_3.9.900.20240824-1409\jars\plexus-classworlds-2.8.0.jar
2026-01-15 12:11:15,631 [Worker-1: mavenrun-95319e15-193d-41b0-a1ce-05a3d6c48095 の起動] INFO  o.eclipse.m2e.core.internal.Bundles - 	Entry: C:\pleiades\2024-12\eclipse\plugins\org.eclipse.m2e.maven.runtime_3.9.900.20240824-1409\jars\plexus-component-annotations-2.1.0.jar
2026-01-15 12:11:15,631 [Worker-1: mavenrun-95319e15-193d-41b0-a1ce-05a3d6c48095 の起動] INFO  o.eclipse.m2e.core.internal.Bundles - 	Entry: C:\pleiades\2024-12\eclipse\plugins\org.eclipse.m2e.maven.runtime_3.9.900.20240824-1409\jars\plexus-interpolation-1.27.jar
2026-01-15 12:11:15,632 [Worker-1: mavenrun-95319e15-193d-41b0-a1ce-05a3d6c48095 の起動] INFO  o.eclipse.m2e.core.internal.Bundles - 	Entry: C:\pleiades\2024-12\eclipse\plugins\org.eclipse.m2e.maven.runtime_3.9.900.20240824-1409\jars\plexus-sec-dispatcher-2.0.jar
2026-01-15 12:11:15,632 [Worker-1: mavenrun-95319e15-193d-41b0-a1ce-05a3d6c48095 の起動] INFO  o.eclipse.m2e.core.internal.Bundles - 	Entry: C:\pleiades\2024-12\eclipse\plugins\org.eclipse.m2e.maven.runtime_3.9.900.20240824-1409\jars\plexus-utils-3.5.1.jar
2026-01-15 12:11:15,632 [Worker-1: mavenrun-95319e15-193d-41b0-a1ce-05a3d6c48095 の起動] INFO  o.eclipse.m2e.core.internal.Bundles - 	Entry: C:\pleiades\2024-12\eclipse\plugins\org.eclipse.m2e.maven.runtime_3.9.900.20240824-1409\jars\plexus-xml-3.0.1.jar
2026-01-15 12:11:15,632 [Worker-1: mavenrun-95319e15-193d-41b0-a1ce-05a3d6c48095 の起動] INFO  o.eclipse.m2e.core.internal.Bundles - 	Entry: C:\pleiades\2024-12\eclipse\plugins\org.eclipse.m2e.maven.runtime_3.9.900.20240824-1409\jars\wagon-file-3.5.3.jar
2026-01-15 12:11:15,632 [Worker-1: mavenrun-95319e15-193d-41b0-a1ce-05a3d6c48095 の起動] INFO  o.eclipse.m2e.core.internal.Bundles - 	Entry: C:\pleiades\2024-12\eclipse\plugins\org.eclipse.m2e.maven.runtime_3.9.900.20240824-1409\jars\wagon-http-3.5.3.jar
2026-01-15 12:11:15,632 [Worker-1: mavenrun-95319e15-193d-41b0-a1ce-05a3d6c48095 の起動] INFO  o.eclipse.m2e.core.internal.Bundles - 	Entry: C:\pleiades\2024-12\eclipse\plugins\org.eclipse.m2e.maven.runtime_3.9.900.20240824-1409\jars\wagon-http-shared-3.5.3.jar
2026-01-15 12:11:15,632 [Worker-1: mavenrun-95319e15-193d-41b0-a1ce-05a3d6c48095 の起動] INFO  o.eclipse.m2e.core.internal.Bundles - 	Entry: C:\pleiades\2024-12\eclipse\plugins\org.eclipse.m2e.maven.runtime_3.9.900.20240824-1409\jars\wagon-provider-api-3.5.3.jar
2026-01-15 12:11:15,634 [Worker-1: mavenrun-95319e15-193d-41b0-a1ce-05a3d6c48095 の起動] INFO  o.eclipse.m2e.core.internal.Bundles - getClasspathEntries(Bundle=com.google.guava_33.4.8.jre [1030])
2026-01-15 12:11:15,634 [Worker-1: mavenrun-95319e15-193d-41b0-a1ce-05a3d6c48095 の起動] INFO  o.eclipse.m2e.core.internal.Bundles - 	Entry: C:\pleiades\2024-12\eclipse\plugins\com.google.guava_33.4.8.jre.jar
2026-01-15 12:11:15,634 [Worker-1: mavenrun-95319e15-193d-41b0-a1ce-05a3d6c48095 の起動] INFO  o.eclipse.m2e.core.internal.Bundles - getClasspathEntries(Bundle=slf4j.api_2.0.17 [1027])
2026-01-15 12:11:15,635 [Worker-1: mavenrun-95319e15-193d-41b0-a1ce-05a3d6c48095 の起動] INFO  o.eclipse.m2e.core.internal.Bundles - 	Entry: C:\pleiades\2024-12\eclipse\plugins\slf4j.api_2.0.17.jar
2026-01-15 12:11:15,635 [Worker-1: mavenrun-95319e15-193d-41b0-a1ce-05a3d6c48095 の起動] INFO  o.eclipse.m2e.core.internal.Bundles - getClasspathEntries(Bundle=javax.inject_1.0.0.v20220405-0441 [524])
2026-01-15 12:11:15,635 [Worker-1: mavenrun-95319e15-193d-41b0-a1ce-05a3d6c48095 の起動] INFO  o.eclipse.m2e.core.internal.Bundles - 	Entry: C:\pleiades\2024-12\eclipse\dropins\CheckStyle\eclipse\plugins\javax.inject_1.0.0.v20220405-0441.jar
2026-01-15 12:11:15,635 [Worker-1: mavenrun-95319e15-193d-41b0-a1ce-05a3d6c48095 の起動] INFO  o.eclipse.m2e.core.internal.Bundles - getClasspathEntries(Bundle=javax.annotation_1.3.5.v20200909-1856 [523])
2026-01-15 12:11:15,635 [Worker-1: mavenrun-95319e15-193d-41b0-a1ce-05a3d6c48095 の起動] INFO  o.eclipse.m2e.core.internal.Bundles - 	Entry: C:\pleiades\2024-12\eclipse\dropins\CheckStyle\eclipse\plugins\javax.annotation_1.3.5.v20200909-1856.jar
2026-01-15 12:11:15,635 [Worker-1: mavenrun-95319e15-193d-41b0-a1ce-05a3d6c48095 の起動] INFO  o.eclipse.m2e.core.internal.Bundles - getClasspathEntries(Bundle=org.apache.commons.cli_1.10.0 [1049])
2026-01-15 12:11:15,636 [Worker-1: mavenrun-95319e15-193d-41b0-a1ce-05a3d6c48095 の起動] INFO  o.eclipse.m2e.core.internal.Bundles - 	Entry: C:\pleiades\2024-12\eclipse\plugins\org.apache.commons.cli_1.10.0.jar
2026-01-15 12:11:15,636 [Worker-1: mavenrun-95319e15-193d-41b0-a1ce-05a3d6c48095 の起動] INFO  o.eclipse.m2e.core.internal.Bundles - getClasspathEntries(Bundle=org.apache.commons.commons-codec_1.16.0 [50])
2026-01-15 12:11:15,636 [Worker-1: mavenrun-95319e15-193d-41b0-a1ce-05a3d6c48095 の起動] INFO  o.eclipse.m2e.core.internal.Bundles - 	Entry: C:\pleiades\2024-12\eclipse\plugins\org.apache.commons.commons-codec_1.16.0.jar
2026-01-15 12:11:15,636 [Worker-1: mavenrun-95319e15-193d-41b0-a1ce-05a3d6c48095 の起動] INFO  o.eclipse.m2e.core.internal.Bundles - getClasspathEntries(Bundle=com.google.guava.failureaccess_1.0.3 [1031])
2026-01-15 12:11:15,636 [Worker-1: mavenrun-95319e15-193d-41b0-a1ce-05a3d6c48095 の起動] INFO  o.eclipse.m2e.core.internal.Bundles - 	Entry: C:\pleiades\2024-12\eclipse\plugins\com.google.guava.failureaccess_1.0.3.jar
2026-01-15 12:11:15,641 [Worker-1: mavenrun-95319e15-193d-41b0-a1ce-05a3d6c48095 の起動] INFO  o.e.m.i.launch.MavenLaunchDelegate - Run build in "C:\Users\treas\AppData\Local\Temp\m2e-archetypeGenerator15040285807055075504":
2026-01-15 12:11:15,644 [Worker-1: mavenrun-95319e15-193d-41b0-a1ce-05a3d6c48095 の起動] INFO  o.e.m.i.launch.MavenLaunchDelegate -  mvn  -DarchetypeGroupId=org.apache.maven.archetypes -DarchetypeArtifactId=maven-archetype-archetype -DarchetypeVersion=1.0 -DgroupId=com.example -DartifactId=IH13A06_JV31_09 -Dversion=0.0.1-SNAPSHOT -Dpackage=com.example.IH13A06_JV31_09 -DoutputDirectory=C:\pleiades\2024-12\workspace -Dstyle.color=always -U archetype:generate
2026-01-15 12:11:24,340 [Worker-5: maven-archetype-archetype を作成中] INFO  o.e.m.c.i.p.ProjectConfigurationManager - Collecting project info '/pom.xml' C:\pleiades\2024-12\workspace\IH13A06_JV31_09\pom.xml
2026-01-15 12:11:24,492 [Worker-5: maven-archetype-archetype を作成中] INFO  o.e.m.c.i.l.LifecycleMappingFactory - Using org.eclipse.m2e.jdt.JarLifecycleMapping lifecycle mapping for MavenProject: com.example:IH13A06_JV31_09:0.0.1-SNAPSHOT @ C:\pleiades\2024-12\workspace\IH13A06_JV31_09\pom.xml.
2026-01-15 12:11:24,678 [Worker-5: maven-archetype-archetype を作成中] INFO  o.e.m.j.i.AbstractJavaProjectConfigurator - Adding source folder /IH13A06_JV31_09/src/main/java
2026-01-15 12:11:24,681 [Worker-5: maven-archetype-archetype を作成中] INFO  o.e.m.j.i.AbstractJavaProjectConfigurator - Adding resource folder /IH13A06_JV31_09/src/main/resources
2026-01-15 12:11:24,681 [Worker-5: maven-archetype-archetype を作成中] INFO  o.e.m.j.i.AbstractJavaProjectConfigurator - Adding source folder /IH13A06_JV31_09/src/test/java
2026-01-15 12:11:24,681 [Worker-5: maven-archetype-archetype を作成中] INFO  o.e.m.j.i.AbstractJavaProjectConfigurator - Adding resource folder /IH13A06_JV31_09/src/test/resources
2026-01-15 12:11:24,722 [Worker-5: maven-archetype-archetype を作成中] INFO  o.e.m.c.i.p.ProjectConfigurationManager - Imported and configured 1 project(s) in 0 sec
2026-01-15 12:11:25,013 [Worker-3: ビルド] WARN  o.a.m.s.f.DefaultMavenResourcesFiltering - Using platform encoding (UTF-8 actually) to copy filtered resources, i.e. build is platform dependent!
2026-01-15 12:11:25,014 [Worker-3: ビルド] INFO  o.a.m.s.f.DefaultMavenResourcesFiltering - Copying 4 resources from src\main\resources to target\classes
2026-01-15 12:11:25,022 [Worker-3: ビルド] WARN  o.a.m.s.f.DefaultMavenResourcesFiltering - Using platform encoding (UTF-8 actually) to copy filtered resources, i.e. build is platform dependent!
2026-01-15 12:11:25,022 [Worker-3: ビルド] INFO  o.a.m.s.f.DefaultMavenResourcesFiltering - skip non existing resourceDirectory C:\pleiades\2024-12\workspace\IH13A06_JV31_09\src\test\resources
2026-01-15 12:11:41,144 [Worker-7: reload maven project] ERROR o.e.m2e.editor.pom.MavenPomEditor - failed to load maven project for org.eclipse.ui.part.FileEditorInput(/IH13A06_JV31_09/src/main/resources/archetype-resources/pom.xml)
org.eclipse.core.runtime.CoreException: Maven プロジェクトを読み取れませんでした
	at org.eclipse.m2e.core.internal.project.registry.ProjectRegistryManager.readProjectWithDependencies(ProjectRegistryManager.java:917)
	at org.eclipse.m2e.core.internal.project.registry.MavenProjectCache$CacheLine.lambda$1(MavenProjectCache.java:192)
	at java.base/java.util.concurrent.ConcurrentHashMap.computeIfAbsent(ConcurrentHashMap.java:1708)
	at org.eclipse.m2e.core.internal.project.registry.MavenProjectCache$CacheLine.getProject(MavenProjectCache.java:191)
	at org.eclipse.m2e.core.internal.project.registry.MavenProjectCache.getMavenProject(MavenProjectCache.java:105)
	at org.eclipse.m2e.core.internal.project.registry.ProjectRegistryManager.lambda$24(ProjectRegistryManager.java:1101)
	at java.base/java.util.Map.computeIfAbsent(Map.java:1066)
	at org.eclipse.m2e.core.internal.project.registry.ProjectRegistryManager.getMavenProject(ProjectRegistryManager.java:1100)
	at org.eclipse.m2e.core.internal.project.registry.MavenProjectFacade.getMavenProject(MavenProjectFacade.java:289)
	at org.eclipse.m2e.core.ui.internal.actions.SelectionUtil.getMavenProject(SelectionUtil.java:241)
	at org.eclipse.m2e.editor.pom.MavenPomEditor.readMavenProject(MavenPomEditor.java:709)
	at org.eclipse.m2e.editor.pom.MavenPomEditor$4.run(MavenPomEditor.java:1029)
	at org.eclipse.core.internal.jobs.Worker.run(Worker.java:63)
2026-01-15 12:17:35,363 [Worker-9: ビルド] INFO  o.e.m.c.i.l.LifecycleMappingFactory - Using org.maven.ide.eclipse.wtp.WarLifecycleMapping lifecycle mapping for MavenProject: com.example:IH13A06_JV31_08:1.0-SNAPSHOT @ C:\pleiades\2024-12\workspace\IH13A06_JV31_09\pom.xml.
2026-01-15 12:17:35,778 [Worker-9: ビルド] WARN  o.a.m.s.f.DefaultMavenResourcesFiltering - Using platform encoding (UTF-8 actually) to copy filtered resources, i.e. build is platform dependent!
2026-01-15 12:17:35,778 [Worker-9: ビルド] INFO  o.a.m.s.f.DefaultMavenResourcesFiltering - Copying 1 resource from src\main\resources to target\classes
2026-01-15 12:17:35,781 [Worker-9: ビルド] WARN  o.a.m.s.f.DefaultMavenResourcesFiltering - Using platform encoding (UTF-8 actually) to copy filtered resources, i.e. build is platform dependent!
2026-01-15 12:17:35,781 [Worker-9: ビルド] INFO  o.a.m.s.f.DefaultMavenResourcesFiltering - skip non existing resourceDirectory C:\pleiades\2024-12\workspace\IH13A06_JV31_09\src\test\resources
2026-01-15 12:20:14,411 [Worker-5: ビルド] WARN  o.a.m.s.f.DefaultMavenResourcesFiltering - Using platform encoding (UTF-8 actually) to copy filtered resources, i.e. build is platform dependent!
2026-01-15 12:20:14,415 [Worker-5: ビルド] INFO  o.a.m.s.f.DefaultMavenResourcesFiltering - Copying 0 resource from src\main\resources to target\classes
2026-01-15 12:20:14,417 [Worker-5: ビルド] WARN  o.a.m.s.f.DefaultMavenResourcesFiltering - Using platform encoding (UTF-8 actually) to copy filtered resources, i.e. build is platform dependent!
2026-01-15 12:20:14,418 [Worker-5: ビルド] INFO  o.a.m.s.f.DefaultMavenResourcesFiltering - skip non existing resourceDirectory C:\pleiades\2024-12\workspace\IH13A06_JV31_09\src\test\resources
2026-01-15 12:21:04,288 [Worker-2: ビルド] WARN  o.a.m.s.f.DefaultMavenResourcesFiltering - Using platform encoding (UTF-8 actually) to copy filtered resources, i.e. build is platform dependent!
2026-01-15 12:21:04,289 [Worker-2: ビルド] INFO  o.a.m.s.f.DefaultMavenResourcesFiltering - Copying 1 resource from src\main\resources to target\classes
2026-01-15 12:21:04,292 [Worker-2: ビルド] WARN  o.a.m.s.f.DefaultMavenResourcesFiltering - Using platform encoding (UTF-8 actually) to copy filtered resources, i.e. build is platform dependent!
2026-01-15 12:21:04,292 [Worker-2: ビルド] INFO  o.a.m.s.f.DefaultMavenResourcesFiltering - skip non existing resourceDirectory C:\pleiades\2024-12\workspace\IH13A06_JV31_09\src\test\resources
2026-01-15 12:21:16,437 [Worker-12: ビルド] WARN  o.a.m.s.f.DefaultMavenResourcesFiltering - Using platform encoding (UTF-8 actually) to copy filtered resources, i.e. build is platform dependent!
2026-01-15 12:21:16,438 [Worker-12: ビルド] INFO  o.a.m.s.f.DefaultMavenResourcesFiltering - Copying 1 resource from src\main\resources to target\classes
2026-01-15 12:21:16,439 [Worker-12: ビルド] WARN  o.a.m.s.f.DefaultMavenResourcesFiltering - Using platform encoding (UTF-8 actually) to copy filtered resources, i.e. build is platform dependent!
2026-01-15 12:21:16,439 [Worker-12: ビルド] INFO  o.a.m.s.f.DefaultMavenResourcesFiltering - skip non existing resourceDirectory C:\pleiades\2024-12\workspace\IH13A06_JV31_09\src\test\resources
2026-01-15 12:21:21,866 [Worker-1: ビルド] WARN  o.a.m.s.f.DefaultMavenResourcesFiltering - Using platform encoding (UTF-8 actually) to copy filtered resources, i.e. build is platform dependent!
2026-01-15 12:21:21,867 [Worker-1: ビルド] INFO  o.a.m.s.f.DefaultMavenResourcesFiltering - Copying 1 resource from src\main\resources to target\classes
2026-01-15 12:21:21,868 [Worker-1: ビルド] WARN  o.a.m.s.f.DefaultMavenResourcesFiltering - Using platform encoding (UTF-8 actually) to copy filtered resources, i.e. build is platform dependent!
2026-01-15 12:21:21,869 [Worker-1: ビルド] INFO  o.a.m.s.f.DefaultMavenResourcesFiltering - skip non existing resourceDirectory C:\pleiades\2024-12\workspace\IH13A06_JV31_09\src\test\resources
2026-01-15 12:21:39,624 [Worker-2: ビルド] WARN  o.a.m.s.f.DefaultMavenResourcesFiltering - Using platform encoding (UTF-8 actually) to copy filtered resources, i.e. build is platform dependent!
2026-01-15 12:21:39,625 [Worker-2: ビルド] INFO  o.a.m.s.f.DefaultMavenResourcesFiltering - Copying 1 resource from src\main\resources to target\classes
2026-01-15 12:21:39,626 [Worker-2: ビルド] WARN  o.a.m.s.f.DefaultMavenResourcesFiltering - Using platform encoding (UTF-8 actually) to copy filtered resources, i.e. build is platform dependent!
2026-01-15 12:21:39,627 [Worker-2: ビルド] INFO  o.a.m.s.f.DefaultMavenResourcesFiltering - skip non existing resourceDirectory C:\pleiades\2024-12\workspace\IH13A06_JV31_09\src\test\resources
2026-01-15 12:21:50,191 [Worker-12: ビルド] WARN  o.a.m.s.f.DefaultMavenResourcesFiltering - Using platform encoding (UTF-8 actually) to copy filtered resources, i.e. build is platform dependent!
2026-01-15 12:21:50,192 [Worker-12: ビルド] INFO  o.a.m.s.f.DefaultMavenResourcesFiltering - Copying 1 resource from src\main\resources to target\classes
2026-01-15 12:21:50,194 [Worker-12: ビルド] WARN  o.a.m.s.f.DefaultMavenResourcesFiltering - Using platform encoding (UTF-8 actually) to copy filtered resources, i.e. build is platform dependent!
2026-01-15 12:21:50,194 [Worker-12: ビルド] INFO  o.a.m.s.f.DefaultMavenResourcesFiltering - skip non existing resourceDirectory C:\pleiades\2024-12\workspace\IH13A06_JV31_09\src\test\resources
2026-01-15 12:23:24,531 [Worker-5: ビルド] INFO  o.e.m.c.i.l.LifecycleMappingFactory - Using org.maven.ide.eclipse.wtp.WarLifecycleMapping lifecycle mapping for MavenProject: com.example:IH13A06_JV31_08:1.0-SNAPSHOT @ C:\pleiades\2024-12\workspace\IH13A06_JV31_09\pom.xml.
2026-01-15 12:23:24,556 [Worker-5: ビルド] WARN  o.e.m.c.i.embedder.EclipseLogger - The artifact com.itextpdf:itext7-core:pom:8.0.3 has been relocated to com.itextpdf:itext-core:pom:8.0.3
2026-01-15 12:23:24,567 [Worker-5: ビルド] WARN  o.e.m.c.i.embedder.EclipseLogger - The artifact com.itextpdf:itext7-core:pom:8.0.3 has been relocated to com.itextpdf:itext-core:pom:8.0.3
2026-01-15 12:23:24,613 [Worker-5: ビルド] WARN  o.a.m.s.f.DefaultMavenResourcesFiltering - Using platform encoding (UTF-8 actually) to copy filtered resources, i.e. build is platform dependent!
2026-01-15 12:23:24,614 [Worker-5: ビルド] INFO  o.a.m.s.f.DefaultMavenResourcesFiltering - Copying 0 resource from src\main\resources to target\classes
2026-01-15 12:23:24,615 [Worker-5: ビルド] WARN  o.a.m.s.f.DefaultMavenResourcesFiltering - Using platform encoding (UTF-8 actually) to copy filtered resources, i.e. build is platform dependent!
2026-01-15 12:23:24,616 [Worker-5: ビルド] INFO  o.a.m.s.f.DefaultMavenResourcesFiltering - skip non existing resourceDirectory C:\pleiades\2024-12\workspace\IH13A06_JV31_09\src\test\resources
2026-01-15 12:23:24,616 [Worker-5: ビルド] INFO  o.e.m.w.i.f.ResourceFilteringBuildParticipant - Changed resources require a complete clean of filtered resources of IH13A06_JV31_09
2026-01-15 12:23:24,616 [Worker-5: ビルド] INFO  o.e.m.w.i.f.ResourceFilteringBuildParticipant - Executing resource filtering for IH13A06_JV31_09
2026-01-15 12:23:25,788 [Worker-7: ビルド] WARN  o.a.m.s.f.DefaultMavenResourcesFiltering - Using platform encoding (UTF-8 actually) to copy filtered resources, i.e. build is platform dependent!
2026-01-15 12:23:25,789 [Worker-7: ビルド] INFO  o.a.m.s.f.DefaultMavenResourcesFiltering - Copying 1 resource from src\main\resources to target\classes
2026-01-15 12:23:25,791 [Worker-7: ビルド] WARN  o.a.m.s.f.DefaultMavenResourcesFiltering - Using platform encoding (UTF-8 actually) to copy filtered resources, i.e. build is platform dependent!
2026-01-15 12:23:25,791 [Worker-7: ビルド] INFO  o.a.m.s.f.DefaultMavenResourcesFiltering - skip non existing resourceDirectory C:\pleiades\2024-12\workspace\IH13A06_JV31_09\src\test\resources
2026-01-15 12:23:26,052 [Worker-12: ソースおよび Javadoc のダウンロード] INFO  o.e.m.c.i.e.AbstractTransferListenerAdapter - Downloaded https://repo.maven.apache.org/maven2/com/itextpdf/font-asian/8.0.3/font-asian-8.0.3-javadoc.jar
2026-01-15 12:23:26,055 [Worker-12: ソースおよび Javadoc のダウンロード] ERROR o.e.m.j.internal.DownloadSourcesJob - Could not download javadoc for com.itextpdf:font-asian:8.0.3
org.eclipse.core.runtime.CoreException: Could not resolve artifact com.itextpdf:font-asian:jar:javadoc:8.0.3
	at org.eclipse.m2e.core.internal.embedder.MavenImpl.lambda$7(MavenImpl.java:540)
	at org.eclipse.m2e.core.internal.embedder.MavenExecutionContext.executeBare(MavenExecutionContext.java:458)
	at org.eclipse.m2e.core.internal.embedder.MavenExecutionContext.execute(MavenExecutionContext.java:292)
	at org.eclipse.m2e.core.internal.embedder.MavenExecutionContext.execute(MavenExecutionContext.java:278)
	at org.eclipse.m2e.core.internal.embedder.MavenImpl.resolve(MavenImpl.java:509)
	at org.eclipse.m2e.core.internal.embedder.MavenImpl.resolve(MavenImpl.java:494)
	at org.eclipse.m2e.jdt.internal.DownloadSourcesJob.download(DownloadSourcesJob.java:308)
	at org.eclipse.m2e.jdt.internal.DownloadSourcesJob.downloadAttachments(DownloadSourcesJob.java:294)
	at org.eclipse.m2e.jdt.internal.DownloadSourcesJob.downloadMaven(DownloadSourcesJob.java:252)
	at org.eclipse.m2e.jdt.internal.DownloadSourcesJob.downloadFilesAndPopulateToUpdate(DownloadSourcesJob.java:220)
	at org.eclipse.m2e.jdt.internal.DownloadSourcesJob.lambda$0(DownloadSourcesJob.java:149)
	at org.eclipse.m2e.core.internal.embedder.MavenExecutionContext.executeBare(MavenExecutionContext.java:458)
	at org.eclipse.m2e.core.internal.embedder.MavenExecutionContext.execute(MavenExecutionContext.java:339)
	at org.eclipse.m2e.core.internal.embedder.MavenExecutionContext.execute(MavenExecutionContext.java:278)
	at org.eclipse.m2e.core.embedder.IMaven.execute(IMaven.java:300)
	at org.eclipse.m2e.jdt.internal.DownloadSourcesJob.run(DownloadSourcesJob.java:149)
	at org.eclipse.core.internal.jobs.Worker.run(Worker.java:63)
2026-01-15 12:23:26,271 [Worker-12: ソースおよび Javadoc のダウンロード] INFO  o.e.m.c.i.e.AbstractTransferListenerAdapter - Downloaded https://repo.maven.apache.org/maven2/com/itextpdf/hyph/8.0.3/hyph-8.0.3-javadoc.jar
2026-01-15 12:23:26,273 [Worker-12: ソースおよび Javadoc のダウンロード] ERROR o.e.m.j.internal.DownloadSourcesJob - Could not download javadoc for com.itextpdf:hyph:8.0.3
org.eclipse.core.runtime.CoreException: Could not resolve artifact com.itextpdf:hyph:jar:javadoc:8.0.3
	at org.eclipse.m2e.core.internal.embedder.MavenImpl.lambda$7(MavenImpl.java:540)
	at org.eclipse.m2e.core.internal.embedder.MavenExecutionContext.executeBare(MavenExecutionContext.java:458)
	at org.eclipse.m2e.core.internal.embedder.MavenExecutionContext.execute(MavenExecutionContext.java:292)
	at org.eclipse.m2e.core.internal.embedder.MavenExecutionContext.execute(MavenExecutionContext.java:278)
	at org.eclipse.m2e.core.internal.embedder.MavenImpl.resolve(MavenImpl.java:509)
	at org.eclipse.m2e.core.internal.embedder.MavenImpl.resolve(MavenImpl.java:494)
	at org.eclipse.m2e.jdt.internal.DownloadSourcesJob.download(DownloadSourcesJob.java:308)
	at org.eclipse.m2e.jdt.internal.DownloadSourcesJob.downloadAttachments(DownloadSourcesJob.java:294)
	at org.eclipse.m2e.jdt.internal.DownloadSourcesJob.downloadMaven(DownloadSourcesJob.java:252)
	at org.eclipse.m2e.jdt.internal.DownloadSourcesJob.downloadFilesAndPopulateToUpdate(DownloadSourcesJob.java:220)
	at org.eclipse.m2e.jdt.internal.DownloadSourcesJob.lambda$0(DownloadSourcesJob.java:149)
	at org.eclipse.m2e.core.internal.embedder.MavenExecutionContext.executeBare(MavenExecutionContext.java:458)
	at org.eclipse.m2e.core.internal.embedder.MavenExecutionContext.execute(MavenExecutionContext.java:339)
	at org.eclipse.m2e.core.internal.embedder.MavenExecutionContext.execute(MavenExecutionContext.java:278)
	at org.eclipse.m2e.core.embedder.IMaven.execute(IMaven.java:300)
	at org.eclipse.m2e.jdt.internal.DownloadSourcesJob.run(DownloadSourcesJob.java:149)
	at org.eclipse.core.internal.jobs.Worker.run(Worker.java:63)
2026-01-15 12:26:59,099 [Worker-7: ビルド] WARN  o.a.m.s.f.DefaultMavenResourcesFiltering - Using platform encoding (UTF-8 actually) to copy filtered resources, i.e. build is platform dependent!
2026-01-15 12:26:59,101 [Worker-7: ビルド] INFO  o.a.m.s.f.DefaultMavenResourcesFiltering - Copying 0 resource from src\main\resources to target\classes
2026-01-15 12:26:59,102 [Worker-7: ビルド] WARN  o.a.m.s.f.DefaultMavenResourcesFiltering - Using platform encoding (UTF-8 actually) to copy filtered resources, i.e. build is platform dependent!
2026-01-15 12:26:59,102 [Worker-7: ビルド] INFO  o.a.m.s.f.DefaultMavenResourcesFiltering - skip non existing resourceDirectory C:\pleiades\2024-12\workspace\IH13A06_JV31_09\src\test\resources
2026-01-15 12:27:08,113 [Worker-11: ビルド] WARN  o.a.m.s.f.DefaultMavenResourcesFiltering - Using platform encoding (UTF-8 actually) to copy filtered resources, i.e. build is platform dependent!
2026-01-15 12:27:08,113 [Worker-11: ビルド] INFO  o.a.m.s.f.DefaultMavenResourcesFiltering - Copying 1 resource from src\main\resources to target\classes
2026-01-15 12:27:08,116 [Worker-11: ビルド] WARN  o.a.m.s.f.DefaultMavenResourcesFiltering - Using platform encoding (UTF-8 actually) to copy filtered resources, i.e. build is platform dependent!
2026-01-15 12:27:08,116 [Worker-11: ビルド] INFO  o.a.m.s.f.DefaultMavenResourcesFiltering - skip non existing resourceDirectory C:\pleiades\2024-12\workspace\IH13A06_JV31_09\src\test\resources
2026-01-15 12:27:28,619 [Worker-12: ビルド] WARN  o.a.m.s.f.DefaultMavenResourcesFiltering - Using platform encoding (UTF-8 actually) to copy filtered resources, i.e. build is platform dependent!
2026-01-15 12:27:28,620 [Worker-12: ビルド] INFO  o.a.m.s.f.DefaultMavenResourcesFiltering - Copying 1 resource from src\main\resources to target\classes
2026-01-15 12:27:28,623 [Worker-12: ビルド] WARN  o.a.m.s.f.DefaultMavenResourcesFiltering - Using platform encoding (UTF-8 actually) to copy filtered resources, i.e. build is platform dependent!
2026-01-15 12:27:28,623 [Worker-12: ビルド] INFO  o.a.m.s.f.DefaultMavenResourcesFiltering - skip non existing resourceDirectory C:\pleiades\2024-12\workspace\IH13A06_JV31_09\src\test\resources
2026-01-15 12:28:14,819 [Worker-5: ビルド] WARN  o.a.m.s.f.DefaultMavenResourcesFiltering - Using platform encoding (UTF-8 actually) to copy filtered resources, i.e. build is platform dependent!
2026-01-15 12:28:14,820 [Worker-5: ビルド] INFO  o.a.m.s.f.DefaultMavenResourcesFiltering - Copying 1 resource from src\main\resources to target\classes
2026-01-15 12:28:14,822 [Worker-5: ビルド] WARN  o.a.m.s.f.DefaultMavenResourcesFiltering - Using platform encoding (UTF-8 actually) to copy filtered resources, i.e. build is platform dependent!
2026-01-15 12:28:14,822 [Worker-5: ビルド] INFO  o.a.m.s.f.DefaultMavenResourcesFiltering - skip non existing resourceDirectory C:\pleiades\2024-12\workspace\IH13A06_JV31_09\src\test\resources
2026-01-15 12:28:30,176 [Worker-9: ビルド] WARN  o.a.m.s.f.DefaultMavenResourcesFiltering - Using platform encoding (UTF-8 actually) to copy filtered resources, i.e. build is platform dependent!
2026-01-15 12:28:30,177 [Worker-9: ビルド] INFO  o.a.m.s.f.DefaultMavenResourcesFiltering - Copying 1 resource from src\main\resources to target\classes
2026-01-15 12:28:30,179 [Worker-9: ビルド] WARN  o.a.m.s.f.DefaultMavenResourcesFiltering - Using platform encoding (UTF-8 actually) to copy filtered resources, i.e. build is platform dependent!
2026-01-15 12:28:30,179 [Worker-9: ビルド] INFO  o.a.m.s.f.DefaultMavenResourcesFiltering - skip non existing resourceDirectory C:\pleiades\2024-12\workspace\IH13A06_JV31_09\src\test\resources
2026-01-15 12:30:02,589 [Worker-1: ビルド] WARN  o.a.m.s.f.DefaultMavenResourcesFiltering - Using platform encoding (UTF-8 actually) to copy filtered resources, i.e. build is platform dependent!
2026-01-15 12:30:02,589 [Worker-1: ビルド] INFO  o.a.m.s.f.DefaultMavenResourcesFiltering - Copying 1 resource from src\main\resources to target\classes
2026-01-15 12:30:02,591 [Worker-1: ビルド] WARN  o.a.m.s.f.DefaultMavenResourcesFiltering - Using platform encoding (UTF-8 actually) to copy filtered resources, i.e. build is platform dependent!
2026-01-15 12:30:02,591 [Worker-1: ビルド] INFO  o.a.m.s.f.DefaultMavenResourcesFiltering - skip non existing resourceDirectory C:\pleiades\2024-12\workspace\IH13A06_JV31_09\src\test\resources
2026-01-15 12:32:26,237 [Worker-12: ビルド] WARN  o.a.m.s.f.DefaultMavenResourcesFiltering - Using platform encoding (UTF-8 actually) to copy filtered resources, i.e. build is platform dependent!
2026-01-15 12:32:26,238 [Worker-12: ビルド] INFO  o.a.m.s.f.DefaultMavenResourcesFiltering - Copying 1 resource from src\main\resources to target\classes
2026-01-15 12:32:26,240 [Worker-12: ビルド] WARN  o.a.m.s.f.DefaultMavenResourcesFiltering - Using platform encoding (UTF-8 actually) to copy filtered resources, i.e. build is platform dependent!
2026-01-15 12:32:26,240 [Worker-12: ビルド] INFO  o.a.m.s.f.DefaultMavenResourcesFiltering - skip non existing resourceDirectory C:\pleiades\2024-12\workspace\IH13A06_JV31_09\src\test\resources
2026-01-15 12:32:41,025 [Worker-12: ビルド] WARN  o.a.m.s.f.DefaultMavenResourcesFiltering - Using platform encoding (UTF-8 actually) to copy filtered resources, i.e. build is platform dependent!
2026-01-15 12:32:41,025 [Worker-12: ビルド] INFO  o.a.m.s.f.DefaultMavenResourcesFiltering - Copying 1 resource from src\main\resources to target\classes
2026-01-15 12:32:41,027 [Worker-12: ビルド] WARN  o.a.m.s.f.DefaultMavenResourcesFiltering - Using platform encoding (UTF-8 actually) to copy filtered resources, i.e. build is platform dependent!
2026-01-15 12:32:41,027 [Worker-12: ビルド] INFO  o.a.m.s.f.DefaultMavenResourcesFiltering - skip non existing resourceDirectory C:\pleiades\2024-12\workspace\IH13A06_JV31_09\src\test\resources
2026-01-15 12:33:38,416 [Worker-1: ビルド] WARN  o.a.m.s.f.DefaultMavenResourcesFiltering - Using platform encoding (UTF-8 actually) to copy filtered resources, i.e. build is platform dependent!
2026-01-15 12:33:38,417 [Worker-1: ビルド] INFO  o.a.m.s.f.DefaultMavenResourcesFiltering - Copying 1 resource from src\main\resources to target\classes
2026-01-15 12:33:38,418 [Worker-1: ビルド] WARN  o.a.m.s.f.DefaultMavenResourcesFiltering - Using platform encoding (UTF-8 actually) to copy filtered resources, i.e. build is platform dependent!
2026-01-15 12:33:38,419 [Worker-1: ビルド] INFO  o.a.m.s.f.DefaultMavenResourcesFiltering - skip non existing resourceDirectory C:\pleiades\2024-12\workspace\IH13A06_JV31_09\src\test\resources
